duplicate_group,original_sha256,original_path,new_path
1,ae82a8b76ca335e56461bfbd579fdfa05e7f1ecf30e801c0b1c73f75c4ece52a,data/canonical/badcamp.txt,data/processed/badcamp.txt
1,ae82a8b76ca335e56461bfbd579fdfa05e7f1ecf30e801c0b1c73f75c4ece52a,vendor/aqusa-core/input/experiment-badcamp.txt,vendor/aqusa-core/input/experiment-badcamp.txt
2,17251dcb9e9eb280c6019672e4e7af2d38fdcebeb760559251d19d4864b996b2,data/canonical/planningpoker.txt,data/processed/planningpoker.txt
2,17251dcb9e9eb280c6019672e4e7af2d38fdcebeb760559251d19d4864b996b2,vendor/aqusa-core/input/experiment-planningpoker.txt,vendor/aqusa-core/input/experiment-planningpoker.txt
3,d47a3aef7bc0ac8356237f77572260cf3ea7e7ac32c1f688952a6b53345e0d02,data/canonical/zooniverse.txt,data/processed/zooniverse.txt
3,d47a3aef7bc0ac8356237f77572260cf3ea7e7ac32c1f688952a6b53345e0d02,vendor/aqusa-core/input/experiment-zooniverse.txt,vendor/aqusa-core/input/experiment-zooniverse.txt
4,e3b0c44298fc1c149afbf4c8996fb92427ae41e4649b934ca495991b7852b855,results/audit/.gitkeep,docs/provenance/execution_audit/.gitkeep
4,e3b0c44298fc1c149afbf4c8996fb92427ae41e4649b934ca495991b7852b855,results/metrics/.gitkeep,results/rq1/metrics/.gitkeep
4,e3b0c44298fc1c149afbf4c8996fb92427ae41e4649b934ca495991b7852b855,results/normalized/.gitkeep,outputs/parsed/normalized/.gitkeep
4,e3b0c44298fc1c149afbf4c8996fb92427ae41e4649b934ca495991b7852b855,results/previous_single_prompt/metrics/.gitkeep,results/archive/previous_single_prompt/metrics/.gitkeep
4,e3b0c44298fc1c149afbf4c8996fb92427ae41e4649b934ca495991b7852b855,results/previous_single_prompt/normalized/.gitkeep,outputs/parsed/archive/previous_single_prompt/normalized/.gitkeep
4,e3b0c44298fc1c149afbf4c8996fb92427ae41e4649b934ca495991b7852b855,results/raw/.gitkeep,outputs/raw/.gitkeep
4,e3b0c44298fc1c149afbf4c8996fb92427ae41e4649b934ca495991b7852b855,results/tables/.gitkeep,results/rq1/tables/.gitkeep
5,136a6c1f96c0b054a3368425ff6baa136f7ac99af244a741c28769f68b77d61f,results/metrics/aqusa_supported5_by_run.csv,results/rq1/metrics/aqusa_supported5_by_run.csv
5,136a6c1f96c0b054a3368425ff6baa136f7ac99af244a741c28769f68b77d61f,results/tables/08_aqusa_supported5_by_prompt_model_project_run.csv,results/rq1/tables/08_aqusa_supported5_by_prompt_model_project_run.csv
6,45877443f64fa5ca5db4c68d10b573f572fea66a1be8119130d6299be08bc95a,results/metrics/majority_vote_metrics.csv,results/rq3/metrics/majority_vote_metrics.csv
6,45877443f64fa5ca5db4c68d10b573f572fea66a1be8119130d6299be08bc95a,results/tables/06_majority_vote_by_prompt_model_project.csv,results/rq3/tables/06_majority_vote_by_prompt_model_project.csv
7,228972c38bdcd0377bddde114d878c5dba147b80391f2086ed50e1bfa5a6c653,results/metrics/variability.csv,results/rq3/metrics/variability.csv
7,228972c38bdcd0377bddde114d878c5dba147b80391f2086ed50e1bfa5a6c653,results/tables/07_variability_raw_by_prompt_model_criterion_project.csv,results/rq3/tables/07_variability_raw_by_prompt_model_criterion_project.csv
8,dccf36b8fe56909a74d779734448695232771f31c25ea8e66de0c146651384f1,results/normalized/aqusa_predictions.csv,outputs/parsed/normalized/aqusa_predictions.csv
8,dccf36b8fe56909a74d779734448695232771f31c25ea8e66de0c146651384f1,results/previous_single_prompt/normalized/aqusa_predictions.csv,outputs/parsed/archive/previous_single_prompt/normalized/aqusa_predictions.csv
9,1f8309f1dcbb40f171813057f2bcf4218b9d12f6ec6eebc417a12aaf6f0353c5,results/previous_single_prompt/raw/DeepSeek-V4-Pro/BADCamp/run_01/atomic.request.json,outputs/raw/archive/previous_single_prompt/DeepSeek-V4-Pro/BADCamp/run_01/atomic.request.json
9,1f8309f1dcbb40f171813057f2bcf4218b9d12f6ec6eebc417a12aaf6f0353c5,results/previous_single_prompt/raw/DeepSeek-V4-Pro/BADCamp/run_02/atomic.request.json,outputs/raw/archive/previous_single_prompt/DeepSeek-V4-Pro/BADCamp/run_02/atomic.request.json
9,1f8309f1dcbb40f171813057f2bcf4218b9d12f6ec6eebc417a12aaf6f0353c5,results/previous_single_prompt/raw/DeepSeek-V4-Pro/BADCamp/run_03/atomic.request.json,outputs/raw/archive/previous_single_prompt/DeepSeek-V4-Pro/BADCamp/run_03/atomic.request.json
9,1f8309f1dcbb40f171813057f2bcf4218b9d12f6ec6eebc417a12aaf6f0353c5,results/previous_single_prompt/raw/DeepSeek-V4-Pro/BADCamp/run_04/atomic.request.json,outputs/raw/archive/previous_single_prompt/DeepSeek-V4-Pro/BADCamp/run_04/atomic.request.json
9,1f8309f1dcbb40f171813057f2bcf4218b9d12f6ec6eebc417a12aaf6f0353c5,results/previous_single_prompt/raw/DeepSeek-V4-Pro/BADCamp/run_05/atomic.request.json,outputs/raw/archive/previous_single_prompt/DeepSeek-V4-Pro/BADCamp/run_05/atomic.request.json
10,6e6148334e296f6921c7faadebf1c198a6c0568faa6da88122e402432d5a31b9,results/previous_single_prompt/raw/DeepSeek-V4-Pro/BADCamp/run_01/complete.request.json,outputs/raw/archive/previous_single_prompt/DeepSeek-V4-Pro/BADCamp/run_01/complete.request.json
10,6e6148334e296f6921c7faadebf1c198a6c0568faa6da88122e402432d5a31b9,results/previous_single_prompt/raw/DeepSeek-V4-Pro/BADCamp/run_02/complete.request.json,outputs/raw/archive/previous_single_prompt/DeepSeek-V4-Pro/BADCamp/run_02/complete.request.json
10,6e6148334e296f6921c7faadebf1c198a6c0568faa6da88122e402432d5a31b9,results/previous_single_prompt/raw/DeepSeek-V4-Pro/BADCamp/run_03/complete.request.json,outputs/raw/archive/previous_single_prompt/DeepSeek-V4-Pro/BADCamp/run_03/complete.request.json
10,6e6148334e296f6921c7faadebf1c198a6c0568faa6da88122e402432d5a31b9,results/previous_single_prompt/raw/DeepSeek-V4-Pro/BADCamp/run_04/complete.request.json,outputs/raw/archive/previous_single_prompt/DeepSeek-V4-Pro/BADCamp/run_04/complete.request.json
10,6e6148334e296f6921c7faadebf1c198a6c0568faa6da88122e402432d5a31b9,results/previous_single_prompt/raw/DeepSeek-V4-Pro/BADCamp/run_05/complete.request.json,outputs/raw/archive/previous_single_prompt/DeepSeek-V4-Pro/BADCamp/run_05/complete.request.json
11,2c7fe1608e584f1ee306523fb25a2b30c22a3b48883b967fe1a1c37823cfd4bb,results/previous_single_prompt/raw/DeepSeek-V4-Pro/BADCamp/run_01/conceptually_sound.request.json,outputs/raw/archive/previous_single_prompt/DeepSeek-V4-Pro/BADCamp/run_01/conceptually_sound.request.json
11,2c7fe1608e584f1ee306523fb25a2b30c22a3b48883b967fe1a1c37823cfd4bb,results/previous_single_prompt/raw/DeepSeek-V4-Pro/BADCamp/run_02/conceptually_sound.request.json,outputs/raw/archive/previous_single_prompt/DeepSeek-V4-Pro/BADCamp/run_02/conceptually_sound.request.json
11,2c7fe1608e584f1ee306523fb25a2b30c22a3b48883b967fe1a1c37823cfd4bb,results/previous_single_prompt/raw/DeepSeek-V4-Pro/BADCamp/run_03/conceptually_sound.request.json,outputs/raw/archive/previous_single_prompt/DeepSeek-V4-Pro/BADCamp/run_03/conceptually_sound.request.json
11,2c7fe1608e584f1ee306523fb25a2b30c22a3b48883b967fe1a1c37823cfd4bb,results/previous_single_prompt/raw/DeepSeek-V4-Pro/BADCamp/run_04/conceptually_sound.request.json,outputs/raw/archive/previous_single_prompt/DeepSeek-V4-Pro/BADCamp/run_04/conceptually_sound.request.json
11,2c7fe1608e584f1ee306523fb25a2b30c22a3b48883b967fe1a1c37823cfd4bb,results/previous_single_prompt/raw/DeepSeek-V4-Pro/BADCamp/run_05/conceptually_sound.request.json,outputs/raw/archive/previous_single_prompt/DeepSeek-V4-Pro/BADCamp/run_05/conceptually_sound.request.json
12,8f6d726b35bef3259768e0eaa61bc777b88e3edbe2b4edd49ecc0c561dad77ae,results/previous_single_prompt/raw/DeepSeek-V4-Pro/BADCamp/run_01/conflict_free.request.json,outputs/raw/archive/previous_single_prompt/DeepSeek-V4-Pro/BADCamp/run_01/conflict_free.request.json
12,8f6d726b35bef3259768e0eaa61bc777b88e3edbe2b4edd49ecc0c561dad77ae,results/previous_single_prompt/raw/DeepSeek-V4-Pro/BADCamp/run_02/conflict_free.request.json,outputs/raw/archive/previous_single_prompt/DeepSeek-V4-Pro/BADCamp/run_02/conflict_free.request.json
12,8f6d726b35bef3259768e0eaa61bc777b88e3edbe2b4edd49ecc0c561dad77ae,results/previous_single_prompt/raw/DeepSeek-V4-Pro/BADCamp/run_03/conflict_free.request.json,outputs/raw/archive/previous_single_prompt/DeepSeek-V4-Pro/BADCamp/run_03/conflict_free.request.json
12,8f6d726b35bef3259768e0eaa61bc777b88e3edbe2b4edd49ecc0c561dad77ae,results/previous_single_prompt/raw/DeepSeek-V4-Pro/BADCamp/run_04/conflict_free.request.json,outputs/raw/archive/previous_single_prompt/DeepSeek-V4-Pro/BADCamp/run_04/conflict_free.request.json
12,8f6d726b35bef3259768e0eaa61bc777b88e3edbe2b4edd49ecc0c561dad77ae,results/previous_single_prompt/raw/DeepSeek-V4-Pro/BADCamp/run_05/conflict_free.request.json,outputs/raw/archive/previous_single_prompt/DeepSeek-V4-Pro/BADCamp/run_05/conflict_free.request.json
13,c422377ce620f0b9b8c743c1cd8104ad736e7d0a2527c593284b21e8b4a51eb0,results/previous_single_prompt/raw/DeepSeek-V4-Pro/BADCamp/run_01/estimatable.request.json,outputs/raw/archive/previous_single_prompt/DeepSeek-V4-Pro/BADCamp/run_01/estimatable.request.json
13,c422377ce620f0b9b8c743c1cd8104ad736e7d0a2527c593284b21e8b4a51eb0,results/previous_single_prompt/raw/DeepSeek-V4-Pro/BADCamp/run_02/estimatable.request.json,outputs/raw/archive/previous_single_prompt/DeepSeek-V4-Pro/BADCamp/run_02/estimatable.request.json
13,c422377ce620f0b9b8c743c1cd8104ad736e7d0a2527c593284b21e8b4a51eb0,results/previous_single_prompt/raw/DeepSeek-V4-Pro/BADCamp/run_03/estimatable.request.json,outputs/raw/archive/previous_single_prompt/DeepSeek-V4-Pro/BADCamp/run_03/estimatable.request.json
13,c422377ce620f0b9b8c743c1cd8104ad736e7d0a2527c593284b21e8b4a51eb0,results/previous_single_prompt/raw/DeepSeek-V4-Pro/BADCamp/run_04/estimatable.request.json,outputs/raw/archive/previous_single_prompt/DeepSeek-V4-Pro/BADCamp/run_04/estimatable.request.json
13,c422377ce620f0b9b8c743c1cd8104ad736e7d0a2527c593284b21e8b4a51eb0,results/previous_single_prompt/raw/DeepSeek-V4-Pro/BADCamp/run_05/estimatable.request.json,outputs/raw/archive/previous_single_prompt/DeepSeek-V4-Pro/BADCamp/run_05/estimatable.request.json
14,686c048943a2de5a89407b4e212551865bd376f6110ec0e7cb0b89037deaa50b,results/previous_single_prompt/raw/DeepSeek-V4-Pro/BADCamp/run_01/full_sentence.request.json,outputs/raw/archive/previous_single_prompt/DeepSeek-V4-Pro/BADCamp/run_01/full_sentence.request.json
14,686c048943a2de5a89407b4e212551865bd376f6110ec0e7cb0b89037deaa50b,results/previous_single_prompt/raw/DeepSeek-V4-Pro/BADCamp/run_02/full_sentence.request.json,outputs/raw/archive/previous_single_prompt/DeepSeek-V4-Pro/BADCamp/run_02/full_sentence.request.json
14,686c048943a2de5a89407b4e212551865bd376f6110ec0e7cb0b89037deaa50b,results/previous_single_prompt/raw/DeepSeek-V4-Pro/BADCamp/run_03/full_sentence.request.json,outputs/raw/archive/previous_single_prompt/DeepSeek-V4-Pro/BADCamp/run_03/full_sentence.request.json
14,686c048943a2de5a89407b4e212551865bd376f6110ec0e7cb0b89037deaa50b,results/previous_single_prompt/raw/DeepSeek-V4-Pro/BADCamp/run_04/full_sentence.request.json,outputs/raw/archive/previous_single_prompt/DeepSeek-V4-Pro/BADCamp/run_04/full_sentence.request.json
14,686c048943a2de5a89407b4e212551865bd376f6110ec0e7cb0b89037deaa50b,results/previous_single_prompt/raw/DeepSeek-V4-Pro/BADCamp/run_05/full_sentence.request.json,outputs/raw/archive/previous_single_prompt/DeepSeek-V4-Pro/BADCamp/run_05/full_sentence.request.json
15,39f63eb027f8574bb523eeb53627ae94f2f0241c8b149fa9454251eb4eb10fc2,results/previous_single_prompt/raw/DeepSeek-V4-Pro/BADCamp/run_01/independent.request.json,outputs/raw/archive/previous_single_prompt/DeepSeek-V4-Pro/BADCamp/run_01/independent.request.json
15,39f63eb027f8574bb523eeb53627ae94f2f0241c8b149fa9454251eb4eb10fc2,results/previous_single_prompt/raw/DeepSeek-V4-Pro/BADCamp/run_02/independent.request.json,outputs/raw/archive/previous_single_prompt/DeepSeek-V4-Pro/BADCamp/run_02/independent.request.json
15,39f63eb027f8574bb523eeb53627ae94f2f0241c8b149fa9454251eb4eb10fc2,results/previous_single_prompt/raw/DeepSeek-V4-Pro/BADCamp/run_03/independent.request.json,outputs/raw/archive/previous_single_prompt/DeepSeek-V4-Pro/BADCamp/run_03/independent.request.json
15,39f63eb027f8574bb523eeb53627ae94f2f0241c8b149fa9454251eb4eb10fc2,results/previous_single_prompt/raw/DeepSeek-V4-Pro/BADCamp/run_04/independent.request.json,outputs/raw/archive/previous_single_prompt/DeepSeek-V4-Pro/BADCamp/run_04/independent.request.json
15,39f63eb027f8574bb523eeb53627ae94f2f0241c8b149fa9454251eb4eb10fc2,results/previous_single_prompt/raw/DeepSeek-V4-Pro/BADCamp/run_05/independent.request.json,outputs/raw/archive/previous_single_prompt/DeepSeek-V4-Pro/BADCamp/run_05/independent.request.json
16,8b9ac97fe81be6722c01c38bafae90dbb12eaee53189cc041523ba16b2fc4368,results/previous_single_prompt/raw/DeepSeek-V4-Pro/BADCamp/run_01/minimal.request.json,outputs/raw/archive/previous_single_prompt/DeepSeek-V4-Pro/BADCamp/run_01/minimal.request.json
16,8b9ac97fe81be6722c01c38bafae90dbb12eaee53189cc041523ba16b2fc4368,results/previous_single_prompt/raw/DeepSeek-V4-Pro/BADCamp/run_02/minimal.request.json,outputs/raw/archive/previous_single_prompt/DeepSeek-V4-Pro/BADCamp/run_02/minimal.request.json
16,8b9ac97fe81be6722c01c38bafae90dbb12eaee53189cc041523ba16b2fc4368,results/previous_single_prompt/raw/DeepSeek-V4-Pro/BADCamp/run_03/minimal.request.json,outputs/raw/archive/previous_single_prompt/DeepSeek-V4-Pro/BADCamp/run_03/minimal.request.json
16,8b9ac97fe81be6722c01c38bafae90dbb12eaee53189cc041523ba16b2fc4368,results/previous_single_prompt/raw/DeepSeek-V4-Pro/BADCamp/run_04/minimal.request.json,outputs/raw/archive/previous_single_prompt/DeepSeek-V4-Pro/BADCamp/run_04/minimal.request.json
16,8b9ac97fe81be6722c01c38bafae90dbb12eaee53189cc041523ba16b2fc4368,results/previous_single_prompt/raw/DeepSeek-V4-Pro/BADCamp/run_05/minimal.request.json,outputs/raw/archive/previous_single_prompt/DeepSeek-V4-Pro/BADCamp/run_05/minimal.request.json
17,0cf061252ed52f6b34606bb1b41c16ff9c5140cb9678dc38dcdee39c24536673,results/previous_single_prompt/raw/DeepSeek-V4-Pro/BADCamp/run_01/problem_oriented.request.json,outputs/raw/archive/previous_single_prompt/DeepSeek-V4-Pro/BADCamp/run_01/problem_oriented.request.json
17,0cf061252ed52f6b34606bb1b41c16ff9c5140cb9678dc38dcdee39c24536673,results/previous_single_prompt/raw/DeepSeek-V4-Pro/BADCamp/run_02/problem_oriented.request.json,outputs/raw/archive/previous_single_prompt/DeepSeek-V4-Pro/BADCamp/run_02/problem_oriented.request.json
17,0cf061252ed52f6b34606bb1b41c16ff9c5140cb9678dc38dcdee39c24536673,results/previous_single_prompt/raw/DeepSeek-V4-Pro/BADCamp/run_03/problem_oriented.request.json,outputs/raw/archive/previous_single_prompt/DeepSeek-V4-Pro/BADCamp/run_03/problem_oriented.request.json
17,0cf061252ed52f6b34606bb1b41c16ff9c5140cb9678dc38dcdee39c24536673,results/previous_single_prompt/raw/DeepSeek-V4-Pro/BADCamp/run_04/problem_oriented.request.json,outputs/raw/archive/previous_single_prompt/DeepSeek-V4-Pro/BADCamp/run_04/problem_oriented.request.json
17,0cf061252ed52f6b34606bb1b41c16ff9c5140cb9678dc38dcdee39c24536673,results/previous_single_prompt/raw/DeepSeek-V4-Pro/BADCamp/run_05/problem_oriented.request.json,outputs/raw/archive/previous_single_prompt/DeepSeek-V4-Pro/BADCamp/run_05/problem_oriented.request.json
18,a3246b1f27dd72753eaf7b6e7287610eb7b3b4493c78de358a8ce8b216701001,results/previous_single_prompt/raw/DeepSeek-V4-Pro/BADCamp/run_01/unambiguous.request.json,outputs/raw/archive/previous_single_prompt/DeepSeek-V4-Pro/BADCamp/run_01/unambiguous.request.json
18,a3246b1f27dd72753eaf7b6e7287610eb7b3b4493c78de358a8ce8b216701001,results/previous_single_prompt/raw/DeepSeek-V4-Pro/BADCamp/run_02/unambiguous.request.json,outputs/raw/archive/previous_single_prompt/DeepSeek-V4-Pro/BADCamp/run_02/unambiguous.request.json
18,a3246b1f27dd72753eaf7b6e7287610eb7b3b4493c78de358a8ce8b216701001,results/previous_single_prompt/raw/DeepSeek-V4-Pro/BADCamp/run_03/unambiguous.request.json,outputs/raw/archive/previous_single_prompt/DeepSeek-V4-Pro/BADCamp/run_03/unambiguous.request.json
18,a3246b1f27dd72753eaf7b6e7287610eb7b3b4493c78de358a8ce8b216701001,results/previous_single_prompt/raw/DeepSeek-V4-Pro/BADCamp/run_04/unambiguous.request.json,outputs/raw/archive/previous_single_prompt/DeepSeek-V4-Pro/BADCamp/run_04/unambiguous.request.json
18,a3246b1f27dd72753eaf7b6e7287610eb7b3b4493c78de358a8ce8b216701001,results/previous_single_prompt/raw/DeepSeek-V4-Pro/BADCamp/run_05/unambiguous.request.json,outputs/raw/archive/previous_single_prompt/DeepSeek-V4-Pro/BADCamp/run_05/unambiguous.request.json
19,507fe65a9e502f78e702e6b336681a0d74f9b48dba9f3c36b8b811dba4ef2cdf,results/previous_single_prompt/raw/DeepSeek-V4-Pro/BADCamp/run_01/uniform.request.json,outputs/raw/archive/previous_single_prompt/DeepSeek-V4-Pro/BADCamp/run_01/uniform.request.json
19,507fe65a9e502f78e702e6b336681a0d74f9b48dba9f3c36b8b811dba4ef2cdf,results/previous_single_prompt/raw/DeepSeek-V4-Pro/BADCamp/run_02/uniform.request.json,outputs/raw/archive/previous_single_prompt/DeepSeek-V4-Pro/BADCamp/run_02/uniform.request.json
19,507fe65a9e502f78e702e6b336681a0d74f9b48dba9f3c36b8b811dba4ef2cdf,results/previous_single_prompt/raw/DeepSeek-V4-Pro/BADCamp/run_03/uniform.request.json,outputs/raw/archive/previous_single_prompt/DeepSeek-V4-Pro/BADCamp/run_03/uniform.request.json
19,507fe65a9e502f78e702e6b336681a0d74f9b48dba9f3c36b8b811dba4ef2cdf,results/previous_single_prompt/raw/DeepSeek-V4-Pro/BADCamp/run_04/uniform.request.json,outputs/raw/archive/previous_single_prompt/DeepSeek-V4-Pro/BADCamp/run_04/uniform.request.json
19,507fe65a9e502f78e702e6b336681a0d74f9b48dba9f3c36b8b811dba4ef2cdf,results/previous_single_prompt/raw/DeepSeek-V4-Pro/BADCamp/run_05/uniform.request.json,outputs/raw/archive/previous_single_prompt/DeepSeek-V4-Pro/BADCamp/run_05/uniform.request.json
20,d4dd5f927b1d2d69458f051b6d45eac15bb68bd51f9101b6f4e38ee7cd67a2c3,results/previous_single_prompt/raw/DeepSeek-V4-Pro/BADCamp/run_01/unique.request.json,outputs/raw/archive/previous_single_prompt/DeepSeek-V4-Pro/BADCamp/run_01/unique.request.json
20,d4dd5f927b1d2d69458f051b6d45eac15bb68bd51f9101b6f4e38ee7cd67a2c3,results/previous_single_prompt/raw/DeepSeek-V4-Pro/BADCamp/run_02/unique.request.json,outputs/raw/archive/previous_single_prompt/DeepSeek-V4-Pro/BADCamp/run_02/unique.request.json
20,d4dd5f927b1d2d69458f051b6d45eac15bb68bd51f9101b6f4e38ee7cd67a2c3,results/previous_single_prompt/raw/DeepSeek-V4-Pro/BADCamp/run_03/unique.request.json,outputs/raw/archive/previous_single_prompt/DeepSeek-V4-Pro/BADCamp/run_03/unique.request.json
20,d4dd5f927b1d2d69458f051b6d45eac15bb68bd51f9101b6f4e38ee7cd67a2c3,results/previous_single_prompt/raw/DeepSeek-V4-Pro/BADCamp/run_04/unique.request.json,outputs/raw/archive/previous_single_prompt/DeepSeek-V4-Pro/BADCamp/run_04/unique.request.json
20,d4dd5f927b1d2d69458f051b6d45eac15bb68bd51f9101b6f4e38ee7cd67a2c3,results/previous_single_prompt/raw/DeepSeek-V4-Pro/BADCamp/run_05/unique.request.json,outputs/raw/archive/previous_single_prompt/DeepSeek-V4-Pro/BADCamp/run_05/unique.request.json
21,012ae2781c16cb8bca236ca27e28ab0379fd8caf3a5b48ff73e284fc789564f5,results/previous_single_prompt/raw/DeepSeek-V4-Pro/BADCamp/run_01/well_formed.request.json,outputs/raw/archive/previous_single_prompt/DeepSeek-V4-Pro/BADCamp/run_01/well_formed.request.json
21,012ae2781c16cb8bca236ca27e28ab0379fd8caf3a5b48ff73e284fc789564f5,results/previous_single_prompt/raw/DeepSeek-V4-Pro/BADCamp/run_02/well_formed.request.json,outputs/raw/archive/previous_single_prompt/DeepSeek-V4-Pro/BADCamp/run_02/well_formed.request.json
21,012ae2781c16cb8bca236ca27e28ab0379fd8caf3a5b48ff73e284fc789564f5,results/previous_single_prompt/raw/DeepSeek-V4-Pro/BADCamp/run_03/well_formed.request.json,outputs/raw/archive/previous_single_prompt/DeepSeek-V4-Pro/BADCamp/run_03/well_formed.request.json
21,012ae2781c16cb8bca236ca27e28ab0379fd8caf3a5b48ff73e284fc789564f5,results/previous_single_prompt/raw/DeepSeek-V4-Pro/BADCamp/run_04/well_formed.request.json,outputs/raw/archive/previous_single_prompt/DeepSeek-V4-Pro/BADCamp/run_04/well_formed.request.json
21,012ae2781c16cb8bca236ca27e28ab0379fd8caf3a5b48ff73e284fc789564f5,results/previous_single_prompt/raw/DeepSeek-V4-Pro/BADCamp/run_05/well_formed.request.json,outputs/raw/archive/previous_single_prompt/DeepSeek-V4-Pro/BADCamp/run_05/well_formed.request.json
22,9e7f691cedad95db9df077fec10527052555ba18b58d1d19ae57a3d392fb7098,results/previous_single_prompt/raw/DeepSeek-V4-Pro/PlanningPoker/run_01/atomic.request.json,outputs/raw/archive/previous_single_prompt/DeepSeek-V4-Pro/PlanningPoker/run_01/atomic.request.json
22,9e7f691cedad95db9df077fec10527052555ba18b58d1d19ae57a3d392fb7098,results/previous_single_prompt/raw/DeepSeek-V4-Pro/PlanningPoker/run_02/atomic.request.json,outputs/raw/archive/previous_single_prompt/DeepSeek-V4-Pro/PlanningPoker/run_02/atomic.request.json
22,9e7f691cedad95db9df077fec10527052555ba18b58d1d19ae57a3d392fb7098,results/previous_single_prompt/raw/DeepSeek-V4-Pro/PlanningPoker/run_03/atomic.request.json,outputs/raw/archive/previous_single_prompt/DeepSeek-V4-Pro/PlanningPoker/run_03/atomic.request.json
22,9e7f691cedad95db9df077fec10527052555ba18b58d1d19ae57a3d392fb7098,results/previous_single_prompt/raw/DeepSeek-V4-Pro/PlanningPoker/run_04/atomic.request.json,outputs/raw/archive/previous_single_prompt/DeepSeek-V4-Pro/PlanningPoker/run_04/atomic.request.json
22,9e7f691cedad95db9df077fec10527052555ba18b58d1d19ae57a3d392fb7098,results/previous_single_prompt/raw/DeepSeek-V4-Pro/PlanningPoker/run_05/atomic.request.json,outputs/raw/archive/previous_single_prompt/DeepSeek-V4-Pro/PlanningPoker/run_05/atomic.request.json
23,149c9d7b6e03ba5391b4b5dc088af49c6c8915a368fa7eb0970b33d2d889d19f,results/previous_single_prompt/raw/DeepSeek-V4-Pro/PlanningPoker/run_01/complete.request.json,outputs/raw/archive/previous_single_prompt/DeepSeek-V4-Pro/PlanningPoker/run_01/complete.request.json
23,149c9d7b6e03ba5391b4b5dc088af49c6c8915a368fa7eb0970b33d2d889d19f,results/previous_single_prompt/raw/DeepSeek-V4-Pro/PlanningPoker/run_02/complete.request.json,outputs/raw/archive/previous_single_prompt/DeepSeek-V4-Pro/PlanningPoker/run_02/complete.request.json
23,149c9d7b6e03ba5391b4b5dc088af49c6c8915a368fa7eb0970b33d2d889d19f,results/previous_single_prompt/raw/DeepSeek-V4-Pro/PlanningPoker/run_03/complete.request.json,outputs/raw/archive/previous_single_prompt/DeepSeek-V4-Pro/PlanningPoker/run_03/complete.request.json
23,149c9d7b6e03ba5391b4b5dc088af49c6c8915a368fa7eb0970b33d2d889d19f,results/previous_single_prompt/raw/DeepSeek-V4-Pro/PlanningPoker/run_04/complete.request.json,outputs/raw/archive/previous_single_prompt/DeepSeek-V4-Pro/PlanningPoker/run_04/complete.request.json
23,149c9d7b6e03ba5391b4b5dc088af49c6c8915a368fa7eb0970b33d2d889d19f,results/previous_single_prompt/raw/DeepSeek-V4-Pro/PlanningPoker/run_05/complete.request.json,outputs/raw/archive/previous_single_prompt/DeepSeek-V4-Pro/PlanningPoker/run_05/complete.request.json
24,d9e0aeb3280f1665983262d184ebd553e2581a616cce89f4536c50f3ccfc4c6b,results/previous_single_prompt/raw/DeepSeek-V4-Pro/PlanningPoker/run_01/conceptually_sound.request.json,outputs/raw/archive/previous_single_prompt/DeepSeek-V4-Pro/PlanningPoker/run_01/conceptually_sound.request.json
24,d9e0aeb3280f1665983262d184ebd553e2581a616cce89f4536c50f3ccfc4c6b,results/previous_single_prompt/raw/DeepSeek-V4-Pro/PlanningPoker/run_02/conceptually_sound.request.json,outputs/raw/archive/previous_single_prompt/DeepSeek-V4-Pro/PlanningPoker/run_02/conceptually_sound.request.json
24,d9e0aeb3280f1665983262d184ebd553e2581a616cce89f4536c50f3ccfc4c6b,results/previous_single_prompt/raw/DeepSeek-V4-Pro/PlanningPoker/run_03/conceptually_sound.request.json,outputs/raw/archive/previous_single_prompt/DeepSeek-V4-Pro/PlanningPoker/run_03/conceptually_sound.request.json
24,d9e0aeb3280f1665983262d184ebd553e2581a616cce89f4536c50f3ccfc4c6b,results/previous_single_prompt/raw/DeepSeek-V4-Pro/PlanningPoker/run_04/conceptually_sound.request.json,outputs/raw/archive/previous_single_prompt/DeepSeek-V4-Pro/PlanningPoker/run_04/conceptually_sound.request.json
24,d9e0aeb3280f1665983262d184ebd553e2581a616cce89f4536c50f3ccfc4c6b,results/previous_single_prompt/raw/DeepSeek-V4-Pro/PlanningPoker/run_05/conceptually_sound.request.json,outputs/raw/archive/previous_single_prompt/DeepSeek-V4-Pro/PlanningPoker/run_05/conceptually_sound.request.json
25,764cb3904440c133103c9f4a8f7166a39de7a3b399fb72a11c13184582b3f06c,results/previous_single_prompt/raw/DeepSeek-V4-Pro/PlanningPoker/run_01/conflict_free.request.json,outputs/raw/archive/previous_single_prompt/DeepSeek-V4-Pro/PlanningPoker/run_01/conflict_free.request.json
25,764cb3904440c133103c9f4a8f7166a39de7a3b399fb72a11c13184582b3f06c,results/previous_single_prompt/raw/DeepSeek-V4-Pro/PlanningPoker/run_02/conflict_free.request.json,outputs/raw/archive/previous_single_prompt/DeepSeek-V4-Pro/PlanningPoker/run_02/conflict_free.request.json
25,764cb3904440c133103c9f4a8f7166a39de7a3b399fb72a11c13184582b3f06c,results/previous_single_prompt/raw/DeepSeek-V4-Pro/PlanningPoker/run_03/conflict_free.request.json,outputs/raw/archive/previous_single_prompt/DeepSeek-V4-Pro/PlanningPoker/run_03/conflict_free.request.json
25,764cb3904440c133103c9f4a8f7166a39de7a3b399fb72a11c13184582b3f06c,results/previous_single_prompt/raw/DeepSeek-V4-Pro/PlanningPoker/run_04/conflict_free.request.json,outputs/raw/archive/previous_single_prompt/DeepSeek-V4-Pro/PlanningPoker/run_04/conflict_free.request.json
25,764cb3904440c133103c9f4a8f7166a39de7a3b399fb72a11c13184582b3f06c,results/previous_single_prompt/raw/DeepSeek-V4-Pro/PlanningPoker/run_05/conflict_free.request.json,outputs/raw/archive/previous_single_prompt/DeepSeek-V4-Pro/PlanningPoker/run_05/conflict_free.request.json
26,5bd9361b3e310436e72ed371487b1fd28c29288a777410d7fd15e9512160a447,results/previous_single_prompt/raw/DeepSeek-V4-Pro/PlanningPoker/run_01/estimatable.request.json,outputs/raw/archive/previous_single_prompt/DeepSeek-V4-Pro/PlanningPoker/run_01/estimatable.request.json
26,5bd9361b3e310436e72ed371487b1fd28c29288a777410d7fd15e9512160a447,results/previous_single_prompt/raw/DeepSeek-V4-Pro/PlanningPoker/run_02/estimatable.request.json,outputs/raw/archive/previous_single_prompt/DeepSeek-V4-Pro/PlanningPoker/run_02/estimatable.request.json
26,5bd9361b3e310436e72ed371487b1fd28c29288a777410d7fd15e9512160a447,results/previous_single_prompt/raw/DeepSeek-V4-Pro/PlanningPoker/run_03/estimatable.request.json,outputs/raw/archive/previous_single_prompt/DeepSeek-V4-Pro/PlanningPoker/run_03/estimatable.request.json
26,5bd9361b3e310436e72ed371487b1fd28c29288a777410d7fd15e9512160a447,results/previous_single_prompt/raw/DeepSeek-V4-Pro/PlanningPoker/run_04/estimatable.request.json,outputs/raw/archive/previous_single_prompt/DeepSeek-V4-Pro/PlanningPoker/run_04/estimatable.request.json
26,5bd9361b3e310436e72ed371487b1fd28c29288a777410d7fd15e9512160a447,results/previous_single_prompt/raw/DeepSeek-V4-Pro/PlanningPoker/run_05/estimatable.request.json,outputs/raw/archive/previous_single_prompt/DeepSeek-V4-Pro/PlanningPoker/run_05/estimatable.request.json
27,fbb750ec338413f8f805807b9186e27a7bff3c67b87af15b5ebdd5413da1e186,results/previous_single_prompt/raw/DeepSeek-V4-Pro/PlanningPoker/run_01/full_sentence.request.json,outputs/raw/archive/previous_single_prompt/DeepSeek-V4-Pro/PlanningPoker/run_01/full_sentence.request.json
27,fbb750ec338413f8f805807b9186e27a7bff3c67b87af15b5ebdd5413da1e186,results/previous_single_prompt/raw/DeepSeek-V4-Pro/PlanningPoker/run_02/full_sentence.request.json,outputs/raw/archive/previous_single_prompt/DeepSeek-V4-Pro/PlanningPoker/run_02/full_sentence.request.json
27,fbb750ec338413f8f805807b9186e27a7bff3c67b87af15b5ebdd5413da1e186,results/previous_single_prompt/raw/DeepSeek-V4-Pro/PlanningPoker/run_03/full_sentence.request.json,outputs/raw/archive/previous_single_prompt/DeepSeek-V4-Pro/PlanningPoker/run_03/full_sentence.request.json
27,fbb750ec338413f8f805807b9186e27a7bff3c67b87af15b5ebdd5413da1e186,results/previous_single_prompt/raw/DeepSeek-V4-Pro/PlanningPoker/run_04/full_sentence.request.json,outputs/raw/archive/previous_single_prompt/DeepSeek-V4-Pro/PlanningPoker/run_04/full_sentence.request.json
27,fbb750ec338413f8f805807b9186e27a7bff3c67b87af15b5ebdd5413da1e186,results/previous_single_prompt/raw/DeepSeek-V4-Pro/PlanningPoker/run_05/full_sentence.request.json,outputs/raw/archive/previous_single_prompt/DeepSeek-V4-Pro/PlanningPoker/run_05/full_sentence.request.json
28,197d543439a72fd29aa17b06ac2880ba1c6f834fc25205b3fc49f19284f8f4a1,results/previous_single_prompt/raw/DeepSeek-V4-Pro/PlanningPoker/run_01/independent.request.json,outputs/raw/archive/previous_single_prompt/DeepSeek-V4-Pro/PlanningPoker/run_01/independent.request.json
28,197d543439a72fd29aa17b06ac2880ba1c6f834fc25205b3fc49f19284f8f4a1,results/previous_single_prompt/raw/DeepSeek-V4-Pro/PlanningPoker/run_02/independent.request.json,outputs/raw/archive/previous_single_prompt/DeepSeek-V4-Pro/PlanningPoker/run_02/independent.request.json
28,197d543439a72fd29aa17b06ac2880ba1c6f834fc25205b3fc49f19284f8f4a1,results/previous_single_prompt/raw/DeepSeek-V4-Pro/PlanningPoker/run_03/independent.request.json,outputs/raw/archive/previous_single_prompt/DeepSeek-V4-Pro/PlanningPoker/run_03/independent.request.json
28,197d543439a72fd29aa17b06ac2880ba1c6f834fc25205b3fc49f19284f8f4a1,results/previous_single_prompt/raw/DeepSeek-V4-Pro/PlanningPoker/run_04/independent.request.json,outputs/raw/archive/previous_single_prompt/DeepSeek-V4-Pro/PlanningPoker/run_04/independent.request.json
28,197d543439a72fd29aa17b06ac2880ba1c6f834fc25205b3fc49f19284f8f4a1,results/previous_single_prompt/raw/DeepSeek-V4-Pro/PlanningPoker/run_05/independent.request.json,outputs/raw/archive/previous_single_prompt/DeepSeek-V4-Pro/PlanningPoker/run_05/independent.request.json
29,7ff5eede8d8fad451bfc3c022f890dc17049ec3919cc0bdb6b605566c8d14339,results/previous_single_prompt/raw/DeepSeek-V4-Pro/PlanningPoker/run_01/minimal.request.json,outputs/raw/archive/previous_single_prompt/DeepSeek-V4-Pro/PlanningPoker/run_01/minimal.request.json
29,7ff5eede8d8fad451bfc3c022f890dc17049ec3919cc0bdb6b605566c8d14339,results/previous_single_prompt/raw/DeepSeek-V4-Pro/PlanningPoker/run_02/minimal.request.json,outputs/raw/archive/previous_single_prompt/DeepSeek-V4-Pro/PlanningPoker/run_02/minimal.request.json
29,7ff5eede8d8fad451bfc3c022f890dc17049ec3919cc0bdb6b605566c8d14339,results/previous_single_prompt/raw/DeepSeek-V4-Pro/PlanningPoker/run_03/minimal.request.json,outputs/raw/archive/previous_single_prompt/DeepSeek-V4-Pro/PlanningPoker/run_03/minimal.request.json
29,7ff5eede8d8fad451bfc3c022f890dc17049ec3919cc0bdb6b605566c8d14339,results/previous_single_prompt/raw/DeepSeek-V4-Pro/PlanningPoker/run_04/minimal.request.json,outputs/raw/archive/previous_single_prompt/DeepSeek-V4-Pro/PlanningPoker/run_04/minimal.request.json
29,7ff5eede8d8fad451bfc3c022f890dc17049ec3919cc0bdb6b605566c8d14339,results/previous_single_prompt/raw/DeepSeek-V4-Pro/PlanningPoker/run_05/minimal.request.json,outputs/raw/archive/previous_single_prompt/DeepSeek-V4-Pro/PlanningPoker/run_05/minimal.request.json
30,5914109622afc45fd149aa36a17f0d683fd213859f205834ec650d74308e7068,results/previous_single_prompt/raw/DeepSeek-V4-Pro/PlanningPoker/run_01/problem_oriented.request.json,outputs/raw/archive/previous_single_prompt/DeepSeek-V4-Pro/PlanningPoker/run_01/problem_oriented.request.json
30,5914109622afc45fd149aa36a17f0d683fd213859f205834ec650d74308e7068,results/previous_single_prompt/raw/DeepSeek-V4-Pro/PlanningPoker/run_02/problem_oriented.request.json,outputs/raw/archive/previous_single_prompt/DeepSeek-V4-Pro/PlanningPoker/run_02/problem_oriented.request.json
30,5914109622afc45fd149aa36a17f0d683fd213859f205834ec650d74308e7068,results/previous_single_prompt/raw/DeepSeek-V4-Pro/PlanningPoker/run_03/problem_oriented.request.json,outputs/raw/archive/previous_single_prompt/DeepSeek-V4-Pro/PlanningPoker/run_03/problem_oriented.request.json
30,5914109622afc45fd149aa36a17f0d683fd213859f205834ec650d74308e7068,results/previous_single_prompt/raw/DeepSeek-V4-Pro/PlanningPoker/run_04/problem_oriented.request.json,outputs/raw/archive/previous_single_prompt/DeepSeek-V4-Pro/PlanningPoker/run_04/problem_oriented.request.json
30,5914109622afc45fd149aa36a17f0d683fd213859f205834ec650d74308e7068,results/previous_single_prompt/raw/DeepSeek-V4-Pro/PlanningPoker/run_05/problem_oriented.request.json,outputs/raw/archive/previous_single_prompt/DeepSeek-V4-Pro/PlanningPoker/run_05/problem_oriented.request.json
31,2cf29afbac9437c7653b56febda5b5a74625844fabbb6cc4945dfb234a6795ca,results/previous_single_prompt/raw/DeepSeek-V4-Pro/PlanningPoker/run_01/unambiguous.request.json,outputs/raw/archive/previous_single_prompt/DeepSeek-V4-Pro/PlanningPoker/run_01/unambiguous.request.json
31,2cf29afbac9437c7653b56febda5b5a74625844fabbb6cc4945dfb234a6795ca,results/previous_single_prompt/raw/DeepSeek-V4-Pro/PlanningPoker/run_02/unambiguous.request.json,outputs/raw/archive/previous_single_prompt/DeepSeek-V4-Pro/PlanningPoker/run_02/unambiguous.request.json
31,2cf29afbac9437c7653b56febda5b5a74625844fabbb6cc4945dfb234a6795ca,results/previous_single_prompt/raw/DeepSeek-V4-Pro/PlanningPoker/run_03/unambiguous.request.json,outputs/raw/archive/previous_single_prompt/DeepSeek-V4-Pro/PlanningPoker/run_03/unambiguous.request.json
31,2cf29afbac9437c7653b56febda5b5a74625844fabbb6cc4945dfb234a6795ca,results/previous_single_prompt/raw/DeepSeek-V4-Pro/PlanningPoker/run_04/unambiguous.request.json,outputs/raw/archive/previous_single_prompt/DeepSeek-V4-Pro/PlanningPoker/run_04/unambiguous.request.json
31,2cf29afbac9437c7653b56febda5b5a74625844fabbb6cc4945dfb234a6795ca,results/previous_single_prompt/raw/DeepSeek-V4-Pro/PlanningPoker/run_05/unambiguous.request.json,outputs/raw/archive/previous_single_prompt/DeepSeek-V4-Pro/PlanningPoker/run_05/unambiguous.request.json
32,82b5a7457be8809dd3a09408abb8a11b5b2494a9a1b421ed3ad2605d4980d60a,results/previous_single_prompt/raw/DeepSeek-V4-Pro/PlanningPoker/run_01/uniform.request.json,outputs/raw/archive/previous_single_prompt/DeepSeek-V4-Pro/PlanningPoker/run_01/uniform.request.json
32,82b5a7457be8809dd3a09408abb8a11b5b2494a9a1b421ed3ad2605d4980d60a,results/previous_single_prompt/raw/DeepSeek-V4-Pro/PlanningPoker/run_02/uniform.request.json,outputs/raw/archive/previous_single_prompt/DeepSeek-V4-Pro/PlanningPoker/run_02/uniform.request.json
32,82b5a7457be8809dd3a09408abb8a11b5b2494a9a1b421ed3ad2605d4980d60a,results/previous_single_prompt/raw/DeepSeek-V4-Pro/PlanningPoker/run_03/uniform.request.json,outputs/raw/archive/previous_single_prompt/DeepSeek-V4-Pro/PlanningPoker/run_03/uniform.request.json
32,82b5a7457be8809dd3a09408abb8a11b5b2494a9a1b421ed3ad2605d4980d60a,results/previous_single_prompt/raw/DeepSeek-V4-Pro/PlanningPoker/run_04/uniform.request.json,outputs/raw/archive/previous_single_prompt/DeepSeek-V4-Pro/PlanningPoker/run_04/uniform.request.json
32,82b5a7457be8809dd3a09408abb8a11b5b2494a9a1b421ed3ad2605d4980d60a,results/previous_single_prompt/raw/DeepSeek-V4-Pro/PlanningPoker/run_05/uniform.request.json,outputs/raw/archive/previous_single_prompt/DeepSeek-V4-Pro/PlanningPoker/run_05/uniform.request.json
33,192d95af70f48ae6b20a5f7bae37648a0579a9b171ed2bd09ad0a824d514e989,results/previous_single_prompt/raw/DeepSeek-V4-Pro/PlanningPoker/run_01/unique.request.json,outputs/raw/archive/previous_single_prompt/DeepSeek-V4-Pro/PlanningPoker/run_01/unique.request.json
33,192d95af70f48ae6b20a5f7bae37648a0579a9b171ed2bd09ad0a824d514e989,results/previous_single_prompt/raw/DeepSeek-V4-Pro/PlanningPoker/run_02/unique.request.json,outputs/raw/archive/previous_single_prompt/DeepSeek-V4-Pro/PlanningPoker/run_02/unique.request.json
33,192d95af70f48ae6b20a5f7bae37648a0579a9b171ed2bd09ad0a824d514e989,results/previous_single_prompt/raw/DeepSeek-V4-Pro/PlanningPoker/run_03/unique.request.json,outputs/raw/archive/previous_single_prompt/DeepSeek-V4-Pro/PlanningPoker/run_03/unique.request.json
33,192d95af70f48ae6b20a5f7bae37648a0579a9b171ed2bd09ad0a824d514e989,results/previous_single_prompt/raw/DeepSeek-V4-Pro/PlanningPoker/run_04/unique.request.json,outputs/raw/archive/previous_single_prompt/DeepSeek-V4-Pro/PlanningPoker/run_04/unique.request.json
33,192d95af70f48ae6b20a5f7bae37648a0579a9b171ed2bd09ad0a824d514e989,results/previous_single_prompt/raw/DeepSeek-V4-Pro/PlanningPoker/run_05/unique.request.json,outputs/raw/archive/previous_single_prompt/DeepSeek-V4-Pro/PlanningPoker/run_05/unique.request.json
34,1796c8c0e01691181c4ccbccbe5816f3de33846adc404a20ca2405c4a012d5f2,results/previous_single_prompt/raw/DeepSeek-V4-Pro/PlanningPoker/run_01/well_formed.request.json,outputs/raw/archive/previous_single_prompt/DeepSeek-V4-Pro/PlanningPoker/run_01/well_formed.request.json
34,1796c8c0e01691181c4ccbccbe5816f3de33846adc404a20ca2405c4a012d5f2,results/previous_single_prompt/raw/DeepSeek-V4-Pro/PlanningPoker/run_02/well_formed.request.json,outputs/raw/archive/previous_single_prompt/DeepSeek-V4-Pro/PlanningPoker/run_02/well_formed.request.json
34,1796c8c0e01691181c4ccbccbe5816f3de33846adc404a20ca2405c4a012d5f2,results/previous_single_prompt/raw/DeepSeek-V4-Pro/PlanningPoker/run_03/well_formed.request.json,outputs/raw/archive/previous_single_prompt/DeepSeek-V4-Pro/PlanningPoker/run_03/well_formed.request.json
34,1796c8c0e01691181c4ccbccbe5816f3de33846adc404a20ca2405c4a012d5f2,results/previous_single_prompt/raw/DeepSeek-V4-Pro/PlanningPoker/run_04/well_formed.request.json,outputs/raw/archive/previous_single_prompt/DeepSeek-V4-Pro/PlanningPoker/run_04/well_formed.request.json
34,1796c8c0e01691181c4ccbccbe5816f3de33846adc404a20ca2405c4a012d5f2,results/previous_single_prompt/raw/DeepSeek-V4-Pro/PlanningPoker/run_05/well_formed.request.json,outputs/raw/archive/previous_single_prompt/DeepSeek-V4-Pro/PlanningPoker/run_05/well_formed.request.json
35,75ad99cb59f23647619b3de2814349a088049bcc86781e2ace93aa80186a32f7,results/previous_single_prompt/raw/DeepSeek-V4-Pro/Zooniverse/run_01/atomic.request.json,outputs/raw/archive/previous_single_prompt/DeepSeek-V4-Pro/Zooniverse/run_01/atomic.request.json
35,75ad99cb59f23647619b3de2814349a088049bcc86781e2ace93aa80186a32f7,results/previous_single_prompt/raw/DeepSeek-V4-Pro/Zooniverse/run_02/atomic.request.json,outputs/raw/archive/previous_single_prompt/DeepSeek-V4-Pro/Zooniverse/run_02/atomic.request.json
35,75ad99cb59f23647619b3de2814349a088049bcc86781e2ace93aa80186a32f7,results/previous_single_prompt/raw/DeepSeek-V4-Pro/Zooniverse/run_03/atomic.request.json,outputs/raw/archive/previous_single_prompt/DeepSeek-V4-Pro/Zooniverse/run_03/atomic.request.json
35,75ad99cb59f23647619b3de2814349a088049bcc86781e2ace93aa80186a32f7,results/previous_single_prompt/raw/DeepSeek-V4-Pro/Zooniverse/run_04/atomic.request.json,outputs/raw/archive/previous_single_prompt/DeepSeek-V4-Pro/Zooniverse/run_04/atomic.request.json
35,75ad99cb59f23647619b3de2814349a088049bcc86781e2ace93aa80186a32f7,results/previous_single_prompt/raw/DeepSeek-V4-Pro/Zooniverse/run_05/atomic.request.json,outputs/raw/archive/previous_single_prompt/DeepSeek-V4-Pro/Zooniverse/run_05/atomic.request.json
36,2e68a8bc71f06ca62a3a68a87a98d928ba45412f8df204c5d64cbd4a77ad7ace,results/previous_single_prompt/raw/DeepSeek-V4-Pro/Zooniverse/run_01/complete.request.json,outputs/raw/archive/previous_single_prompt/DeepSeek-V4-Pro/Zooniverse/run_01/complete.request.json
36,2e68a8bc71f06ca62a3a68a87a98d928ba45412f8df204c5d64cbd4a77ad7ace,results/previous_single_prompt/raw/DeepSeek-V4-Pro/Zooniverse/run_02/complete.request.json,outputs/raw/archive/previous_single_prompt/DeepSeek-V4-Pro/Zooniverse/run_02/complete.request.json
36,2e68a8bc71f06ca62a3a68a87a98d928ba45412f8df204c5d64cbd4a77ad7ace,results/previous_single_prompt/raw/DeepSeek-V4-Pro/Zooniverse/run_03/complete.request.json,outputs/raw/archive/previous_single_prompt/DeepSeek-V4-Pro/Zooniverse/run_03/complete.request.json
36,2e68a8bc71f06ca62a3a68a87a98d928ba45412f8df204c5d64cbd4a77ad7ace,results/previous_single_prompt/raw/DeepSeek-V4-Pro/Zooniverse/run_04/complete.request.json,outputs/raw/archive/previous_single_prompt/DeepSeek-V4-Pro/Zooniverse/run_04/complete.request.json
36,2e68a8bc71f06ca62a3a68a87a98d928ba45412f8df204c5d64cbd4a77ad7ace,results/previous_single_prompt/raw/DeepSeek-V4-Pro/Zooniverse/run_05/complete.request.json,outputs/raw/archive/previous_single_prompt/DeepSeek-V4-Pro/Zooniverse/run_05/complete.request.json
37,991f38e98d2d706f89ea23644161eae1099f8c1a8864a55f8bd5a34e74d62346,results/previous_single_prompt/raw/DeepSeek-V4-Pro/Zooniverse/run_01/conceptually_sound.request.json,outputs/raw/archive/previous_single_prompt/DeepSeek-V4-Pro/Zooniverse/run_01/conceptually_sound.request.json
37,991f38e98d2d706f89ea23644161eae1099f8c1a8864a55f8bd5a34e74d62346,results/previous_single_prompt/raw/DeepSeek-V4-Pro/Zooniverse/run_02/conceptually_sound.request.json,outputs/raw/archive/previous_single_prompt/DeepSeek-V4-Pro/Zooniverse/run_02/conceptually_sound.request.json
37,991f38e98d2d706f89ea23644161eae1099f8c1a8864a55f8bd5a34e74d62346,results/previous_single_prompt/raw/DeepSeek-V4-Pro/Zooniverse/run_03/conceptually_sound.request.json,outputs/raw/archive/previous_single_prompt/DeepSeek-V4-Pro/Zooniverse/run_03/conceptually_sound.request.json
37,991f38e98d2d706f89ea23644161eae1099f8c1a8864a55f8bd5a34e74d62346,results/previous_single_prompt/raw/DeepSeek-V4-Pro/Zooniverse/run_04/conceptually_sound.request.json,outputs/raw/archive/previous_single_prompt/DeepSeek-V4-Pro/Zooniverse/run_04/conceptually_sound.request.json
37,991f38e98d2d706f89ea23644161eae1099f8c1a8864a55f8bd5a34e74d62346,results/previous_single_prompt/raw/DeepSeek-V4-Pro/Zooniverse/run_05/conceptually_sound.request.json,outputs/raw/archive/previous_single_prompt/DeepSeek-V4-Pro/Zooniverse/run_05/conceptually_sound.request.json
38,4f6f5cf80ceafed4996611a9d24e95a002a6b7ce25fe3d2aea625bc0b9353cef,results/previous_single_prompt/raw/DeepSeek-V4-Pro/Zooniverse/run_01/conflict_free.request.json,outputs/raw/archive/previous_single_prompt/DeepSeek-V4-Pro/Zooniverse/run_01/conflict_free.request.json
38,4f6f5cf80ceafed4996611a9d24e95a002a6b7ce25fe3d2aea625bc0b9353cef,results/previous_single_prompt/raw/DeepSeek-V4-Pro/Zooniverse/run_02/conflict_free.request.json,outputs/raw/archive/previous_single_prompt/DeepSeek-V4-Pro/Zooniverse/run_02/conflict_free.request.json
38,4f6f5cf80ceafed4996611a9d24e95a002a6b7ce25fe3d2aea625bc0b9353cef,results/previous_single_prompt/raw/DeepSeek-V4-Pro/Zooniverse/run_03/conflict_free.request.json,outputs/raw/archive/previous_single_prompt/DeepSeek-V4-Pro/Zooniverse/run_03/conflict_free.request.json
38,4f6f5cf80ceafed4996611a9d24e95a002a6b7ce25fe3d2aea625bc0b9353cef,results/previous_single_prompt/raw/DeepSeek-V4-Pro/Zooniverse/run_04/conflict_free.request.json,outputs/raw/archive/previous_single_prompt/DeepSeek-V4-Pro/Zooniverse/run_04/conflict_free.request.json
38,4f6f5cf80ceafed4996611a9d24e95a002a6b7ce25fe3d2aea625bc0b9353cef,results/previous_single_prompt/raw/DeepSeek-V4-Pro/Zooniverse/run_05/conflict_free.request.json,outputs/raw/archive/previous_single_prompt/DeepSeek-V4-Pro/Zooniverse/run_05/conflict_free.request.json
39,47a279cb0e97d23a7fb2d155bbb289b7d4c2d81e5ce15d27543fdffc209e47f7,results/previous_single_prompt/raw/DeepSeek-V4-Pro/Zooniverse/run_01/estimatable.request.json,outputs/raw/archive/previous_single_prompt/DeepSeek-V4-Pro/Zooniverse/run_01/estimatable.request.json
39,47a279cb0e97d23a7fb2d155bbb289b7d4c2d81e5ce15d27543fdffc209e47f7,results/previous_single_prompt/raw/DeepSeek-V4-Pro/Zooniverse/run_02/estimatable.request.json,outputs/raw/archive/previous_single_prompt/DeepSeek-V4-Pro/Zooniverse/run_02/estimatable.request.json
39,47a279cb0e97d23a7fb2d155bbb289b7d4c2d81e5ce15d27543fdffc209e47f7,results/previous_single_prompt/raw/DeepSeek-V4-Pro/Zooniverse/run_03/estimatable.request.json,outputs/raw/archive/previous_single_prompt/DeepSeek-V4-Pro/Zooniverse/run_03/estimatable.request.json
39,47a279cb0e97d23a7fb2d155bbb289b7d4c2d81e5ce15d27543fdffc209e47f7,results/previous_single_prompt/raw/DeepSeek-V4-Pro/Zooniverse/run_04/estimatable.request.json,outputs/raw/archive/previous_single_prompt/DeepSeek-V4-Pro/Zooniverse/run_04/estimatable.request.json
39,47a279cb0e97d23a7fb2d155bbb289b7d4c2d81e5ce15d27543fdffc209e47f7,results/previous_single_prompt/raw/DeepSeek-V4-Pro/Zooniverse/run_05/estimatable.request.json,outputs/raw/archive/previous_single_prompt/DeepSeek-V4-Pro/Zooniverse/run_05/estimatable.request.json
40,b29f800cb194403e5414b440483e5b31f0d69d0cdb59951f2830624a3edb0b92,results/previous_single_prompt/raw/DeepSeek-V4-Pro/Zooniverse/run_01/full_sentence.request.json,outputs/raw/archive/previous_single_prompt/DeepSeek-V4-Pro/Zooniverse/run_01/full_sentence.request.json
40,b29f800cb194403e5414b440483e5b31f0d69d0cdb59951f2830624a3edb0b92,results/previous_single_prompt/raw/DeepSeek-V4-Pro/Zooniverse/run_02/full_sentence.request.json,outputs/raw/archive/previous_single_prompt/DeepSeek-V4-Pro/Zooniverse/run_02/full_sentence.request.json
40,b29f800cb194403e5414b440483e5b31f0d69d0cdb59951f2830624a3edb0b92,results/previous_single_prompt/raw/DeepSeek-V4-Pro/Zooniverse/run_03/full_sentence.request.json,outputs/raw/archive/previous_single_prompt/DeepSeek-V4-Pro/Zooniverse/run_03/full_sentence.request.json
40,b29f800cb194403e5414b440483e5b31f0d69d0cdb59951f2830624a3edb0b92,results/previous_single_prompt/raw/DeepSeek-V4-Pro/Zooniverse/run_04/full_sentence.request.json,outputs/raw/archive/previous_single_prompt/DeepSeek-V4-Pro/Zooniverse/run_04/full_sentence.request.json
40,b29f800cb194403e5414b440483e5b31f0d69d0cdb59951f2830624a3edb0b92,results/previous_single_prompt/raw/DeepSeek-V4-Pro/Zooniverse/run_05/full_sentence.request.json,outputs/raw/archive/previous_single_prompt/DeepSeek-V4-Pro/Zooniverse/run_05/full_sentence.request.json
41,72c59e5638db7ccd47b3c28a1cf82cccd65666cccef953440c294c7ad1ee3378,results/previous_single_prompt/raw/DeepSeek-V4-Pro/Zooniverse/run_01/independent.request.json,outputs/raw/archive/previous_single_prompt/DeepSeek-V4-Pro/Zooniverse/run_01/independent.request.json
41,72c59e5638db7ccd47b3c28a1cf82cccd65666cccef953440c294c7ad1ee3378,results/previous_single_prompt/raw/DeepSeek-V4-Pro/Zooniverse/run_02/independent.request.json,outputs/raw/archive/previous_single_prompt/DeepSeek-V4-Pro/Zooniverse/run_02/independent.request.json
41,72c59e5638db7ccd47b3c28a1cf82cccd65666cccef953440c294c7ad1ee3378,results/previous_single_prompt/raw/DeepSeek-V4-Pro/Zooniverse/run_03/independent.request.json,outputs/raw/archive/previous_single_prompt/DeepSeek-V4-Pro/Zooniverse/run_03/independent.request.json
41,72c59e5638db7ccd47b3c28a1cf82cccd65666cccef953440c294c7ad1ee3378,results/previous_single_prompt/raw/DeepSeek-V4-Pro/Zooniverse/run_04/independent.request.json,outputs/raw/archive/previous_single_prompt/DeepSeek-V4-Pro/Zooniverse/run_04/independent.request.json
41,72c59e5638db7ccd47b3c28a1cf82cccd65666cccef953440c294c7ad1ee3378,results/previous_single_prompt/raw/DeepSeek-V4-Pro/Zooniverse/run_05/independent.request.json,outputs/raw/archive/previous_single_prompt/DeepSeek-V4-Pro/Zooniverse/run_05/independent.request.json
42,8bc36ab181d9694ac480a98b05b009e8cb616882e00dfad2a1b790d62a039dd5,results/previous_single_prompt/raw/DeepSeek-V4-Pro/Zooniverse/run_01/minimal.request.json,outputs/raw/archive/previous_single_prompt/DeepSeek-V4-Pro/Zooniverse/run_01/minimal.request.json
42,8bc36ab181d9694ac480a98b05b009e8cb616882e00dfad2a1b790d62a039dd5,results/previous_single_prompt/raw/DeepSeek-V4-Pro/Zooniverse/run_02/minimal.request.json,outputs/raw/archive/previous_single_prompt/DeepSeek-V4-Pro/Zooniverse/run_02/minimal.request.json
42,8bc36ab181d9694ac480a98b05b009e8cb616882e00dfad2a1b790d62a039dd5,results/previous_single_prompt/raw/DeepSeek-V4-Pro/Zooniverse/run_03/minimal.request.json,outputs/raw/archive/previous_single_prompt/DeepSeek-V4-Pro/Zooniverse/run_03/minimal.request.json
42,8bc36ab181d9694ac480a98b05b009e8cb616882e00dfad2a1b790d62a039dd5,results/previous_single_prompt/raw/DeepSeek-V4-Pro/Zooniverse/run_04/minimal.request.json,outputs/raw/archive/previous_single_prompt/DeepSeek-V4-Pro/Zooniverse/run_04/minimal.request.json
42,8bc36ab181d9694ac480a98b05b009e8cb616882e00dfad2a1b790d62a039dd5,results/previous_single_prompt/raw/DeepSeek-V4-Pro/Zooniverse/run_05/minimal.request.json,outputs/raw/archive/previous_single_prompt/DeepSeek-V4-Pro/Zooniverse/run_05/minimal.request.json
43,8ee8aadaff651738a648592b48f414fbaf2382259f8f49c778998aa9faea706b,results/previous_single_prompt/raw/DeepSeek-V4-Pro/Zooniverse/run_01/problem_oriented.request.json,outputs/raw/archive/previous_single_prompt/DeepSeek-V4-Pro/Zooniverse/run_01/problem_oriented.request.json
43,8ee8aadaff651738a648592b48f414fbaf2382259f8f49c778998aa9faea706b,results/previous_single_prompt/raw/DeepSeek-V4-Pro/Zooniverse/run_02/problem_oriented.request.json,outputs/raw/archive/previous_single_prompt/DeepSeek-V4-Pro/Zooniverse/run_02/problem_oriented.request.json
43,8ee8aadaff651738a648592b48f414fbaf2382259f8f49c778998aa9faea706b,results/previous_single_prompt/raw/DeepSeek-V4-Pro/Zooniverse/run_03/problem_oriented.request.json,outputs/raw/archive/previous_single_prompt/DeepSeek-V4-Pro/Zooniverse/run_03/problem_oriented.request.json
43,8ee8aadaff651738a648592b48f414fbaf2382259f8f49c778998aa9faea706b,results/previous_single_prompt/raw/DeepSeek-V4-Pro/Zooniverse/run_04/problem_oriented.request.json,outputs/raw/archive/previous_single_prompt/DeepSeek-V4-Pro/Zooniverse/run_04/problem_oriented.request.json
43,8ee8aadaff651738a648592b48f414fbaf2382259f8f49c778998aa9faea706b,results/previous_single_prompt/raw/DeepSeek-V4-Pro/Zooniverse/run_05/problem_oriented.request.json,outputs/raw/archive/previous_single_prompt/DeepSeek-V4-Pro/Zooniverse/run_05/problem_oriented.request.json
44,89ebc5919d15039d0816b425c2f5e96036f9b1dfb4b1b3e358593de0e8ff7154,results/previous_single_prompt/raw/DeepSeek-V4-Pro/Zooniverse/run_01/unambiguous.request.json,outputs/raw/archive/previous_single_prompt/DeepSeek-V4-Pro/Zooniverse/run_01/unambiguous.request.json
44,89ebc5919d15039d0816b425c2f5e96036f9b1dfb4b1b3e358593de0e8ff7154,results/previous_single_prompt/raw/DeepSeek-V4-Pro/Zooniverse/run_02/unambiguous.request.json,outputs/raw/archive/previous_single_prompt/DeepSeek-V4-Pro/Zooniverse/run_02/unambiguous.request.json
44,89ebc5919d15039d0816b425c2f5e96036f9b1dfb4b1b3e358593de0e8ff7154,results/previous_single_prompt/raw/DeepSeek-V4-Pro/Zooniverse/run_03/unambiguous.request.json,outputs/raw/archive/previous_single_prompt/DeepSeek-V4-Pro/Zooniverse/run_03/unambiguous.request.json
44,89ebc5919d15039d0816b425c2f5e96036f9b1dfb4b1b3e358593de0e8ff7154,results/previous_single_prompt/raw/DeepSeek-V4-Pro/Zooniverse/run_04/unambiguous.request.json,outputs/raw/archive/previous_single_prompt/DeepSeek-V4-Pro/Zooniverse/run_04/unambiguous.request.json
44,89ebc5919d15039d0816b425c2f5e96036f9b1dfb4b1b3e358593de0e8ff7154,results/previous_single_prompt/raw/DeepSeek-V4-Pro/Zooniverse/run_05/unambiguous.request.json,outputs/raw/archive/previous_single_prompt/DeepSeek-V4-Pro/Zooniverse/run_05/unambiguous.request.json
45,6f3153ba5e32f37e7d861a7d92359284614ea091d2c619b4909b40434a6344eb,results/previous_single_prompt/raw/DeepSeek-V4-Pro/Zooniverse/run_01/uniform.request.json,outputs/raw/archive/previous_single_prompt/DeepSeek-V4-Pro/Zooniverse/run_01/uniform.request.json
45,6f3153ba5e32f37e7d861a7d92359284614ea091d2c619b4909b40434a6344eb,results/previous_single_prompt/raw/DeepSeek-V4-Pro/Zooniverse/run_02/uniform.request.json,outputs/raw/archive/previous_single_prompt/DeepSeek-V4-Pro/Zooniverse/run_02/uniform.request.json
45,6f3153ba5e32f37e7d861a7d92359284614ea091d2c619b4909b40434a6344eb,results/previous_single_prompt/raw/DeepSeek-V4-Pro/Zooniverse/run_03/uniform.request.json,outputs/raw/archive/previous_single_prompt/DeepSeek-V4-Pro/Zooniverse/run_03/uniform.request.json
45,6f3153ba5e32f37e7d861a7d92359284614ea091d2c619b4909b40434a6344eb,results/previous_single_prompt/raw/DeepSeek-V4-Pro/Zooniverse/run_04/uniform.request.json,outputs/raw/archive/previous_single_prompt/DeepSeek-V4-Pro/Zooniverse/run_04/uniform.request.json
45,6f3153ba5e32f37e7d861a7d92359284614ea091d2c619b4909b40434a6344eb,results/previous_single_prompt/raw/DeepSeek-V4-Pro/Zooniverse/run_05/uniform.request.json,outputs/raw/archive/previous_single_prompt/DeepSeek-V4-Pro/Zooniverse/run_05/uniform.request.json
46,7eecdd05be9f8d554311cdaf9b9adb03b39221759b4d4ce12d027bb9de0d5205,results/previous_single_prompt/raw/DeepSeek-V4-Pro/Zooniverse/run_01/unique.request.json,outputs/raw/archive/previous_single_prompt/DeepSeek-V4-Pro/Zooniverse/run_01/unique.request.json
46,7eecdd05be9f8d554311cdaf9b9adb03b39221759b4d4ce12d027bb9de0d5205,results/previous_single_prompt/raw/DeepSeek-V4-Pro/Zooniverse/run_02/unique.request.json,outputs/raw/archive/previous_single_prompt/DeepSeek-V4-Pro/Zooniverse/run_02/unique.request.json
46,7eecdd05be9f8d554311cdaf9b9adb03b39221759b4d4ce12d027bb9de0d5205,results/previous_single_prompt/raw/DeepSeek-V4-Pro/Zooniverse/run_03/unique.request.json,outputs/raw/archive/previous_single_prompt/DeepSeek-V4-Pro/Zooniverse/run_03/unique.request.json
46,7eecdd05be9f8d554311cdaf9b9adb03b39221759b4d4ce12d027bb9de0d5205,results/previous_single_prompt/raw/DeepSeek-V4-Pro/Zooniverse/run_04/unique.request.json,outputs/raw/archive/previous_single_prompt/DeepSeek-V4-Pro/Zooniverse/run_04/unique.request.json
46,7eecdd05be9f8d554311cdaf9b9adb03b39221759b4d4ce12d027bb9de0d5205,results/previous_single_prompt/raw/DeepSeek-V4-Pro/Zooniverse/run_05/unique.request.json,outputs/raw/archive/previous_single_prompt/DeepSeek-V4-Pro/Zooniverse/run_05/unique.request.json
47,a6e53fd185024f8796beedd34b1ab7a035122eacb8c553ec62f551a5c728ab41,results/previous_single_prompt/raw/DeepSeek-V4-Pro/Zooniverse/run_01/well_formed.request.json,outputs/raw/archive/previous_single_prompt/DeepSeek-V4-Pro/Zooniverse/run_01/well_formed.request.json
47,a6e53fd185024f8796beedd34b1ab7a035122eacb8c553ec62f551a5c728ab41,results/previous_single_prompt/raw/DeepSeek-V4-Pro/Zooniverse/run_02/well_formed.request.json,outputs/raw/archive/previous_single_prompt/DeepSeek-V4-Pro/Zooniverse/run_02/well_formed.request.json
47,a6e53fd185024f8796beedd34b1ab7a035122eacb8c553ec62f551a5c728ab41,results/previous_single_prompt/raw/DeepSeek-V4-Pro/Zooniverse/run_03/well_formed.request.json,outputs/raw/archive/previous_single_prompt/DeepSeek-V4-Pro/Zooniverse/run_03/well_formed.request.json
47,a6e53fd185024f8796beedd34b1ab7a035122eacb8c553ec62f551a5c728ab41,results/previous_single_prompt/raw/DeepSeek-V4-Pro/Zooniverse/run_04/well_formed.request.json,outputs/raw/archive/previous_single_prompt/DeepSeek-V4-Pro/Zooniverse/run_04/well_formed.request.json
47,a6e53fd185024f8796beedd34b1ab7a035122eacb8c553ec62f551a5c728ab41,results/previous_single_prompt/raw/DeepSeek-V4-Pro/Zooniverse/run_05/well_formed.request.json,outputs/raw/archive/previous_single_prompt/DeepSeek-V4-Pro/Zooniverse/run_05/well_formed.request.json
48,b635f1b4114cb38a18dbbb2dac14b22c5ff1b146ac60efb9dffff341078f47cf,results/previous_single_prompt/raw/GPT-4.1/BADCamp/run_01/atomic.request.json,outputs/raw/archive/previous_single_prompt/GPT-4.1/BADCamp/run_01/atomic.request.json
48,b635f1b4114cb38a18dbbb2dac14b22c5ff1b146ac60efb9dffff341078f47cf,results/previous_single_prompt/raw/GPT-4.1/BADCamp/run_02/atomic.request.json,outputs/raw/archive/previous_single_prompt/GPT-4.1/BADCamp/run_02/atomic.request.json
48,b635f1b4114cb38a18dbbb2dac14b22c5ff1b146ac60efb9dffff341078f47cf,results/previous_single_prompt/raw/GPT-4.1/BADCamp/run_03/atomic.request.json,outputs/raw/archive/previous_single_prompt/GPT-4.1/BADCamp/run_03/atomic.request.json
48,b635f1b4114cb38a18dbbb2dac14b22c5ff1b146ac60efb9dffff341078f47cf,results/previous_single_prompt/raw/GPT-4.1/BADCamp/run_04/atomic.request.json,outputs/raw/archive/previous_single_prompt/GPT-4.1/BADCamp/run_04/atomic.request.json
48,b635f1b4114cb38a18dbbb2dac14b22c5ff1b146ac60efb9dffff341078f47cf,results/previous_single_prompt/raw/GPT-4.1/BADCamp/run_05/atomic.request.json,outputs/raw/archive/previous_single_prompt/GPT-4.1/BADCamp/run_05/atomic.request.json
49,d22c40fac2daed34d3454347078008dcd0f06a57863b32f74a0690883fb5ae48,results/previous_single_prompt/raw/GPT-4.1/BADCamp/run_01/complete.request.json,outputs/raw/archive/previous_single_prompt/GPT-4.1/BADCamp/run_01/complete.request.json
49,d22c40fac2daed34d3454347078008dcd0f06a57863b32f74a0690883fb5ae48,results/previous_single_prompt/raw/GPT-4.1/BADCamp/run_02/complete.request.json,outputs/raw/archive/previous_single_prompt/GPT-4.1/BADCamp/run_02/complete.request.json
49,d22c40fac2daed34d3454347078008dcd0f06a57863b32f74a0690883fb5ae48,results/previous_single_prompt/raw/GPT-4.1/BADCamp/run_03/complete.request.json,outputs/raw/archive/previous_single_prompt/GPT-4.1/BADCamp/run_03/complete.request.json
49,d22c40fac2daed34d3454347078008dcd0f06a57863b32f74a0690883fb5ae48,results/previous_single_prompt/raw/GPT-4.1/BADCamp/run_04/complete.request.json,outputs/raw/archive/previous_single_prompt/GPT-4.1/BADCamp/run_04/complete.request.json
49,d22c40fac2daed34d3454347078008dcd0f06a57863b32f74a0690883fb5ae48,results/previous_single_prompt/raw/GPT-4.1/BADCamp/run_05/complete.request.json,outputs/raw/archive/previous_single_prompt/GPT-4.1/BADCamp/run_05/complete.request.json
50,64f9d513536d4d0d86eb1ea0c5b0a0c12aa662f9e6c431f212245f0ad6a4b6be,results/previous_single_prompt/raw/GPT-4.1/BADCamp/run_01/conceptually_sound.request.json,outputs/raw/archive/previous_single_prompt/GPT-4.1/BADCamp/run_01/conceptually_sound.request.json
50,64f9d513536d4d0d86eb1ea0c5b0a0c12aa662f9e6c431f212245f0ad6a4b6be,results/previous_single_prompt/raw/GPT-4.1/BADCamp/run_02/conceptually_sound.request.json,outputs/raw/archive/previous_single_prompt/GPT-4.1/BADCamp/run_02/conceptually_sound.request.json
50,64f9d513536d4d0d86eb1ea0c5b0a0c12aa662f9e6c431f212245f0ad6a4b6be,results/previous_single_prompt/raw/GPT-4.1/BADCamp/run_03/conceptually_sound.request.json,outputs/raw/archive/previous_single_prompt/GPT-4.1/BADCamp/run_03/conceptually_sound.request.json
50,64f9d513536d4d0d86eb1ea0c5b0a0c12aa662f9e6c431f212245f0ad6a4b6be,results/previous_single_prompt/raw/GPT-4.1/BADCamp/run_04/conceptually_sound.request.json,outputs/raw/archive/previous_single_prompt/GPT-4.1/BADCamp/run_04/conceptually_sound.request.json
50,64f9d513536d4d0d86eb1ea0c5b0a0c12aa662f9e6c431f212245f0ad6a4b6be,results/previous_single_prompt/raw/GPT-4.1/BADCamp/run_05/conceptually_sound.request.json,outputs/raw/archive/previous_single_prompt/GPT-4.1/BADCamp/run_05/conceptually_sound.request.json
51,64cf997ebbb01e6ca3a4d9c2609093f890a1d22502d8aa96dcbd8abc96f428e6,results/previous_single_prompt/raw/GPT-4.1/BADCamp/run_01/conflict_free.request.json,outputs/raw/archive/previous_single_prompt/GPT-4.1/BADCamp/run_01/conflict_free.request.json
51,64cf997ebbb01e6ca3a4d9c2609093f890a1d22502d8aa96dcbd8abc96f428e6,results/previous_single_prompt/raw/GPT-4.1/BADCamp/run_02/conflict_free.request.json,outputs/raw/archive/previous_single_prompt/GPT-4.1/BADCamp/run_02/conflict_free.request.json
51,64cf997ebbb01e6ca3a4d9c2609093f890a1d22502d8aa96dcbd8abc96f428e6,results/previous_single_prompt/raw/GPT-4.1/BADCamp/run_03/conflict_free.request.json,outputs/raw/archive/previous_single_prompt/GPT-4.1/BADCamp/run_03/conflict_free.request.json
51,64cf997ebbb01e6ca3a4d9c2609093f890a1d22502d8aa96dcbd8abc96f428e6,results/previous_single_prompt/raw/GPT-4.1/BADCamp/run_04/conflict_free.request.json,outputs/raw/archive/previous_single_prompt/GPT-4.1/BADCamp/run_04/conflict_free.request.json
51,64cf997ebbb01e6ca3a4d9c2609093f890a1d22502d8aa96dcbd8abc96f428e6,results/previous_single_prompt/raw/GPT-4.1/BADCamp/run_05/conflict_free.request.json,outputs/raw/archive/previous_single_prompt/GPT-4.1/BADCamp/run_05/conflict_free.request.json
52,ff8081e862973a8b9965b727198617617ccc59aae45ec5999da6e26195d924ca,results/previous_single_prompt/raw/GPT-4.1/BADCamp/run_01/estimatable.request.json,outputs/raw/archive/previous_single_prompt/GPT-4.1/BADCamp/run_01/estimatable.request.json
52,ff8081e862973a8b9965b727198617617ccc59aae45ec5999da6e26195d924ca,results/previous_single_prompt/raw/GPT-4.1/BADCamp/run_02/estimatable.request.json,outputs/raw/archive/previous_single_prompt/GPT-4.1/BADCamp/run_02/estimatable.request.json
52,ff8081e862973a8b9965b727198617617ccc59aae45ec5999da6e26195d924ca,results/previous_single_prompt/raw/GPT-4.1/BADCamp/run_03/estimatable.request.json,outputs/raw/archive/previous_single_prompt/GPT-4.1/BADCamp/run_03/estimatable.request.json
52,ff8081e862973a8b9965b727198617617ccc59aae45ec5999da6e26195d924ca,results/previous_single_prompt/raw/GPT-4.1/BADCamp/run_04/estimatable.request.json,outputs/raw/archive/previous_single_prompt/GPT-4.1/BADCamp/run_04/estimatable.request.json
52,ff8081e862973a8b9965b727198617617ccc59aae45ec5999da6e26195d924ca,results/previous_single_prompt/raw/GPT-4.1/BADCamp/run_05/estimatable.request.json,outputs/raw/archive/previous_single_prompt/GPT-4.1/BADCamp/run_05/estimatable.request.json
53,593e4e399a6f44ab9146db5f89b60e14dadc85282cc15ace1991ff2ea3d60af5,results/previous_single_prompt/raw/GPT-4.1/BADCamp/run_01/full_sentence.request.json,outputs/raw/archive/previous_single_prompt/GPT-4.1/BADCamp/run_01/full_sentence.request.json
53,593e4e399a6f44ab9146db5f89b60e14dadc85282cc15ace1991ff2ea3d60af5,results/previous_single_prompt/raw/GPT-4.1/BADCamp/run_02/full_sentence.request.json,outputs/raw/archive/previous_single_prompt/GPT-4.1/BADCamp/run_02/full_sentence.request.json
53,593e4e399a6f44ab9146db5f89b60e14dadc85282cc15ace1991ff2ea3d60af5,results/previous_single_prompt/raw/GPT-4.1/BADCamp/run_03/full_sentence.request.json,outputs/raw/archive/previous_single_prompt/GPT-4.1/BADCamp/run_03/full_sentence.request.json
53,593e4e399a6f44ab9146db5f89b60e14dadc85282cc15ace1991ff2ea3d60af5,results/previous_single_prompt/raw/GPT-4.1/BADCamp/run_04/full_sentence.request.json,outputs/raw/archive/previous_single_prompt/GPT-4.1/BADCamp/run_04/full_sentence.request.json
53,593e4e399a6f44ab9146db5f89b60e14dadc85282cc15ace1991ff2ea3d60af5,results/previous_single_prompt/raw/GPT-4.1/BADCamp/run_05/full_sentence.request.json,outputs/raw/archive/previous_single_prompt/GPT-4.1/BADCamp/run_05/full_sentence.request.json
54,2ef4f45525da2cbffe71e6c41576188c82ec9f56f6e5b74dbd584542e596bb0d,results/previous_single_prompt/raw/GPT-4.1/BADCamp/run_01/independent.request.json,outputs/raw/archive/previous_single_prompt/GPT-4.1/BADCamp/run_01/independent.request.json
54,2ef4f45525da2cbffe71e6c41576188c82ec9f56f6e5b74dbd584542e596bb0d,results/previous_single_prompt/raw/GPT-4.1/BADCamp/run_02/independent.request.json,outputs/raw/archive/previous_single_prompt/GPT-4.1/BADCamp/run_02/independent.request.json
54,2ef4f45525da2cbffe71e6c41576188c82ec9f56f6e5b74dbd584542e596bb0d,results/previous_single_prompt/raw/GPT-4.1/BADCamp/run_03/independent.request.json,outputs/raw/archive/previous_single_prompt/GPT-4.1/BADCamp/run_03/independent.request.json
54,2ef4f45525da2cbffe71e6c41576188c82ec9f56f6e5b74dbd584542e596bb0d,results/previous_single_prompt/raw/GPT-4.1/BADCamp/run_04/independent.request.json,outputs/raw/archive/previous_single_prompt/GPT-4.1/BADCamp/run_04/independent.request.json
54,2ef4f45525da2cbffe71e6c41576188c82ec9f56f6e5b74dbd584542e596bb0d,results/previous_single_prompt/raw/GPT-4.1/BADCamp/run_05/independent.request.json,outputs/raw/archive/previous_single_prompt/GPT-4.1/BADCamp/run_05/independent.request.json
55,5a071b214405c313c0260776edd36933841915ab662ee74a3d3a308b0556cef5,results/previous_single_prompt/raw/GPT-4.1/BADCamp/run_01/minimal.request.json,outputs/raw/archive/previous_single_prompt/GPT-4.1/BADCamp/run_01/minimal.request.json
55,5a071b214405c313c0260776edd36933841915ab662ee74a3d3a308b0556cef5,results/previous_single_prompt/raw/GPT-4.1/BADCamp/run_02/minimal.request.json,outputs/raw/archive/previous_single_prompt/GPT-4.1/BADCamp/run_02/minimal.request.json
55,5a071b214405c313c0260776edd36933841915ab662ee74a3d3a308b0556cef5,results/previous_single_prompt/raw/GPT-4.1/BADCamp/run_03/minimal.request.json,outputs/raw/archive/previous_single_prompt/GPT-4.1/BADCamp/run_03/minimal.request.json
55,5a071b214405c313c0260776edd36933841915ab662ee74a3d3a308b0556cef5,results/previous_single_prompt/raw/GPT-4.1/BADCamp/run_04/minimal.request.json,outputs/raw/archive/previous_single_prompt/GPT-4.1/BADCamp/run_04/minimal.request.json
55,5a071b214405c313c0260776edd36933841915ab662ee74a3d3a308b0556cef5,results/previous_single_prompt/raw/GPT-4.1/BADCamp/run_05/minimal.request.json,outputs/raw/archive/previous_single_prompt/GPT-4.1/BADCamp/run_05/minimal.request.json
56,df6a91ed74948d32eba0311c79715989943e4ab8528b560879ffb8e4680dbcd9,results/previous_single_prompt/raw/GPT-4.1/BADCamp/run_01/problem_oriented.request.json,outputs/raw/archive/previous_single_prompt/GPT-4.1/BADCamp/run_01/problem_oriented.request.json
56,df6a91ed74948d32eba0311c79715989943e4ab8528b560879ffb8e4680dbcd9,results/previous_single_prompt/raw/GPT-4.1/BADCamp/run_02/problem_oriented.request.json,outputs/raw/archive/previous_single_prompt/GPT-4.1/BADCamp/run_02/problem_oriented.request.json
56,df6a91ed74948d32eba0311c79715989943e4ab8528b560879ffb8e4680dbcd9,results/previous_single_prompt/raw/GPT-4.1/BADCamp/run_03/problem_oriented.request.json,outputs/raw/archive/previous_single_prompt/GPT-4.1/BADCamp/run_03/problem_oriented.request.json
56,df6a91ed74948d32eba0311c79715989943e4ab8528b560879ffb8e4680dbcd9,results/previous_single_prompt/raw/GPT-4.1/BADCamp/run_04/problem_oriented.request.json,outputs/raw/archive/previous_single_prompt/GPT-4.1/BADCamp/run_04/problem_oriented.request.json
56,df6a91ed74948d32eba0311c79715989943e4ab8528b560879ffb8e4680dbcd9,results/previous_single_prompt/raw/GPT-4.1/BADCamp/run_05/problem_oriented.request.json,outputs/raw/archive/previous_single_prompt/GPT-4.1/BADCamp/run_05/problem_oriented.request.json
57,0f5d33f8e21248bd43973d8f3264eaee7268cf6e5a2a526c942dcf195e66445d,results/previous_single_prompt/raw/GPT-4.1/BADCamp/run_01/unambiguous.request.json,outputs/raw/archive/previous_single_prompt/GPT-4.1/BADCamp/run_01/unambiguous.request.json
57,0f5d33f8e21248bd43973d8f3264eaee7268cf6e5a2a526c942dcf195e66445d,results/previous_single_prompt/raw/GPT-4.1/BADCamp/run_02/unambiguous.request.json,outputs/raw/archive/previous_single_prompt/GPT-4.1/BADCamp/run_02/unambiguous.request.json
57,0f5d33f8e21248bd43973d8f3264eaee7268cf6e5a2a526c942dcf195e66445d,results/previous_single_prompt/raw/GPT-4.1/BADCamp/run_03/unambiguous.request.json,outputs/raw/archive/previous_single_prompt/GPT-4.1/BADCamp/run_03/unambiguous.request.json
57,0f5d33f8e21248bd43973d8f3264eaee7268cf6e5a2a526c942dcf195e66445d,results/previous_single_prompt/raw/GPT-4.1/BADCamp/run_04/unambiguous.request.json,outputs/raw/archive/previous_single_prompt/GPT-4.1/BADCamp/run_04/unambiguous.request.json
57,0f5d33f8e21248bd43973d8f3264eaee7268cf6e5a2a526c942dcf195e66445d,results/previous_single_prompt/raw/GPT-4.1/BADCamp/run_05/unambiguous.request.json,outputs/raw/archive/previous_single_prompt/GPT-4.1/BADCamp/run_05/unambiguous.request.json
58,ea81b0f60ac1091574c472bae909124df7d3d704201d808e18441f6c3d00f76a,results/previous_single_prompt/raw/GPT-4.1/BADCamp/run_01/uniform.request.json,outputs/raw/archive/previous_single_prompt/GPT-4.1/BADCamp/run_01/uniform.request.json
58,ea81b0f60ac1091574c472bae909124df7d3d704201d808e18441f6c3d00f76a,results/previous_single_prompt/raw/GPT-4.1/BADCamp/run_02/uniform.request.json,outputs/raw/archive/previous_single_prompt/GPT-4.1/BADCamp/run_02/uniform.request.json
58,ea81b0f60ac1091574c472bae909124df7d3d704201d808e18441f6c3d00f76a,results/previous_single_prompt/raw/GPT-4.1/BADCamp/run_03/uniform.request.json,outputs/raw/archive/previous_single_prompt/GPT-4.1/BADCamp/run_03/uniform.request.json
58,ea81b0f60ac1091574c472bae909124df7d3d704201d808e18441f6c3d00f76a,results/previous_single_prompt/raw/GPT-4.1/BADCamp/run_04/uniform.request.json,outputs/raw/archive/previous_single_prompt/GPT-4.1/BADCamp/run_04/uniform.request.json
58,ea81b0f60ac1091574c472bae909124df7d3d704201d808e18441f6c3d00f76a,results/previous_single_prompt/raw/GPT-4.1/BADCamp/run_05/uniform.request.json,outputs/raw/archive/previous_single_prompt/GPT-4.1/BADCamp/run_05/uniform.request.json
59,c3d9b41368701f9173f15c1cbe0756f5a43de40160b370ea531d7fd7bf48d934,results/previous_single_prompt/raw/GPT-4.1/BADCamp/run_01/unique.request.json,outputs/raw/archive/previous_single_prompt/GPT-4.1/BADCamp/run_01/unique.request.json
59,c3d9b41368701f9173f15c1cbe0756f5a43de40160b370ea531d7fd7bf48d934,results/previous_single_prompt/raw/GPT-4.1/BADCamp/run_02/unique.request.json,outputs/raw/archive/previous_single_prompt/GPT-4.1/BADCamp/run_02/unique.request.json
59,c3d9b41368701f9173f15c1cbe0756f5a43de40160b370ea531d7fd7bf48d934,results/previous_single_prompt/raw/GPT-4.1/BADCamp/run_03/unique.request.json,outputs/raw/archive/previous_single_prompt/GPT-4.1/BADCamp/run_03/unique.request.json
59,c3d9b41368701f9173f15c1cbe0756f5a43de40160b370ea531d7fd7bf48d934,results/previous_single_prompt/raw/GPT-4.1/BADCamp/run_04/unique.request.json,outputs/raw/archive/previous_single_prompt/GPT-4.1/BADCamp/run_04/unique.request.json
59,c3d9b41368701f9173f15c1cbe0756f5a43de40160b370ea531d7fd7bf48d934,results/previous_single_prompt/raw/GPT-4.1/BADCamp/run_05/unique.request.json,outputs/raw/archive/previous_single_prompt/GPT-4.1/BADCamp/run_05/unique.request.json
60,8433051c3d54d147e560e53646d3df33e9ca34cd5bb6f33cad0d365c1cab2afa,results/previous_single_prompt/raw/GPT-4.1/BADCamp/run_01/well_formed.request.json,outputs/raw/archive/previous_single_prompt/GPT-4.1/BADCamp/run_01/well_formed.request.json
60,8433051c3d54d147e560e53646d3df33e9ca34cd5bb6f33cad0d365c1cab2afa,results/previous_single_prompt/raw/GPT-4.1/BADCamp/run_02/well_formed.request.json,outputs/raw/archive/previous_single_prompt/GPT-4.1/BADCamp/run_02/well_formed.request.json
60,8433051c3d54d147e560e53646d3df33e9ca34cd5bb6f33cad0d365c1cab2afa,results/previous_single_prompt/raw/GPT-4.1/BADCamp/run_03/well_formed.request.json,outputs/raw/archive/previous_single_prompt/GPT-4.1/BADCamp/run_03/well_formed.request.json
60,8433051c3d54d147e560e53646d3df33e9ca34cd5bb6f33cad0d365c1cab2afa,results/previous_single_prompt/raw/GPT-4.1/BADCamp/run_04/well_formed.request.json,outputs/raw/archive/previous_single_prompt/GPT-4.1/BADCamp/run_04/well_formed.request.json
60,8433051c3d54d147e560e53646d3df33e9ca34cd5bb6f33cad0d365c1cab2afa,results/previous_single_prompt/raw/GPT-4.1/BADCamp/run_05/well_formed.request.json,outputs/raw/archive/previous_single_prompt/GPT-4.1/BADCamp/run_05/well_formed.request.json
61,6cfcd9948cbd987e014dc2004221f427e0141585b9343918f35b15beef6b3e49,results/previous_single_prompt/raw/GPT-4.1/PlanningPoker/run_01/atomic.request.json,outputs/raw/archive/previous_single_prompt/GPT-4.1/PlanningPoker/run_01/atomic.request.json
61,6cfcd9948cbd987e014dc2004221f427e0141585b9343918f35b15beef6b3e49,results/previous_single_prompt/raw/GPT-4.1/PlanningPoker/run_02/atomic.request.json,outputs/raw/archive/previous_single_prompt/GPT-4.1/PlanningPoker/run_02/atomic.request.json
61,6cfcd9948cbd987e014dc2004221f427e0141585b9343918f35b15beef6b3e49,results/previous_single_prompt/raw/GPT-4.1/PlanningPoker/run_03/atomic.request.json,outputs/raw/archive/previous_single_prompt/GPT-4.1/PlanningPoker/run_03/atomic.request.json
61,6cfcd9948cbd987e014dc2004221f427e0141585b9343918f35b15beef6b3e49,results/previous_single_prompt/raw/GPT-4.1/PlanningPoker/run_04/atomic.request.json,outputs/raw/archive/previous_single_prompt/GPT-4.1/PlanningPoker/run_04/atomic.request.json
61,6cfcd9948cbd987e014dc2004221f427e0141585b9343918f35b15beef6b3e49,results/previous_single_prompt/raw/GPT-4.1/PlanningPoker/run_05/atomic.request.json,outputs/raw/archive/previous_single_prompt/GPT-4.1/PlanningPoker/run_05/atomic.request.json
62,ba7ad2cd985b792e4dff084b642262f87ea040463b388479e259f716107ca6ab,results/previous_single_prompt/raw/GPT-4.1/PlanningPoker/run_01/complete.request.json,outputs/raw/archive/previous_single_prompt/GPT-4.1/PlanningPoker/run_01/complete.request.json
62,ba7ad2cd985b792e4dff084b642262f87ea040463b388479e259f716107ca6ab,results/previous_single_prompt/raw/GPT-4.1/PlanningPoker/run_02/complete.request.json,outputs/raw/archive/previous_single_prompt/GPT-4.1/PlanningPoker/run_02/complete.request.json
62,ba7ad2cd985b792e4dff084b642262f87ea040463b388479e259f716107ca6ab,results/previous_single_prompt/raw/GPT-4.1/PlanningPoker/run_03/complete.request.json,outputs/raw/archive/previous_single_prompt/GPT-4.1/PlanningPoker/run_03/complete.request.json
62,ba7ad2cd985b792e4dff084b642262f87ea040463b388479e259f716107ca6ab,results/previous_single_prompt/raw/GPT-4.1/PlanningPoker/run_04/complete.request.json,outputs/raw/archive/previous_single_prompt/GPT-4.1/PlanningPoker/run_04/complete.request.json
62,ba7ad2cd985b792e4dff084b642262f87ea040463b388479e259f716107ca6ab,results/previous_single_prompt/raw/GPT-4.1/PlanningPoker/run_05/complete.request.json,outputs/raw/archive/previous_single_prompt/GPT-4.1/PlanningPoker/run_05/complete.request.json
63,3095368440cd60d67943c162a14ecc51308c62b776e8204c1cf9c9ddaf0758d5,results/previous_single_prompt/raw/GPT-4.1/PlanningPoker/run_01/conceptually_sound.request.json,outputs/raw/archive/previous_single_prompt/GPT-4.1/PlanningPoker/run_01/conceptually_sound.request.json
63,3095368440cd60d67943c162a14ecc51308c62b776e8204c1cf9c9ddaf0758d5,results/previous_single_prompt/raw/GPT-4.1/PlanningPoker/run_02/conceptually_sound.request.json,outputs/raw/archive/previous_single_prompt/GPT-4.1/PlanningPoker/run_02/conceptually_sound.request.json
63,3095368440cd60d67943c162a14ecc51308c62b776e8204c1cf9c9ddaf0758d5,results/previous_single_prompt/raw/GPT-4.1/PlanningPoker/run_03/conceptually_sound.request.json,outputs/raw/archive/previous_single_prompt/GPT-4.1/PlanningPoker/run_03/conceptually_sound.request.json
63,3095368440cd60d67943c162a14ecc51308c62b776e8204c1cf9c9ddaf0758d5,results/previous_single_prompt/raw/GPT-4.1/PlanningPoker/run_04/conceptually_sound.request.json,outputs/raw/archive/previous_single_prompt/GPT-4.1/PlanningPoker/run_04/conceptually_sound.request.json
63,3095368440cd60d67943c162a14ecc51308c62b776e8204c1cf9c9ddaf0758d5,results/previous_single_prompt/raw/GPT-4.1/PlanningPoker/run_05/conceptually_sound.request.json,outputs/raw/archive/previous_single_prompt/GPT-4.1/PlanningPoker/run_05/conceptually_sound.request.json
64,46d7480ca9d6011fd1e878ab24fbe64e0ddbb84ed4365cad5e27c9af1d0dc14a,results/previous_single_prompt/raw/GPT-4.1/PlanningPoker/run_01/conflict_free.request.json,outputs/raw/archive/previous_single_prompt/GPT-4.1/PlanningPoker/run_01/conflict_free.request.json
64,46d7480ca9d6011fd1e878ab24fbe64e0ddbb84ed4365cad5e27c9af1d0dc14a,results/previous_single_prompt/raw/GPT-4.1/PlanningPoker/run_02/conflict_free.request.json,outputs/raw/archive/previous_single_prompt/GPT-4.1/PlanningPoker/run_02/conflict_free.request.json
64,46d7480ca9d6011fd1e878ab24fbe64e0ddbb84ed4365cad5e27c9af1d0dc14a,results/previous_single_prompt/raw/GPT-4.1/PlanningPoker/run_03/conflict_free.request.json,outputs/raw/archive/previous_single_prompt/GPT-4.1/PlanningPoker/run_03/conflict_free.request.json
64,46d7480ca9d6011fd1e878ab24fbe64e0ddbb84ed4365cad5e27c9af1d0dc14a,results/previous_single_prompt/raw/GPT-4.1/PlanningPoker/run_04/conflict_free.request.json,outputs/raw/archive/previous_single_prompt/GPT-4.1/PlanningPoker/run_04/conflict_free.request.json
64,46d7480ca9d6011fd1e878ab24fbe64e0ddbb84ed4365cad5e27c9af1d0dc14a,results/previous_single_prompt/raw/GPT-4.1/PlanningPoker/run_05/conflict_free.request.json,outputs/raw/archive/previous_single_prompt/GPT-4.1/PlanningPoker/run_05/conflict_free.request.json
65,bf246d0a70c34fb52f4a3f304b559f755b26ed7d9266385c91cc315707ea822d,results/previous_single_prompt/raw/GPT-4.1/PlanningPoker/run_01/estimatable.request.json,outputs/raw/archive/previous_single_prompt/GPT-4.1/PlanningPoker/run_01/estimatable.request.json
65,bf246d0a70c34fb52f4a3f304b559f755b26ed7d9266385c91cc315707ea822d,results/previous_single_prompt/raw/GPT-4.1/PlanningPoker/run_02/estimatable.request.json,outputs/raw/archive/previous_single_prompt/GPT-4.1/PlanningPoker/run_02/estimatable.request.json
65,bf246d0a70c34fb52f4a3f304b559f755b26ed7d9266385c91cc315707ea822d,results/previous_single_prompt/raw/GPT-4.1/PlanningPoker/run_03/estimatable.request.json,outputs/raw/archive/previous_single_prompt/GPT-4.1/PlanningPoker/run_03/estimatable.request.json
65,bf246d0a70c34fb52f4a3f304b559f755b26ed7d9266385c91cc315707ea822d,results/previous_single_prompt/raw/GPT-4.1/PlanningPoker/run_04/estimatable.request.json,outputs/raw/archive/previous_single_prompt/GPT-4.1/PlanningPoker/run_04/estimatable.request.json
65,bf246d0a70c34fb52f4a3f304b559f755b26ed7d9266385c91cc315707ea822d,results/previous_single_prompt/raw/GPT-4.1/PlanningPoker/run_05/estimatable.request.json,outputs/raw/archive/previous_single_prompt/GPT-4.1/PlanningPoker/run_05/estimatable.request.json
66,5f21b332abef6df235c317eeba10e073673748c23fb1634aa73aecaf07bdb76b,results/previous_single_prompt/raw/GPT-4.1/PlanningPoker/run_01/full_sentence.request.json,outputs/raw/archive/previous_single_prompt/GPT-4.1/PlanningPoker/run_01/full_sentence.request.json
66,5f21b332abef6df235c317eeba10e073673748c23fb1634aa73aecaf07bdb76b,results/previous_single_prompt/raw/GPT-4.1/PlanningPoker/run_02/full_sentence.request.json,outputs/raw/archive/previous_single_prompt/GPT-4.1/PlanningPoker/run_02/full_sentence.request.json
66,5f21b332abef6df235c317eeba10e073673748c23fb1634aa73aecaf07bdb76b,results/previous_single_prompt/raw/GPT-4.1/PlanningPoker/run_03/full_sentence.request.json,outputs/raw/archive/previous_single_prompt/GPT-4.1/PlanningPoker/run_03/full_sentence.request.json
66,5f21b332abef6df235c317eeba10e073673748c23fb1634aa73aecaf07bdb76b,results/previous_single_prompt/raw/GPT-4.1/PlanningPoker/run_04/full_sentence.request.json,outputs/raw/archive/previous_single_prompt/GPT-4.1/PlanningPoker/run_04/full_sentence.request.json
66,5f21b332abef6df235c317eeba10e073673748c23fb1634aa73aecaf07bdb76b,results/previous_single_prompt/raw/GPT-4.1/PlanningPoker/run_05/full_sentence.request.json,outputs/raw/archive/previous_single_prompt/GPT-4.1/PlanningPoker/run_05/full_sentence.request.json
67,8db39abdc7d66235bd6fc4ba6b7fb967f1c94b9b55a441ccc1140e85ed502458,results/previous_single_prompt/raw/GPT-4.1/PlanningPoker/run_01/independent.request.json,outputs/raw/archive/previous_single_prompt/GPT-4.1/PlanningPoker/run_01/independent.request.json
67,8db39abdc7d66235bd6fc4ba6b7fb967f1c94b9b55a441ccc1140e85ed502458,results/previous_single_prompt/raw/GPT-4.1/PlanningPoker/run_02/independent.request.json,outputs/raw/archive/previous_single_prompt/GPT-4.1/PlanningPoker/run_02/independent.request.json
67,8db39abdc7d66235bd6fc4ba6b7fb967f1c94b9b55a441ccc1140e85ed502458,results/previous_single_prompt/raw/GPT-4.1/PlanningPoker/run_03/independent.request.json,outputs/raw/archive/previous_single_prompt/GPT-4.1/PlanningPoker/run_03/independent.request.json
67,8db39abdc7d66235bd6fc4ba6b7fb967f1c94b9b55a441ccc1140e85ed502458,results/previous_single_prompt/raw/GPT-4.1/PlanningPoker/run_04/independent.request.json,outputs/raw/archive/previous_single_prompt/GPT-4.1/PlanningPoker/run_04/independent.request.json
67,8db39abdc7d66235bd6fc4ba6b7fb967f1c94b9b55a441ccc1140e85ed502458,results/previous_single_prompt/raw/GPT-4.1/PlanningPoker/run_05/independent.request.json,outputs/raw/archive/previous_single_prompt/GPT-4.1/PlanningPoker/run_05/independent.request.json
68,700c270d61bdfb5da3c0a8b4cb989ee862e4e1da1cfd95c942274e033fa8c545,results/previous_single_prompt/raw/GPT-4.1/PlanningPoker/run_01/minimal.request.json,outputs/raw/archive/previous_single_prompt/GPT-4.1/PlanningPoker/run_01/minimal.request.json
68,700c270d61bdfb5da3c0a8b4cb989ee862e4e1da1cfd95c942274e033fa8c545,results/previous_single_prompt/raw/GPT-4.1/PlanningPoker/run_02/minimal.request.json,outputs/raw/archive/previous_single_prompt/GPT-4.1/PlanningPoker/run_02/minimal.request.json
68,700c270d61bdfb5da3c0a8b4cb989ee862e4e1da1cfd95c942274e033fa8c545,results/previous_single_prompt/raw/GPT-4.1/PlanningPoker/run_03/minimal.request.json,outputs/raw/archive/previous_single_prompt/GPT-4.1/PlanningPoker/run_03/minimal.request.json
68,700c270d61bdfb5da3c0a8b4cb989ee862e4e1da1cfd95c942274e033fa8c545,results/previous_single_prompt/raw/GPT-4.1/PlanningPoker/run_04/minimal.request.json,outputs/raw/archive/previous_single_prompt/GPT-4.1/PlanningPoker/run_04/minimal.request.json
68,700c270d61bdfb5da3c0a8b4cb989ee862e4e1da1cfd95c942274e033fa8c545,results/previous_single_prompt/raw/GPT-4.1/PlanningPoker/run_05/minimal.request.json,outputs/raw/archive/previous_single_prompt/GPT-4.1/PlanningPoker/run_05/minimal.request.json
69,3b2a913d2496005f013975694315ef742e662f59b1c6491140293f1ae346f6be,results/previous_single_prompt/raw/GPT-4.1/PlanningPoker/run_01/problem_oriented.request.json,outputs/raw/archive/previous_single_prompt/GPT-4.1/PlanningPoker/run_01/problem_oriented.request.json
69,3b2a913d2496005f013975694315ef742e662f59b1c6491140293f1ae346f6be,results/previous_single_prompt/raw/GPT-4.1/PlanningPoker/run_02/problem_oriented.request.json,outputs/raw/archive/previous_single_prompt/GPT-4.1/PlanningPoker/run_02/problem_oriented.request.json
69,3b2a913d2496005f013975694315ef742e662f59b1c6491140293f1ae346f6be,results/previous_single_prompt/raw/GPT-4.1/PlanningPoker/run_03/problem_oriented.request.json,outputs/raw/archive/previous_single_prompt/GPT-4.1/PlanningPoker/run_03/problem_oriented.request.json
69,3b2a913d2496005f013975694315ef742e662f59b1c6491140293f1ae346f6be,results/previous_single_prompt/raw/GPT-4.1/PlanningPoker/run_04/problem_oriented.request.json,outputs/raw/archive/previous_single_prompt/GPT-4.1/PlanningPoker/run_04/problem_oriented.request.json
69,3b2a913d2496005f013975694315ef742e662f59b1c6491140293f1ae346f6be,results/previous_single_prompt/raw/GPT-4.1/PlanningPoker/run_05/problem_oriented.request.json,outputs/raw/archive/previous_single_prompt/GPT-4.1/PlanningPoker/run_05/problem_oriented.request.json
70,b9f260d4083811f9565bdb50e6e90f7c167f97a52dfaa94ac8e7b1646dec93e7,results/previous_single_prompt/raw/GPT-4.1/PlanningPoker/run_01/unambiguous.request.json,outputs/raw/archive/previous_single_prompt/GPT-4.1/PlanningPoker/run_01/unambiguous.request.json
70,b9f260d4083811f9565bdb50e6e90f7c167f97a52dfaa94ac8e7b1646dec93e7,results/previous_single_prompt/raw/GPT-4.1/PlanningPoker/run_02/unambiguous.request.json,outputs/raw/archive/previous_single_prompt/GPT-4.1/PlanningPoker/run_02/unambiguous.request.json
70,b9f260d4083811f9565bdb50e6e90f7c167f97a52dfaa94ac8e7b1646dec93e7,results/previous_single_prompt/raw/GPT-4.1/PlanningPoker/run_03/unambiguous.request.json,outputs/raw/archive/previous_single_prompt/GPT-4.1/PlanningPoker/run_03/unambiguous.request.json
70,b9f260d4083811f9565bdb50e6e90f7c167f97a52dfaa94ac8e7b1646dec93e7,results/previous_single_prompt/raw/GPT-4.1/PlanningPoker/run_04/unambiguous.request.json,outputs/raw/archive/previous_single_prompt/GPT-4.1/PlanningPoker/run_04/unambiguous.request.json
70,b9f260d4083811f9565bdb50e6e90f7c167f97a52dfaa94ac8e7b1646dec93e7,results/previous_single_prompt/raw/GPT-4.1/PlanningPoker/run_05/unambiguous.request.json,outputs/raw/archive/previous_single_prompt/GPT-4.1/PlanningPoker/run_05/unambiguous.request.json
71,9e55daa49fcf05693fb186bcfd2d434aa6a9b6a971b3ff4342d190663a269318,results/previous_single_prompt/raw/GPT-4.1/PlanningPoker/run_01/uniform.request.json,outputs/raw/archive/previous_single_prompt/GPT-4.1/PlanningPoker/run_01/uniform.request.json
71,9e55daa49fcf05693fb186bcfd2d434aa6a9b6a971b3ff4342d190663a269318,results/previous_single_prompt/raw/GPT-4.1/PlanningPoker/run_02/uniform.request.json,outputs/raw/archive/previous_single_prompt/GPT-4.1/PlanningPoker/run_02/uniform.request.json
71,9e55daa49fcf05693fb186bcfd2d434aa6a9b6a971b3ff4342d190663a269318,results/previous_single_prompt/raw/GPT-4.1/PlanningPoker/run_03/uniform.request.json,outputs/raw/archive/previous_single_prompt/GPT-4.1/PlanningPoker/run_03/uniform.request.json
71,9e55daa49fcf05693fb186bcfd2d434aa6a9b6a971b3ff4342d190663a269318,results/previous_single_prompt/raw/GPT-4.1/PlanningPoker/run_04/uniform.request.json,outputs/raw/archive/previous_single_prompt/GPT-4.1/PlanningPoker/run_04/uniform.request.json
71,9e55daa49fcf05693fb186bcfd2d434aa6a9b6a971b3ff4342d190663a269318,results/previous_single_prompt/raw/GPT-4.1/PlanningPoker/run_05/uniform.request.json,outputs/raw/archive/previous_single_prompt/GPT-4.1/PlanningPoker/run_05/uniform.request.json
72,936bf8a0eae3522127443df08560c2d944316012296e4fd78ac6b0732a0b46f5,results/previous_single_prompt/raw/GPT-4.1/PlanningPoker/run_01/unique.request.json,outputs/raw/archive/previous_single_prompt/GPT-4.1/PlanningPoker/run_01/unique.request.json
72,936bf8a0eae3522127443df08560c2d944316012296e4fd78ac6b0732a0b46f5,results/previous_single_prompt/raw/GPT-4.1/PlanningPoker/run_02/unique.request.json,outputs/raw/archive/previous_single_prompt/GPT-4.1/PlanningPoker/run_02/unique.request.json
72,936bf8a0eae3522127443df08560c2d944316012296e4fd78ac6b0732a0b46f5,results/previous_single_prompt/raw/GPT-4.1/PlanningPoker/run_03/unique.request.json,outputs/raw/archive/previous_single_prompt/GPT-4.1/PlanningPoker/run_03/unique.request.json
72,936bf8a0eae3522127443df08560c2d944316012296e4fd78ac6b0732a0b46f5,results/previous_single_prompt/raw/GPT-4.1/PlanningPoker/run_04/unique.request.json,outputs/raw/archive/previous_single_prompt/GPT-4.1/PlanningPoker/run_04/unique.request.json
72,936bf8a0eae3522127443df08560c2d944316012296e4fd78ac6b0732a0b46f5,results/previous_single_prompt/raw/GPT-4.1/PlanningPoker/run_05/unique.request.json,outputs/raw/archive/previous_single_prompt/GPT-4.1/PlanningPoker/run_05/unique.request.json
73,7e96613385727da49dc93b530de221c0d401b164d8565ae0b4c037af5c0ad35f,results/previous_single_prompt/raw/GPT-4.1/PlanningPoker/run_01/well_formed.request.json,outputs/raw/archive/previous_single_prompt/GPT-4.1/PlanningPoker/run_01/well_formed.request.json
73,7e96613385727da49dc93b530de221c0d401b164d8565ae0b4c037af5c0ad35f,results/previous_single_prompt/raw/GPT-4.1/PlanningPoker/run_02/well_formed.request.json,outputs/raw/archive/previous_single_prompt/GPT-4.1/PlanningPoker/run_02/well_formed.request.json
73,7e96613385727da49dc93b530de221c0d401b164d8565ae0b4c037af5c0ad35f,results/previous_single_prompt/raw/GPT-4.1/PlanningPoker/run_03/well_formed.request.json,outputs/raw/archive/previous_single_prompt/GPT-4.1/PlanningPoker/run_03/well_formed.request.json
73,7e96613385727da49dc93b530de221c0d401b164d8565ae0b4c037af5c0ad35f,results/previous_single_prompt/raw/GPT-4.1/PlanningPoker/run_04/well_formed.request.json,outputs/raw/archive/previous_single_prompt/GPT-4.1/PlanningPoker/run_04/well_formed.request.json
73,7e96613385727da49dc93b530de221c0d401b164d8565ae0b4c037af5c0ad35f,results/previous_single_prompt/raw/GPT-4.1/PlanningPoker/run_05/well_formed.request.json,outputs/raw/archive/previous_single_prompt/GPT-4.1/PlanningPoker/run_05/well_formed.request.json
74,f2818774be3e132941602e351cc6f9224d30628158f2536856fc3ff6f26307c0,results/previous_single_prompt/raw/GPT-4.1/Zooniverse/run_01/atomic.request.json,outputs/raw/archive/previous_single_prompt/GPT-4.1/Zooniverse/run_01/atomic.request.json
74,f2818774be3e132941602e351cc6f9224d30628158f2536856fc3ff6f26307c0,results/previous_single_prompt/raw/GPT-4.1/Zooniverse/run_02/atomic.request.json,outputs/raw/archive/previous_single_prompt/GPT-4.1/Zooniverse/run_02/atomic.request.json
74,f2818774be3e132941602e351cc6f9224d30628158f2536856fc3ff6f26307c0,results/previous_single_prompt/raw/GPT-4.1/Zooniverse/run_03/atomic.request.json,outputs/raw/archive/previous_single_prompt/GPT-4.1/Zooniverse/run_03/atomic.request.json
74,f2818774be3e132941602e351cc6f9224d30628158f2536856fc3ff6f26307c0,results/previous_single_prompt/raw/GPT-4.1/Zooniverse/run_04/atomic.request.json,outputs/raw/archive/previous_single_prompt/GPT-4.1/Zooniverse/run_04/atomic.request.json
74,f2818774be3e132941602e351cc6f9224d30628158f2536856fc3ff6f26307c0,results/previous_single_prompt/raw/GPT-4.1/Zooniverse/run_05/atomic.request.json,outputs/raw/archive/previous_single_prompt/GPT-4.1/Zooniverse/run_05/atomic.request.json
75,0fac0f63deb9776d59246cfd01206fb494a23e42f12730f4c6a0e20d7bff6f11,results/previous_single_prompt/raw/GPT-4.1/Zooniverse/run_01/complete.request.json,outputs/raw/archive/previous_single_prompt/GPT-4.1/Zooniverse/run_01/complete.request.json
75,0fac0f63deb9776d59246cfd01206fb494a23e42f12730f4c6a0e20d7bff6f11,results/previous_single_prompt/raw/GPT-4.1/Zooniverse/run_02/complete.request.json,outputs/raw/archive/previous_single_prompt/GPT-4.1/Zooniverse/run_02/complete.request.json
75,0fac0f63deb9776d59246cfd01206fb494a23e42f12730f4c6a0e20d7bff6f11,results/previous_single_prompt/raw/GPT-4.1/Zooniverse/run_03/complete.request.json,outputs/raw/archive/previous_single_prompt/GPT-4.1/Zooniverse/run_03/complete.request.json
75,0fac0f63deb9776d59246cfd01206fb494a23e42f12730f4c6a0e20d7bff6f11,results/previous_single_prompt/raw/GPT-4.1/Zooniverse/run_04/complete.request.json,outputs/raw/archive/previous_single_prompt/GPT-4.1/Zooniverse/run_04/complete.request.json
75,0fac0f63deb9776d59246cfd01206fb494a23e42f12730f4c6a0e20d7bff6f11,results/previous_single_prompt/raw/GPT-4.1/Zooniverse/run_05/complete.request.json,outputs/raw/archive/previous_single_prompt/GPT-4.1/Zooniverse/run_05/complete.request.json
76,eb9add7369acf18ad1bd3a93376c36c4ea4f46fd88d061d96a1d70b92d4c2011,results/previous_single_prompt/raw/GPT-4.1/Zooniverse/run_01/conceptually_sound.request.json,outputs/raw/archive/previous_single_prompt/GPT-4.1/Zooniverse/run_01/conceptually_sound.request.json
76,eb9add7369acf18ad1bd3a93376c36c4ea4f46fd88d061d96a1d70b92d4c2011,results/previous_single_prompt/raw/GPT-4.1/Zooniverse/run_02/conceptually_sound.request.json,outputs/raw/archive/previous_single_prompt/GPT-4.1/Zooniverse/run_02/conceptually_sound.request.json
76,eb9add7369acf18ad1bd3a93376c36c4ea4f46fd88d061d96a1d70b92d4c2011,results/previous_single_prompt/raw/GPT-4.1/Zooniverse/run_03/conceptually_sound.request.json,outputs/raw/archive/previous_single_prompt/GPT-4.1/Zooniverse/run_03/conceptually_sound.request.json
76,eb9add7369acf18ad1bd3a93376c36c4ea4f46fd88d061d96a1d70b92d4c2011,results/previous_single_prompt/raw/GPT-4.1/Zooniverse/run_04/conceptually_sound.request.json,outputs/raw/archive/previous_single_prompt/GPT-4.1/Zooniverse/run_04/conceptually_sound.request.json
76,eb9add7369acf18ad1bd3a93376c36c4ea4f46fd88d061d96a1d70b92d4c2011,results/previous_single_prompt/raw/GPT-4.1/Zooniverse/run_05/conceptually_sound.request.json,outputs/raw/archive/previous_single_prompt/GPT-4.1/Zooniverse/run_05/conceptually_sound.request.json
77,a21d7b7ba22e28f6cec641e46695678d969b53d42f6d26254c14bb9a868d23e5,results/previous_single_prompt/raw/GPT-4.1/Zooniverse/run_01/conflict_free.request.json,outputs/raw/archive/previous_single_prompt/GPT-4.1/Zooniverse/run_01/conflict_free.request.json
77,a21d7b7ba22e28f6cec641e46695678d969b53d42f6d26254c14bb9a868d23e5,results/previous_single_prompt/raw/GPT-4.1/Zooniverse/run_02/conflict_free.request.json,outputs/raw/archive/previous_single_prompt/GPT-4.1/Zooniverse/run_02/conflict_free.request.json
77,a21d7b7ba22e28f6cec641e46695678d969b53d42f6d26254c14bb9a868d23e5,results/previous_single_prompt/raw/GPT-4.1/Zooniverse/run_03/conflict_free.request.json,outputs/raw/archive/previous_single_prompt/GPT-4.1/Zooniverse/run_03/conflict_free.request.json
77,a21d7b7ba22e28f6cec641e46695678d969b53d42f6d26254c14bb9a868d23e5,results/previous_single_prompt/raw/GPT-4.1/Zooniverse/run_04/conflict_free.request.json,outputs/raw/archive/previous_single_prompt/GPT-4.1/Zooniverse/run_04/conflict_free.request.json
77,a21d7b7ba22e28f6cec641e46695678d969b53d42f6d26254c14bb9a868d23e5,results/previous_single_prompt/raw/GPT-4.1/Zooniverse/run_05/conflict_free.request.json,outputs/raw/archive/previous_single_prompt/GPT-4.1/Zooniverse/run_05/conflict_free.request.json
78,56f1e04752d2b77917a5a26836a4e4bf3b4a48c8f9c387d9342fa21fe7fe28e3,results/previous_single_prompt/raw/GPT-4.1/Zooniverse/run_01/estimatable.request.json,outputs/raw/archive/previous_single_prompt/GPT-4.1/Zooniverse/run_01/estimatable.request.json
78,56f1e04752d2b77917a5a26836a4e4bf3b4a48c8f9c387d9342fa21fe7fe28e3,results/previous_single_prompt/raw/GPT-4.1/Zooniverse/run_02/estimatable.request.json,outputs/raw/archive/previous_single_prompt/GPT-4.1/Zooniverse/run_02/estimatable.request.json
78,56f1e04752d2b77917a5a26836a4e4bf3b4a48c8f9c387d9342fa21fe7fe28e3,results/previous_single_prompt/raw/GPT-4.1/Zooniverse/run_03/estimatable.request.json,outputs/raw/archive/previous_single_prompt/GPT-4.1/Zooniverse/run_03/estimatable.request.json
78,56f1e04752d2b77917a5a26836a4e4bf3b4a48c8f9c387d9342fa21fe7fe28e3,results/previous_single_prompt/raw/GPT-4.1/Zooniverse/run_04/estimatable.request.json,outputs/raw/archive/previous_single_prompt/GPT-4.1/Zooniverse/run_04/estimatable.request.json
78,56f1e04752d2b77917a5a26836a4e4bf3b4a48c8f9c387d9342fa21fe7fe28e3,results/previous_single_prompt/raw/GPT-4.1/Zooniverse/run_05/estimatable.request.json,outputs/raw/archive/previous_single_prompt/GPT-4.1/Zooniverse/run_05/estimatable.request.json
79,8a8de03beb3e5f8dfea958e63b7299e3a78eb85814c9d90f0abe7b8252b45634,results/previous_single_prompt/raw/GPT-4.1/Zooniverse/run_01/full_sentence.request.json,outputs/raw/archive/previous_single_prompt/GPT-4.1/Zooniverse/run_01/full_sentence.request.json
79,8a8de03beb3e5f8dfea958e63b7299e3a78eb85814c9d90f0abe7b8252b45634,results/previous_single_prompt/raw/GPT-4.1/Zooniverse/run_02/full_sentence.request.json,outputs/raw/archive/previous_single_prompt/GPT-4.1/Zooniverse/run_02/full_sentence.request.json
79,8a8de03beb3e5f8dfea958e63b7299e3a78eb85814c9d90f0abe7b8252b45634,results/previous_single_prompt/raw/GPT-4.1/Zooniverse/run_03/full_sentence.request.json,outputs/raw/archive/previous_single_prompt/GPT-4.1/Zooniverse/run_03/full_sentence.request.json
79,8a8de03beb3e5f8dfea958e63b7299e3a78eb85814c9d90f0abe7b8252b45634,results/previous_single_prompt/raw/GPT-4.1/Zooniverse/run_04/full_sentence.request.json,outputs/raw/archive/previous_single_prompt/GPT-4.1/Zooniverse/run_04/full_sentence.request.json
79,8a8de03beb3e5f8dfea958e63b7299e3a78eb85814c9d90f0abe7b8252b45634,results/previous_single_prompt/raw/GPT-4.1/Zooniverse/run_05/full_sentence.request.json,outputs/raw/archive/previous_single_prompt/GPT-4.1/Zooniverse/run_05/full_sentence.request.json
80,985ee2b5504c7c99e0dbe7d24d1b948f28161db1a29f17a51dcc7b28529784e6,results/previous_single_prompt/raw/GPT-4.1/Zooniverse/run_01/independent.request.json,outputs/raw/archive/previous_single_prompt/GPT-4.1/Zooniverse/run_01/independent.request.json
80,985ee2b5504c7c99e0dbe7d24d1b948f28161db1a29f17a51dcc7b28529784e6,results/previous_single_prompt/raw/GPT-4.1/Zooniverse/run_02/independent.request.json,outputs/raw/archive/previous_single_prompt/GPT-4.1/Zooniverse/run_02/independent.request.json
80,985ee2b5504c7c99e0dbe7d24d1b948f28161db1a29f17a51dcc7b28529784e6,results/previous_single_prompt/raw/GPT-4.1/Zooniverse/run_03/independent.request.json,outputs/raw/archive/previous_single_prompt/GPT-4.1/Zooniverse/run_03/independent.request.json
80,985ee2b5504c7c99e0dbe7d24d1b948f28161db1a29f17a51dcc7b28529784e6,results/previous_single_prompt/raw/GPT-4.1/Zooniverse/run_04/independent.request.json,outputs/raw/archive/previous_single_prompt/GPT-4.1/Zooniverse/run_04/independent.request.json
80,985ee2b5504c7c99e0dbe7d24d1b948f28161db1a29f17a51dcc7b28529784e6,results/previous_single_prompt/raw/GPT-4.1/Zooniverse/run_05/independent.request.json,outputs/raw/archive/previous_single_prompt/GPT-4.1/Zooniverse/run_05/independent.request.json
81,c6b4e864dfde369fd0d11709ad2c07e03ea78b0e271006f1748381442da37e8c,results/previous_single_prompt/raw/GPT-4.1/Zooniverse/run_01/minimal.request.json,outputs/raw/archive/previous_single_prompt/GPT-4.1/Zooniverse/run_01/minimal.request.json
81,c6b4e864dfde369fd0d11709ad2c07e03ea78b0e271006f1748381442da37e8c,results/previous_single_prompt/raw/GPT-4.1/Zooniverse/run_02/minimal.request.json,outputs/raw/archive/previous_single_prompt/GPT-4.1/Zooniverse/run_02/minimal.request.json
81,c6b4e864dfde369fd0d11709ad2c07e03ea78b0e271006f1748381442da37e8c,results/previous_single_prompt/raw/GPT-4.1/Zooniverse/run_03/minimal.request.json,outputs/raw/archive/previous_single_prompt/GPT-4.1/Zooniverse/run_03/minimal.request.json
81,c6b4e864dfde369fd0d11709ad2c07e03ea78b0e271006f1748381442da37e8c,results/previous_single_prompt/raw/GPT-4.1/Zooniverse/run_04/minimal.request.json,outputs/raw/archive/previous_single_prompt/GPT-4.1/Zooniverse/run_04/minimal.request.json
81,c6b4e864dfde369fd0d11709ad2c07e03ea78b0e271006f1748381442da37e8c,results/previous_single_prompt/raw/GPT-4.1/Zooniverse/run_05/minimal.request.json,outputs/raw/archive/previous_single_prompt/GPT-4.1/Zooniverse/run_05/minimal.request.json
82,25742b2b7874bbdda26b29c4f83eeda105c1eddbce504097dd1d6cc403df1912,results/previous_single_prompt/raw/GPT-4.1/Zooniverse/run_01/problem_oriented.request.json,outputs/raw/archive/previous_single_prompt/GPT-4.1/Zooniverse/run_01/problem_oriented.request.json
82,25742b2b7874bbdda26b29c4f83eeda105c1eddbce504097dd1d6cc403df1912,results/previous_single_prompt/raw/GPT-4.1/Zooniverse/run_02/problem_oriented.request.json,outputs/raw/archive/previous_single_prompt/GPT-4.1/Zooniverse/run_02/problem_oriented.request.json
82,25742b2b7874bbdda26b29c4f83eeda105c1eddbce504097dd1d6cc403df1912,results/previous_single_prompt/raw/GPT-4.1/Zooniverse/run_03/problem_oriented.request.json,outputs/raw/archive/previous_single_prompt/GPT-4.1/Zooniverse/run_03/problem_oriented.request.json
82,25742b2b7874bbdda26b29c4f83eeda105c1eddbce504097dd1d6cc403df1912,results/previous_single_prompt/raw/GPT-4.1/Zooniverse/run_04/problem_oriented.request.json,outputs/raw/archive/previous_single_prompt/GPT-4.1/Zooniverse/run_04/problem_oriented.request.json
82,25742b2b7874bbdda26b29c4f83eeda105c1eddbce504097dd1d6cc403df1912,results/previous_single_prompt/raw/GPT-4.1/Zooniverse/run_05/problem_oriented.request.json,outputs/raw/archive/previous_single_prompt/GPT-4.1/Zooniverse/run_05/problem_oriented.request.json
83,cf8106701f587b9488be09adf1652077cfcbde55f7d8761ce173cac2cef66f86,results/previous_single_prompt/raw/GPT-4.1/Zooniverse/run_01/unambiguous.request.json,outputs/raw/archive/previous_single_prompt/GPT-4.1/Zooniverse/run_01/unambiguous.request.json
83,cf8106701f587b9488be09adf1652077cfcbde55f7d8761ce173cac2cef66f86,results/previous_single_prompt/raw/GPT-4.1/Zooniverse/run_02/unambiguous.request.json,outputs/raw/archive/previous_single_prompt/GPT-4.1/Zooniverse/run_02/unambiguous.request.json
83,cf8106701f587b9488be09adf1652077cfcbde55f7d8761ce173cac2cef66f86,results/previous_single_prompt/raw/GPT-4.1/Zooniverse/run_03/unambiguous.request.json,outputs/raw/archive/previous_single_prompt/GPT-4.1/Zooniverse/run_03/unambiguous.request.json
83,cf8106701f587b9488be09adf1652077cfcbde55f7d8761ce173cac2cef66f86,results/previous_single_prompt/raw/GPT-4.1/Zooniverse/run_04/unambiguous.request.json,outputs/raw/archive/previous_single_prompt/GPT-4.1/Zooniverse/run_04/unambiguous.request.json
83,cf8106701f587b9488be09adf1652077cfcbde55f7d8761ce173cac2cef66f86,results/previous_single_prompt/raw/GPT-4.1/Zooniverse/run_05/unambiguous.request.json,outputs/raw/archive/previous_single_prompt/GPT-4.1/Zooniverse/run_05/unambiguous.request.json
84,8dbd8d300df0eb71da6ea13a2f1a1f29d756960f33d0699424697e11af578980,results/previous_single_prompt/raw/GPT-4.1/Zooniverse/run_01/uniform.request.json,outputs/raw/archive/previous_single_prompt/GPT-4.1/Zooniverse/run_01/uniform.request.json
84,8dbd8d300df0eb71da6ea13a2f1a1f29d756960f33d0699424697e11af578980,results/previous_single_prompt/raw/GPT-4.1/Zooniverse/run_02/uniform.request.json,outputs/raw/archive/previous_single_prompt/GPT-4.1/Zooniverse/run_02/uniform.request.json
84,8dbd8d300df0eb71da6ea13a2f1a1f29d756960f33d0699424697e11af578980,results/previous_single_prompt/raw/GPT-4.1/Zooniverse/run_03/uniform.request.json,outputs/raw/archive/previous_single_prompt/GPT-4.1/Zooniverse/run_03/uniform.request.json
84,8dbd8d300df0eb71da6ea13a2f1a1f29d756960f33d0699424697e11af578980,results/previous_single_prompt/raw/GPT-4.1/Zooniverse/run_04/uniform.request.json,outputs/raw/archive/previous_single_prompt/GPT-4.1/Zooniverse/run_04/uniform.request.json
84,8dbd8d300df0eb71da6ea13a2f1a1f29d756960f33d0699424697e11af578980,results/previous_single_prompt/raw/GPT-4.1/Zooniverse/run_05/uniform.request.json,outputs/raw/archive/previous_single_prompt/GPT-4.1/Zooniverse/run_05/uniform.request.json
85,e96a3a6438d3e3baf14f95c298ed10d6130b469147c040b061125db6030861f3,results/previous_single_prompt/raw/GPT-4.1/Zooniverse/run_01/unique.request.json,outputs/raw/archive/previous_single_prompt/GPT-4.1/Zooniverse/run_01/unique.request.json
85,e96a3a6438d3e3baf14f95c298ed10d6130b469147c040b061125db6030861f3,results/previous_single_prompt/raw/GPT-4.1/Zooniverse/run_02/unique.request.json,outputs/raw/archive/previous_single_prompt/GPT-4.1/Zooniverse/run_02/unique.request.json
85,e96a3a6438d3e3baf14f95c298ed10d6130b469147c040b061125db6030861f3,results/previous_single_prompt/raw/GPT-4.1/Zooniverse/run_03/unique.request.json,outputs/raw/archive/previous_single_prompt/GPT-4.1/Zooniverse/run_03/unique.request.json
85,e96a3a6438d3e3baf14f95c298ed10d6130b469147c040b061125db6030861f3,results/previous_single_prompt/raw/GPT-4.1/Zooniverse/run_04/unique.request.json,outputs/raw/archive/previous_single_prompt/GPT-4.1/Zooniverse/run_04/unique.request.json
85,e96a3a6438d3e3baf14f95c298ed10d6130b469147c040b061125db6030861f3,results/previous_single_prompt/raw/GPT-4.1/Zooniverse/run_05/unique.request.json,outputs/raw/archive/previous_single_prompt/GPT-4.1/Zooniverse/run_05/unique.request.json
86,0dac72006130df5d5f8bfa9c2cd084333d2dea2b6ae51417a7469271a562852b,results/previous_single_prompt/raw/GPT-4.1/Zooniverse/run_01/well_formed.request.json,outputs/raw/archive/previous_single_prompt/GPT-4.1/Zooniverse/run_01/well_formed.request.json
86,0dac72006130df5d5f8bfa9c2cd084333d2dea2b6ae51417a7469271a562852b,results/previous_single_prompt/raw/GPT-4.1/Zooniverse/run_02/well_formed.request.json,outputs/raw/archive/previous_single_prompt/GPT-4.1/Zooniverse/run_02/well_formed.request.json
86,0dac72006130df5d5f8bfa9c2cd084333d2dea2b6ae51417a7469271a562852b,results/previous_single_prompt/raw/GPT-4.1/Zooniverse/run_03/well_formed.request.json,outputs/raw/archive/previous_single_prompt/GPT-4.1/Zooniverse/run_03/well_formed.request.json
86,0dac72006130df5d5f8bfa9c2cd084333d2dea2b6ae51417a7469271a562852b,results/previous_single_prompt/raw/GPT-4.1/Zooniverse/run_04/well_formed.request.json,outputs/raw/archive/previous_single_prompt/GPT-4.1/Zooniverse/run_04/well_formed.request.json
86,0dac72006130df5d5f8bfa9c2cd084333d2dea2b6ae51417a7469271a562852b,results/previous_single_prompt/raw/GPT-4.1/Zooniverse/run_05/well_formed.request.json,outputs/raw/archive/previous_single_prompt/GPT-4.1/Zooniverse/run_05/well_formed.request.json
87,b2d0330ca238f36d5901df9bc452bd1fba7914b1c706bb71c81989c077deba6d,results/previous_single_prompt/raw/GPT-5.2/BADCamp/run_01/atomic.request.json,outputs/raw/archive/previous_single_prompt/GPT-5.2/BADCamp/run_01/atomic.request.json
87,b2d0330ca238f36d5901df9bc452bd1fba7914b1c706bb71c81989c077deba6d,results/previous_single_prompt/raw/GPT-5.2/BADCamp/run_02/atomic.request.json,outputs/raw/archive/previous_single_prompt/GPT-5.2/BADCamp/run_02/atomic.request.json
87,b2d0330ca238f36d5901df9bc452bd1fba7914b1c706bb71c81989c077deba6d,results/previous_single_prompt/raw/GPT-5.2/BADCamp/run_03/atomic.request.json,outputs/raw/archive/previous_single_prompt/GPT-5.2/BADCamp/run_03/atomic.request.json
87,b2d0330ca238f36d5901df9bc452bd1fba7914b1c706bb71c81989c077deba6d,results/previous_single_prompt/raw/GPT-5.2/BADCamp/run_04/atomic.request.json,outputs/raw/archive/previous_single_prompt/GPT-5.2/BADCamp/run_04/atomic.request.json
87,b2d0330ca238f36d5901df9bc452bd1fba7914b1c706bb71c81989c077deba6d,results/previous_single_prompt/raw/GPT-5.2/BADCamp/run_05/atomic.request.json,outputs/raw/archive/previous_single_prompt/GPT-5.2/BADCamp/run_05/atomic.request.json
88,5883e1cc92964ec6a0ab0b39d5c413afcbf5cf5a93b69806ad98197ac0f09a21,results/previous_single_prompt/raw/GPT-5.2/BADCamp/run_01/complete.request.json,outputs/raw/archive/previous_single_prompt/GPT-5.2/BADCamp/run_01/complete.request.json
88,5883e1cc92964ec6a0ab0b39d5c413afcbf5cf5a93b69806ad98197ac0f09a21,results/previous_single_prompt/raw/GPT-5.2/BADCamp/run_02/complete.request.json,outputs/raw/archive/previous_single_prompt/GPT-5.2/BADCamp/run_02/complete.request.json
88,5883e1cc92964ec6a0ab0b39d5c413afcbf5cf5a93b69806ad98197ac0f09a21,results/previous_single_prompt/raw/GPT-5.2/BADCamp/run_03/complete.request.json,outputs/raw/archive/previous_single_prompt/GPT-5.2/BADCamp/run_03/complete.request.json
88,5883e1cc92964ec6a0ab0b39d5c413afcbf5cf5a93b69806ad98197ac0f09a21,results/previous_single_prompt/raw/GPT-5.2/BADCamp/run_04/complete.request.json,outputs/raw/archive/previous_single_prompt/GPT-5.2/BADCamp/run_04/complete.request.json
88,5883e1cc92964ec6a0ab0b39d5c413afcbf5cf5a93b69806ad98197ac0f09a21,results/previous_single_prompt/raw/GPT-5.2/BADCamp/run_05/complete.request.json,outputs/raw/archive/previous_single_prompt/GPT-5.2/BADCamp/run_05/complete.request.json
89,3b131ce7979bef9b4c2587e87f7744c1b10f2285f842e9755ec38619889e8db5,results/previous_single_prompt/raw/GPT-5.2/BADCamp/run_01/conceptually_sound.request.json,outputs/raw/archive/previous_single_prompt/GPT-5.2/BADCamp/run_01/conceptually_sound.request.json
89,3b131ce7979bef9b4c2587e87f7744c1b10f2285f842e9755ec38619889e8db5,results/previous_single_prompt/raw/GPT-5.2/BADCamp/run_02/conceptually_sound.request.json,outputs/raw/archive/previous_single_prompt/GPT-5.2/BADCamp/run_02/conceptually_sound.request.json
89,3b131ce7979bef9b4c2587e87f7744c1b10f2285f842e9755ec38619889e8db5,results/previous_single_prompt/raw/GPT-5.2/BADCamp/run_03/conceptually_sound.request.json,outputs/raw/archive/previous_single_prompt/GPT-5.2/BADCamp/run_03/conceptually_sound.request.json
89,3b131ce7979bef9b4c2587e87f7744c1b10f2285f842e9755ec38619889e8db5,results/previous_single_prompt/raw/GPT-5.2/BADCamp/run_04/conceptually_sound.request.json,outputs/raw/archive/previous_single_prompt/GPT-5.2/BADCamp/run_04/conceptually_sound.request.json
89,3b131ce7979bef9b4c2587e87f7744c1b10f2285f842e9755ec38619889e8db5,results/previous_single_prompt/raw/GPT-5.2/BADCamp/run_05/conceptually_sound.request.json,outputs/raw/archive/previous_single_prompt/GPT-5.2/BADCamp/run_05/conceptually_sound.request.json
90,0f52bab994409c5c9215f080b72ab7414421deca100ebdda000fcaab6eb5c182,results/previous_single_prompt/raw/GPT-5.2/BADCamp/run_01/conflict_free.request.json,outputs/raw/archive/previous_single_prompt/GPT-5.2/BADCamp/run_01/conflict_free.request.json
90,0f52bab994409c5c9215f080b72ab7414421deca100ebdda000fcaab6eb5c182,results/previous_single_prompt/raw/GPT-5.2/BADCamp/run_02/conflict_free.request.json,outputs/raw/archive/previous_single_prompt/GPT-5.2/BADCamp/run_02/conflict_free.request.json
90,0f52bab994409c5c9215f080b72ab7414421deca100ebdda000fcaab6eb5c182,results/previous_single_prompt/raw/GPT-5.2/BADCamp/run_03/conflict_free.request.json,outputs/raw/archive/previous_single_prompt/GPT-5.2/BADCamp/run_03/conflict_free.request.json
90,0f52bab994409c5c9215f080b72ab7414421deca100ebdda000fcaab6eb5c182,results/previous_single_prompt/raw/GPT-5.2/BADCamp/run_04/conflict_free.request.json,outputs/raw/archive/previous_single_prompt/GPT-5.2/BADCamp/run_04/conflict_free.request.json
90,0f52bab994409c5c9215f080b72ab7414421deca100ebdda000fcaab6eb5c182,results/previous_single_prompt/raw/GPT-5.2/BADCamp/run_05/conflict_free.request.json,outputs/raw/archive/previous_single_prompt/GPT-5.2/BADCamp/run_05/conflict_free.request.json
91,f3806abbb12ec7c5acd4055c78c5cb83220825569ee966f4d969263ad50a77f0,results/previous_single_prompt/raw/GPT-5.2/BADCamp/run_01/estimatable.request.json,outputs/raw/archive/previous_single_prompt/GPT-5.2/BADCamp/run_01/estimatable.request.json
91,f3806abbb12ec7c5acd4055c78c5cb83220825569ee966f4d969263ad50a77f0,results/previous_single_prompt/raw/GPT-5.2/BADCamp/run_02/estimatable.request.json,outputs/raw/archive/previous_single_prompt/GPT-5.2/BADCamp/run_02/estimatable.request.json
91,f3806abbb12ec7c5acd4055c78c5cb83220825569ee966f4d969263ad50a77f0,results/previous_single_prompt/raw/GPT-5.2/BADCamp/run_03/estimatable.request.json,outputs/raw/archive/previous_single_prompt/GPT-5.2/BADCamp/run_03/estimatable.request.json
91,f3806abbb12ec7c5acd4055c78c5cb83220825569ee966f4d969263ad50a77f0,results/previous_single_prompt/raw/GPT-5.2/BADCamp/run_04/estimatable.request.json,outputs/raw/archive/previous_single_prompt/GPT-5.2/BADCamp/run_04/estimatable.request.json
91,f3806abbb12ec7c5acd4055c78c5cb83220825569ee966f4d969263ad50a77f0,results/previous_single_prompt/raw/GPT-5.2/BADCamp/run_05/estimatable.request.json,outputs/raw/archive/previous_single_prompt/GPT-5.2/BADCamp/run_05/estimatable.request.json
92,13852e09a53bb030dd8ed5fdf173d2afbae2ee5849754babace648ce793bf66f,results/previous_single_prompt/raw/GPT-5.2/BADCamp/run_01/full_sentence.request.json,outputs/raw/archive/previous_single_prompt/GPT-5.2/BADCamp/run_01/full_sentence.request.json
92,13852e09a53bb030dd8ed5fdf173d2afbae2ee5849754babace648ce793bf66f,results/previous_single_prompt/raw/GPT-5.2/BADCamp/run_02/full_sentence.request.json,outputs/raw/archive/previous_single_prompt/GPT-5.2/BADCamp/run_02/full_sentence.request.json
92,13852e09a53bb030dd8ed5fdf173d2afbae2ee5849754babace648ce793bf66f,results/previous_single_prompt/raw/GPT-5.2/BADCamp/run_03/full_sentence.request.json,outputs/raw/archive/previous_single_prompt/GPT-5.2/BADCamp/run_03/full_sentence.request.json
92,13852e09a53bb030dd8ed5fdf173d2afbae2ee5849754babace648ce793bf66f,results/previous_single_prompt/raw/GPT-5.2/BADCamp/run_04/full_sentence.request.json,outputs/raw/archive/previous_single_prompt/GPT-5.2/BADCamp/run_04/full_sentence.request.json
92,13852e09a53bb030dd8ed5fdf173d2afbae2ee5849754babace648ce793bf66f,results/previous_single_prompt/raw/GPT-5.2/BADCamp/run_05/full_sentence.request.json,outputs/raw/archive/previous_single_prompt/GPT-5.2/BADCamp/run_05/full_sentence.request.json
93,46f59bff18d9b96942ca612a909aa6fd283ae24de2ca5ed208b5a84d09422057,results/previous_single_prompt/raw/GPT-5.2/BADCamp/run_01/independent.request.json,outputs/raw/archive/previous_single_prompt/GPT-5.2/BADCamp/run_01/independent.request.json
93,46f59bff18d9b96942ca612a909aa6fd283ae24de2ca5ed208b5a84d09422057,results/previous_single_prompt/raw/GPT-5.2/BADCamp/run_02/independent.request.json,outputs/raw/archive/previous_single_prompt/GPT-5.2/BADCamp/run_02/independent.request.json
93,46f59bff18d9b96942ca612a909aa6fd283ae24de2ca5ed208b5a84d09422057,results/previous_single_prompt/raw/GPT-5.2/BADCamp/run_03/independent.request.json,outputs/raw/archive/previous_single_prompt/GPT-5.2/BADCamp/run_03/independent.request.json
93,46f59bff18d9b96942ca612a909aa6fd283ae24de2ca5ed208b5a84d09422057,results/previous_single_prompt/raw/GPT-5.2/BADCamp/run_04/independent.request.json,outputs/raw/archive/previous_single_prompt/GPT-5.2/BADCamp/run_04/independent.request.json
93,46f59bff18d9b96942ca612a909aa6fd283ae24de2ca5ed208b5a84d09422057,results/previous_single_prompt/raw/GPT-5.2/BADCamp/run_05/independent.request.json,outputs/raw/archive/previous_single_prompt/GPT-5.2/BADCamp/run_05/independent.request.json
94,98ec590b57804f3ca70c1e9bb643e93a502fd44400b120af95e95087b4f7ead7,results/previous_single_prompt/raw/GPT-5.2/BADCamp/run_01/minimal.request.json,outputs/raw/archive/previous_single_prompt/GPT-5.2/BADCamp/run_01/minimal.request.json
94,98ec590b57804f3ca70c1e9bb643e93a502fd44400b120af95e95087b4f7ead7,results/previous_single_prompt/raw/GPT-5.2/BADCamp/run_02/minimal.request.json,outputs/raw/archive/previous_single_prompt/GPT-5.2/BADCamp/run_02/minimal.request.json
94,98ec590b57804f3ca70c1e9bb643e93a502fd44400b120af95e95087b4f7ead7,results/previous_single_prompt/raw/GPT-5.2/BADCamp/run_03/minimal.request.json,outputs/raw/archive/previous_single_prompt/GPT-5.2/BADCamp/run_03/minimal.request.json
94,98ec590b57804f3ca70c1e9bb643e93a502fd44400b120af95e95087b4f7ead7,results/previous_single_prompt/raw/GPT-5.2/BADCamp/run_04/minimal.request.json,outputs/raw/archive/previous_single_prompt/GPT-5.2/BADCamp/run_04/minimal.request.json
94,98ec590b57804f3ca70c1e9bb643e93a502fd44400b120af95e95087b4f7ead7,results/previous_single_prompt/raw/GPT-5.2/BADCamp/run_05/minimal.request.json,outputs/raw/archive/previous_single_prompt/GPT-5.2/BADCamp/run_05/minimal.request.json
95,8dc3badfc4e4c3758c89e794377fa1a1732dc469e997b1a70d83c0bcc2a3a9ca,results/previous_single_prompt/raw/GPT-5.2/BADCamp/run_01/problem_oriented.request.json,outputs/raw/archive/previous_single_prompt/GPT-5.2/BADCamp/run_01/problem_oriented.request.json
95,8dc3badfc4e4c3758c89e794377fa1a1732dc469e997b1a70d83c0bcc2a3a9ca,results/previous_single_prompt/raw/GPT-5.2/BADCamp/run_02/problem_oriented.request.json,outputs/raw/archive/previous_single_prompt/GPT-5.2/BADCamp/run_02/problem_oriented.request.json
95,8dc3badfc4e4c3758c89e794377fa1a1732dc469e997b1a70d83c0bcc2a3a9ca,results/previous_single_prompt/raw/GPT-5.2/BADCamp/run_03/problem_oriented.request.json,outputs/raw/archive/previous_single_prompt/GPT-5.2/BADCamp/run_03/problem_oriented.request.json
95,8dc3badfc4e4c3758c89e794377fa1a1732dc469e997b1a70d83c0bcc2a3a9ca,results/previous_single_prompt/raw/GPT-5.2/BADCamp/run_04/problem_oriented.request.json,outputs/raw/archive/previous_single_prompt/GPT-5.2/BADCamp/run_04/problem_oriented.request.json
95,8dc3badfc4e4c3758c89e794377fa1a1732dc469e997b1a70d83c0bcc2a3a9ca,results/previous_single_prompt/raw/GPT-5.2/BADCamp/run_05/problem_oriented.request.json,outputs/raw/archive/previous_single_prompt/GPT-5.2/BADCamp/run_05/problem_oriented.request.json
96,00a1a8ad99251d5dbfb6a4f1d8c5f1b585e110b04cc742da94319c81d5b95fd9,results/previous_single_prompt/raw/GPT-5.2/BADCamp/run_01/unambiguous.request.json,outputs/raw/archive/previous_single_prompt/GPT-5.2/BADCamp/run_01/unambiguous.request.json
96,00a1a8ad99251d5dbfb6a4f1d8c5f1b585e110b04cc742da94319c81d5b95fd9,results/previous_single_prompt/raw/GPT-5.2/BADCamp/run_02/unambiguous.request.json,outputs/raw/archive/previous_single_prompt/GPT-5.2/BADCamp/run_02/unambiguous.request.json
96,00a1a8ad99251d5dbfb6a4f1d8c5f1b585e110b04cc742da94319c81d5b95fd9,results/previous_single_prompt/raw/GPT-5.2/BADCamp/run_03/unambiguous.request.json,outputs/raw/archive/previous_single_prompt/GPT-5.2/BADCamp/run_03/unambiguous.request.json
96,00a1a8ad99251d5dbfb6a4f1d8c5f1b585e110b04cc742da94319c81d5b95fd9,results/previous_single_prompt/raw/GPT-5.2/BADCamp/run_04/unambiguous.request.json,outputs/raw/archive/previous_single_prompt/GPT-5.2/BADCamp/run_04/unambiguous.request.json
96,00a1a8ad99251d5dbfb6a4f1d8c5f1b585e110b04cc742da94319c81d5b95fd9,results/previous_single_prompt/raw/GPT-5.2/BADCamp/run_05/unambiguous.request.json,outputs/raw/archive/previous_single_prompt/GPT-5.2/BADCamp/run_05/unambiguous.request.json
97,40fad098a7988c52768fd9e8d85c8768f0047a0f2c235241be4c1ba2ac62234d,results/previous_single_prompt/raw/GPT-5.2/BADCamp/run_01/uniform.request.json,outputs/raw/archive/previous_single_prompt/GPT-5.2/BADCamp/run_01/uniform.request.json
97,40fad098a7988c52768fd9e8d85c8768f0047a0f2c235241be4c1ba2ac62234d,results/previous_single_prompt/raw/GPT-5.2/BADCamp/run_02/uniform.request.json,outputs/raw/archive/previous_single_prompt/GPT-5.2/BADCamp/run_02/uniform.request.json
97,40fad098a7988c52768fd9e8d85c8768f0047a0f2c235241be4c1ba2ac62234d,results/previous_single_prompt/raw/GPT-5.2/BADCamp/run_03/uniform.request.json,outputs/raw/archive/previous_single_prompt/GPT-5.2/BADCamp/run_03/uniform.request.json
97,40fad098a7988c52768fd9e8d85c8768f0047a0f2c235241be4c1ba2ac62234d,results/previous_single_prompt/raw/GPT-5.2/BADCamp/run_04/uniform.request.json,outputs/raw/archive/previous_single_prompt/GPT-5.2/BADCamp/run_04/uniform.request.json
97,40fad098a7988c52768fd9e8d85c8768f0047a0f2c235241be4c1ba2ac62234d,results/previous_single_prompt/raw/GPT-5.2/BADCamp/run_05/uniform.request.json,outputs/raw/archive/previous_single_prompt/GPT-5.2/BADCamp/run_05/uniform.request.json
98,4caebd8bb3a276d5afa81671a44a089b93e53bfefaf0e2574684238c6c75c444,results/previous_single_prompt/raw/GPT-5.2/BADCamp/run_01/unique.request.json,outputs/raw/archive/previous_single_prompt/GPT-5.2/BADCamp/run_01/unique.request.json
98,4caebd8bb3a276d5afa81671a44a089b93e53bfefaf0e2574684238c6c75c444,results/previous_single_prompt/raw/GPT-5.2/BADCamp/run_02/unique.request.json,outputs/raw/archive/previous_single_prompt/GPT-5.2/BADCamp/run_02/unique.request.json
98,4caebd8bb3a276d5afa81671a44a089b93e53bfefaf0e2574684238c6c75c444,results/previous_single_prompt/raw/GPT-5.2/BADCamp/run_03/unique.request.json,outputs/raw/archive/previous_single_prompt/GPT-5.2/BADCamp/run_03/unique.request.json
98,4caebd8bb3a276d5afa81671a44a089b93e53bfefaf0e2574684238c6c75c444,results/previous_single_prompt/raw/GPT-5.2/BADCamp/run_04/unique.request.json,outputs/raw/archive/previous_single_prompt/GPT-5.2/BADCamp/run_04/unique.request.json
98,4caebd8bb3a276d5afa81671a44a089b93e53bfefaf0e2574684238c6c75c444,results/previous_single_prompt/raw/GPT-5.2/BADCamp/run_05/unique.request.json,outputs/raw/archive/previous_single_prompt/GPT-5.2/BADCamp/run_05/unique.request.json
99,34505a34ca22e7154cd2e315662f9fcff07bca43f9f3b38e75ccaacee10f0a37,results/previous_single_prompt/raw/GPT-5.2/BADCamp/run_01/well_formed.request.json,outputs/raw/archive/previous_single_prompt/GPT-5.2/BADCamp/run_01/well_formed.request.json
99,34505a34ca22e7154cd2e315662f9fcff07bca43f9f3b38e75ccaacee10f0a37,results/previous_single_prompt/raw/GPT-5.2/BADCamp/run_02/well_formed.request.json,outputs/raw/archive/previous_single_prompt/GPT-5.2/BADCamp/run_02/well_formed.request.json
99,34505a34ca22e7154cd2e315662f9fcff07bca43f9f3b38e75ccaacee10f0a37,results/previous_single_prompt/raw/GPT-5.2/BADCamp/run_03/well_formed.request.json,outputs/raw/archive/previous_single_prompt/GPT-5.2/BADCamp/run_03/well_formed.request.json
99,34505a34ca22e7154cd2e315662f9fcff07bca43f9f3b38e75ccaacee10f0a37,results/previous_single_prompt/raw/GPT-5.2/BADCamp/run_04/well_formed.request.json,outputs/raw/archive/previous_single_prompt/GPT-5.2/BADCamp/run_04/well_formed.request.json
99,34505a34ca22e7154cd2e315662f9fcff07bca43f9f3b38e75ccaacee10f0a37,results/previous_single_prompt/raw/GPT-5.2/BADCamp/run_05/well_formed.request.json,outputs/raw/archive/previous_single_prompt/GPT-5.2/BADCamp/run_05/well_formed.request.json
100,9ba28a9e260b42dcf0916075061580e7122d4b3d0fd03914e358931156593a5f,results/previous_single_prompt/raw/GPT-5.2/PlanningPoker/run_01/atomic.request.json,outputs/raw/archive/previous_single_prompt/GPT-5.2/PlanningPoker/run_01/atomic.request.json
100,9ba28a9e260b42dcf0916075061580e7122d4b3d0fd03914e358931156593a5f,results/previous_single_prompt/raw/GPT-5.2/PlanningPoker/run_02/atomic.request.json,outputs/raw/archive/previous_single_prompt/GPT-5.2/PlanningPoker/run_02/atomic.request.json
100,9ba28a9e260b42dcf0916075061580e7122d4b3d0fd03914e358931156593a5f,results/previous_single_prompt/raw/GPT-5.2/PlanningPoker/run_03/atomic.request.json,outputs/raw/archive/previous_single_prompt/GPT-5.2/PlanningPoker/run_03/atomic.request.json
100,9ba28a9e260b42dcf0916075061580e7122d4b3d0fd03914e358931156593a5f,results/previous_single_prompt/raw/GPT-5.2/PlanningPoker/run_04/atomic.request.json,outputs/raw/archive/previous_single_prompt/GPT-5.2/PlanningPoker/run_04/atomic.request.json
100,9ba28a9e260b42dcf0916075061580e7122d4b3d0fd03914e358931156593a5f,results/previous_single_prompt/raw/GPT-5.2/PlanningPoker/run_05/atomic.request.json,outputs/raw/archive/previous_single_prompt/GPT-5.2/PlanningPoker/run_05/atomic.request.json
101,9ed9633ea548cdb4ee0e292071e1a07c45f9624b7e2286f6eb0e1b1eea02b2e1,results/previous_single_prompt/raw/GPT-5.2/PlanningPoker/run_01/complete.request.json,outputs/raw/archive/previous_single_prompt/GPT-5.2/PlanningPoker/run_01/complete.request.json
101,9ed9633ea548cdb4ee0e292071e1a07c45f9624b7e2286f6eb0e1b1eea02b2e1,results/previous_single_prompt/raw/GPT-5.2/PlanningPoker/run_02/complete.request.json,outputs/raw/archive/previous_single_prompt/GPT-5.2/PlanningPoker/run_02/complete.request.json
101,9ed9633ea548cdb4ee0e292071e1a07c45f9624b7e2286f6eb0e1b1eea02b2e1,results/previous_single_prompt/raw/GPT-5.2/PlanningPoker/run_03/complete.request.json,outputs/raw/archive/previous_single_prompt/GPT-5.2/PlanningPoker/run_03/complete.request.json
101,9ed9633ea548cdb4ee0e292071e1a07c45f9624b7e2286f6eb0e1b1eea02b2e1,results/previous_single_prompt/raw/GPT-5.2/PlanningPoker/run_04/complete.request.json,outputs/raw/archive/previous_single_prompt/GPT-5.2/PlanningPoker/run_04/complete.request.json
101,9ed9633ea548cdb4ee0e292071e1a07c45f9624b7e2286f6eb0e1b1eea02b2e1,results/previous_single_prompt/raw/GPT-5.2/PlanningPoker/run_05/complete.request.json,outputs/raw/archive/previous_single_prompt/GPT-5.2/PlanningPoker/run_05/complete.request.json
102,2915f44479d85e2a506b6ad90d01750f6de48dd7fb554b77738c4072dec485d4,results/previous_single_prompt/raw/GPT-5.2/PlanningPoker/run_01/conceptually_sound.request.json,outputs/raw/archive/previous_single_prompt/GPT-5.2/PlanningPoker/run_01/conceptually_sound.request.json
102,2915f44479d85e2a506b6ad90d01750f6de48dd7fb554b77738c4072dec485d4,results/previous_single_prompt/raw/GPT-5.2/PlanningPoker/run_02/conceptually_sound.request.json,outputs/raw/archive/previous_single_prompt/GPT-5.2/PlanningPoker/run_02/conceptually_sound.request.json
102,2915f44479d85e2a506b6ad90d01750f6de48dd7fb554b77738c4072dec485d4,results/previous_single_prompt/raw/GPT-5.2/PlanningPoker/run_03/conceptually_sound.request.json,outputs/raw/archive/previous_single_prompt/GPT-5.2/PlanningPoker/run_03/conceptually_sound.request.json
102,2915f44479d85e2a506b6ad90d01750f6de48dd7fb554b77738c4072dec485d4,results/previous_single_prompt/raw/GPT-5.2/PlanningPoker/run_04/conceptually_sound.request.json,outputs/raw/archive/previous_single_prompt/GPT-5.2/PlanningPoker/run_04/conceptually_sound.request.json
102,2915f44479d85e2a506b6ad90d01750f6de48dd7fb554b77738c4072dec485d4,results/previous_single_prompt/raw/GPT-5.2/PlanningPoker/run_05/conceptually_sound.request.json,outputs/raw/archive/previous_single_prompt/GPT-5.2/PlanningPoker/run_05/conceptually_sound.request.json
103,2bd25f156f96ad8f8fca1d4caf18d1cca0011f4fa532d9a4b0af83ec6fbb9a35,results/previous_single_prompt/raw/GPT-5.2/PlanningPoker/run_01/conflict_free.request.json,outputs/raw/archive/previous_single_prompt/GPT-5.2/PlanningPoker/run_01/conflict_free.request.json
103,2bd25f156f96ad8f8fca1d4caf18d1cca0011f4fa532d9a4b0af83ec6fbb9a35,results/previous_single_prompt/raw/GPT-5.2/PlanningPoker/run_02/conflict_free.request.json,outputs/raw/archive/previous_single_prompt/GPT-5.2/PlanningPoker/run_02/conflict_free.request.json
103,2bd25f156f96ad8f8fca1d4caf18d1cca0011f4fa532d9a4b0af83ec6fbb9a35,results/previous_single_prompt/raw/GPT-5.2/PlanningPoker/run_03/conflict_free.request.json,outputs/raw/archive/previous_single_prompt/GPT-5.2/PlanningPoker/run_03/conflict_free.request.json
103,2bd25f156f96ad8f8fca1d4caf18d1cca0011f4fa532d9a4b0af83ec6fbb9a35,results/previous_single_prompt/raw/GPT-5.2/PlanningPoker/run_04/conflict_free.request.json,outputs/raw/archive/previous_single_prompt/GPT-5.2/PlanningPoker/run_04/conflict_free.request.json
103,2bd25f156f96ad8f8fca1d4caf18d1cca0011f4fa532d9a4b0af83ec6fbb9a35,results/previous_single_prompt/raw/GPT-5.2/PlanningPoker/run_05/conflict_free.request.json,outputs/raw/archive/previous_single_prompt/GPT-5.2/PlanningPoker/run_05/conflict_free.request.json
104,45e459e33ad3075b9bb2bc4b26186605ec91246f0b164b288a34876ba3c85e92,results/previous_single_prompt/raw/GPT-5.2/PlanningPoker/run_01/estimatable.request.json,outputs/raw/archive/previous_single_prompt/GPT-5.2/PlanningPoker/run_01/estimatable.request.json
104,45e459e33ad3075b9bb2bc4b26186605ec91246f0b164b288a34876ba3c85e92,results/previous_single_prompt/raw/GPT-5.2/PlanningPoker/run_02/estimatable.request.json,outputs/raw/archive/previous_single_prompt/GPT-5.2/PlanningPoker/run_02/estimatable.request.json
104,45e459e33ad3075b9bb2bc4b26186605ec91246f0b164b288a34876ba3c85e92,results/previous_single_prompt/raw/GPT-5.2/PlanningPoker/run_03/estimatable.request.json,outputs/raw/archive/previous_single_prompt/GPT-5.2/PlanningPoker/run_03/estimatable.request.json
104,45e459e33ad3075b9bb2bc4b26186605ec91246f0b164b288a34876ba3c85e92,results/previous_single_prompt/raw/GPT-5.2/PlanningPoker/run_04/estimatable.request.json,outputs/raw/archive/previous_single_prompt/GPT-5.2/PlanningPoker/run_04/estimatable.request.json
104,45e459e33ad3075b9bb2bc4b26186605ec91246f0b164b288a34876ba3c85e92,results/previous_single_prompt/raw/GPT-5.2/PlanningPoker/run_05/estimatable.request.json,outputs/raw/archive/previous_single_prompt/GPT-5.2/PlanningPoker/run_05/estimatable.request.json
105,10b113d0ca2c5986851966467d3814761a25ead42f3d9eeaadadd03442c1ac54,results/previous_single_prompt/raw/GPT-5.2/PlanningPoker/run_01/full_sentence.request.json,outputs/raw/archive/previous_single_prompt/GPT-5.2/PlanningPoker/run_01/full_sentence.request.json
105,10b113d0ca2c5986851966467d3814761a25ead42f3d9eeaadadd03442c1ac54,results/previous_single_prompt/raw/GPT-5.2/PlanningPoker/run_02/full_sentence.request.json,outputs/raw/archive/previous_single_prompt/GPT-5.2/PlanningPoker/run_02/full_sentence.request.json
105,10b113d0ca2c5986851966467d3814761a25ead42f3d9eeaadadd03442c1ac54,results/previous_single_prompt/raw/GPT-5.2/PlanningPoker/run_03/full_sentence.request.json,outputs/raw/archive/previous_single_prompt/GPT-5.2/PlanningPoker/run_03/full_sentence.request.json
105,10b113d0ca2c5986851966467d3814761a25ead42f3d9eeaadadd03442c1ac54,results/previous_single_prompt/raw/GPT-5.2/PlanningPoker/run_04/full_sentence.request.json,outputs/raw/archive/previous_single_prompt/GPT-5.2/PlanningPoker/run_04/full_sentence.request.json
105,10b113d0ca2c5986851966467d3814761a25ead42f3d9eeaadadd03442c1ac54,results/previous_single_prompt/raw/GPT-5.2/PlanningPoker/run_05/full_sentence.request.json,outputs/raw/archive/previous_single_prompt/GPT-5.2/PlanningPoker/run_05/full_sentence.request.json
106,b3a0256a1ae8c6d4558d38d0f1a20b1523a10c26b76015de95878e03d618ca96,results/previous_single_prompt/raw/GPT-5.2/PlanningPoker/run_01/independent.request.json,outputs/raw/archive/previous_single_prompt/GPT-5.2/PlanningPoker/run_01/independent.request.json
106,b3a0256a1ae8c6d4558d38d0f1a20b1523a10c26b76015de95878e03d618ca96,results/previous_single_prompt/raw/GPT-5.2/PlanningPoker/run_02/independent.request.json,outputs/raw/archive/previous_single_prompt/GPT-5.2/PlanningPoker/run_02/independent.request.json
106,b3a0256a1ae8c6d4558d38d0f1a20b1523a10c26b76015de95878e03d618ca96,results/previous_single_prompt/raw/GPT-5.2/PlanningPoker/run_03/independent.request.json,outputs/raw/archive/previous_single_prompt/GPT-5.2/PlanningPoker/run_03/independent.request.json
106,b3a0256a1ae8c6d4558d38d0f1a20b1523a10c26b76015de95878e03d618ca96,results/previous_single_prompt/raw/GPT-5.2/PlanningPoker/run_04/independent.request.json,outputs/raw/archive/previous_single_prompt/GPT-5.2/PlanningPoker/run_04/independent.request.json
106,b3a0256a1ae8c6d4558d38d0f1a20b1523a10c26b76015de95878e03d618ca96,results/previous_single_prompt/raw/GPT-5.2/PlanningPoker/run_05/independent.request.json,outputs/raw/archive/previous_single_prompt/GPT-5.2/PlanningPoker/run_05/independent.request.json
107,099af2eec731fd743e6a905cdc07822f9c32b0502d861797ee9cfe92652611c9,results/previous_single_prompt/raw/GPT-5.2/PlanningPoker/run_01/minimal.request.json,outputs/raw/archive/previous_single_prompt/GPT-5.2/PlanningPoker/run_01/minimal.request.json
107,099af2eec731fd743e6a905cdc07822f9c32b0502d861797ee9cfe92652611c9,results/previous_single_prompt/raw/GPT-5.2/PlanningPoker/run_02/minimal.request.json,outputs/raw/archive/previous_single_prompt/GPT-5.2/PlanningPoker/run_02/minimal.request.json
107,099af2eec731fd743e6a905cdc07822f9c32b0502d861797ee9cfe92652611c9,results/previous_single_prompt/raw/GPT-5.2/PlanningPoker/run_03/minimal.request.json,outputs/raw/archive/previous_single_prompt/GPT-5.2/PlanningPoker/run_03/minimal.request.json
107,099af2eec731fd743e6a905cdc07822f9c32b0502d861797ee9cfe92652611c9,results/previous_single_prompt/raw/GPT-5.2/PlanningPoker/run_04/minimal.request.json,outputs/raw/archive/previous_single_prompt/GPT-5.2/PlanningPoker/run_04/minimal.request.json
107,099af2eec731fd743e6a905cdc07822f9c32b0502d861797ee9cfe92652611c9,results/previous_single_prompt/raw/GPT-5.2/PlanningPoker/run_05/minimal.request.json,outputs/raw/archive/previous_single_prompt/GPT-5.2/PlanningPoker/run_05/minimal.request.json
108,c094fbc9dda2199a957edc76679d2e2dd4e32f77dcca103e6bf19f65564b20c3,results/previous_single_prompt/raw/GPT-5.2/PlanningPoker/run_01/problem_oriented.request.json,outputs/raw/archive/previous_single_prompt/GPT-5.2/PlanningPoker/run_01/problem_oriented.request.json
108,c094fbc9dda2199a957edc76679d2e2dd4e32f77dcca103e6bf19f65564b20c3,results/previous_single_prompt/raw/GPT-5.2/PlanningPoker/run_02/problem_oriented.request.json,outputs/raw/archive/previous_single_prompt/GPT-5.2/PlanningPoker/run_02/problem_oriented.request.json
108,c094fbc9dda2199a957edc76679d2e2dd4e32f77dcca103e6bf19f65564b20c3,results/previous_single_prompt/raw/GPT-5.2/PlanningPoker/run_03/problem_oriented.request.json,outputs/raw/archive/previous_single_prompt/GPT-5.2/PlanningPoker/run_03/problem_oriented.request.json
108,c094fbc9dda2199a957edc76679d2e2dd4e32f77dcca103e6bf19f65564b20c3,results/previous_single_prompt/raw/GPT-5.2/PlanningPoker/run_04/problem_oriented.request.json,outputs/raw/archive/previous_single_prompt/GPT-5.2/PlanningPoker/run_04/problem_oriented.request.json
108,c094fbc9dda2199a957edc76679d2e2dd4e32f77dcca103e6bf19f65564b20c3,results/previous_single_prompt/raw/GPT-5.2/PlanningPoker/run_05/problem_oriented.request.json,outputs/raw/archive/previous_single_prompt/GPT-5.2/PlanningPoker/run_05/problem_oriented.request.json
109,68920f5326aa9bbcabdaaff31e4fe4125f15a8ecc4fdcbca1d43973469292ddf,results/previous_single_prompt/raw/GPT-5.2/PlanningPoker/run_01/unambiguous.request.json,outputs/raw/archive/previous_single_prompt/GPT-5.2/PlanningPoker/run_01/unambiguous.request.json
109,68920f5326aa9bbcabdaaff31e4fe4125f15a8ecc4fdcbca1d43973469292ddf,results/previous_single_prompt/raw/GPT-5.2/PlanningPoker/run_02/unambiguous.request.json,outputs/raw/archive/previous_single_prompt/GPT-5.2/PlanningPoker/run_02/unambiguous.request.json
109,68920f5326aa9bbcabdaaff31e4fe4125f15a8ecc4fdcbca1d43973469292ddf,results/previous_single_prompt/raw/GPT-5.2/PlanningPoker/run_03/unambiguous.request.json,outputs/raw/archive/previous_single_prompt/GPT-5.2/PlanningPoker/run_03/unambiguous.request.json
109,68920f5326aa9bbcabdaaff31e4fe4125f15a8ecc4fdcbca1d43973469292ddf,results/previous_single_prompt/raw/GPT-5.2/PlanningPoker/run_04/unambiguous.request.json,outputs/raw/archive/previous_single_prompt/GPT-5.2/PlanningPoker/run_04/unambiguous.request.json
109,68920f5326aa9bbcabdaaff31e4fe4125f15a8ecc4fdcbca1d43973469292ddf,results/previous_single_prompt/raw/GPT-5.2/PlanningPoker/run_05/unambiguous.request.json,outputs/raw/archive/previous_single_prompt/GPT-5.2/PlanningPoker/run_05/unambiguous.request.json
110,b9f3cab98fc3f54efbe9babcfeb87b4fa1a3ebcd71ee53d1ebc4131281784c9c,results/previous_single_prompt/raw/GPT-5.2/PlanningPoker/run_01/uniform.request.json,outputs/raw/archive/previous_single_prompt/GPT-5.2/PlanningPoker/run_01/uniform.request.json
110,b9f3cab98fc3f54efbe9babcfeb87b4fa1a3ebcd71ee53d1ebc4131281784c9c,results/previous_single_prompt/raw/GPT-5.2/PlanningPoker/run_02/uniform.request.json,outputs/raw/archive/previous_single_prompt/GPT-5.2/PlanningPoker/run_02/uniform.request.json
110,b9f3cab98fc3f54efbe9babcfeb87b4fa1a3ebcd71ee53d1ebc4131281784c9c,results/previous_single_prompt/raw/GPT-5.2/PlanningPoker/run_03/uniform.request.json,outputs/raw/archive/previous_single_prompt/GPT-5.2/PlanningPoker/run_03/uniform.request.json
110,b9f3cab98fc3f54efbe9babcfeb87b4fa1a3ebcd71ee53d1ebc4131281784c9c,results/previous_single_prompt/raw/GPT-5.2/PlanningPoker/run_04/uniform.request.json,outputs/raw/archive/previous_single_prompt/GPT-5.2/PlanningPoker/run_04/uniform.request.json
110,b9f3cab98fc3f54efbe9babcfeb87b4fa1a3ebcd71ee53d1ebc4131281784c9c,results/previous_single_prompt/raw/GPT-5.2/PlanningPoker/run_05/uniform.request.json,outputs/raw/archive/previous_single_prompt/GPT-5.2/PlanningPoker/run_05/uniform.request.json
111,e304895a403e43f53ee807058d292efb6875256e343c5397d9672505cbfae56b,results/previous_single_prompt/raw/GPT-5.2/PlanningPoker/run_01/unique.request.json,outputs/raw/archive/previous_single_prompt/GPT-5.2/PlanningPoker/run_01/unique.request.json
111,e304895a403e43f53ee807058d292efb6875256e343c5397d9672505cbfae56b,results/previous_single_prompt/raw/GPT-5.2/PlanningPoker/run_02/unique.request.json,outputs/raw/archive/previous_single_prompt/GPT-5.2/PlanningPoker/run_02/unique.request.json
111,e304895a403e43f53ee807058d292efb6875256e343c5397d9672505cbfae56b,results/previous_single_prompt/raw/GPT-5.2/PlanningPoker/run_03/unique.request.json,outputs/raw/archive/previous_single_prompt/GPT-5.2/PlanningPoker/run_03/unique.request.json
111,e304895a403e43f53ee807058d292efb6875256e343c5397d9672505cbfae56b,results/previous_single_prompt/raw/GPT-5.2/PlanningPoker/run_04/unique.request.json,outputs/raw/archive/previous_single_prompt/GPT-5.2/PlanningPoker/run_04/unique.request.json
111,e304895a403e43f53ee807058d292efb6875256e343c5397d9672505cbfae56b,results/previous_single_prompt/raw/GPT-5.2/PlanningPoker/run_05/unique.request.json,outputs/raw/archive/previous_single_prompt/GPT-5.2/PlanningPoker/run_05/unique.request.json
112,96b6e35cceb3167c23deee6abec8eacf01ded0be3d5c6a8db4d382cf32e8804d,results/previous_single_prompt/raw/GPT-5.2/PlanningPoker/run_01/well_formed.request.json,outputs/raw/archive/previous_single_prompt/GPT-5.2/PlanningPoker/run_01/well_formed.request.json
112,96b6e35cceb3167c23deee6abec8eacf01ded0be3d5c6a8db4d382cf32e8804d,results/previous_single_prompt/raw/GPT-5.2/PlanningPoker/run_02/well_formed.request.json,outputs/raw/archive/previous_single_prompt/GPT-5.2/PlanningPoker/run_02/well_formed.request.json
112,96b6e35cceb3167c23deee6abec8eacf01ded0be3d5c6a8db4d382cf32e8804d,results/previous_single_prompt/raw/GPT-5.2/PlanningPoker/run_03/well_formed.request.json,outputs/raw/archive/previous_single_prompt/GPT-5.2/PlanningPoker/run_03/well_formed.request.json
112,96b6e35cceb3167c23deee6abec8eacf01ded0be3d5c6a8db4d382cf32e8804d,results/previous_single_prompt/raw/GPT-5.2/PlanningPoker/run_04/well_formed.request.json,outputs/raw/archive/previous_single_prompt/GPT-5.2/PlanningPoker/run_04/well_formed.request.json
112,96b6e35cceb3167c23deee6abec8eacf01ded0be3d5c6a8db4d382cf32e8804d,results/previous_single_prompt/raw/GPT-5.2/PlanningPoker/run_05/well_formed.request.json,outputs/raw/archive/previous_single_prompt/GPT-5.2/PlanningPoker/run_05/well_formed.request.json
113,4db2fb106d851575f25f53c5e1e3c186029b08bbb791dbf6ed829819b23521f3,results/previous_single_prompt/raw/GPT-5.2/Zooniverse/run_01/atomic.request.json,outputs/raw/archive/previous_single_prompt/GPT-5.2/Zooniverse/run_01/atomic.request.json
113,4db2fb106d851575f25f53c5e1e3c186029b08bbb791dbf6ed829819b23521f3,results/previous_single_prompt/raw/GPT-5.2/Zooniverse/run_02/atomic.request.json,outputs/raw/archive/previous_single_prompt/GPT-5.2/Zooniverse/run_02/atomic.request.json
113,4db2fb106d851575f25f53c5e1e3c186029b08bbb791dbf6ed829819b23521f3,results/previous_single_prompt/raw/GPT-5.2/Zooniverse/run_03/atomic.request.json,outputs/raw/archive/previous_single_prompt/GPT-5.2/Zooniverse/run_03/atomic.request.json
113,4db2fb106d851575f25f53c5e1e3c186029b08bbb791dbf6ed829819b23521f3,results/previous_single_prompt/raw/GPT-5.2/Zooniverse/run_04/atomic.request.json,outputs/raw/archive/previous_single_prompt/GPT-5.2/Zooniverse/run_04/atomic.request.json
113,4db2fb106d851575f25f53c5e1e3c186029b08bbb791dbf6ed829819b23521f3,results/previous_single_prompt/raw/GPT-5.2/Zooniverse/run_05/atomic.request.json,outputs/raw/archive/previous_single_prompt/GPT-5.2/Zooniverse/run_05/atomic.request.json
114,9c196af8d0169de53a244e584796b4445526194b5509a50198859b0709217b61,results/previous_single_prompt/raw/GPT-5.2/Zooniverse/run_01/complete.request.json,outputs/raw/archive/previous_single_prompt/GPT-5.2/Zooniverse/run_01/complete.request.json
114,9c196af8d0169de53a244e584796b4445526194b5509a50198859b0709217b61,results/previous_single_prompt/raw/GPT-5.2/Zooniverse/run_02/complete.request.json,outputs/raw/archive/previous_single_prompt/GPT-5.2/Zooniverse/run_02/complete.request.json
114,9c196af8d0169de53a244e584796b4445526194b5509a50198859b0709217b61,results/previous_single_prompt/raw/GPT-5.2/Zooniverse/run_03/complete.request.json,outputs/raw/archive/previous_single_prompt/GPT-5.2/Zooniverse/run_03/complete.request.json
114,9c196af8d0169de53a244e584796b4445526194b5509a50198859b0709217b61,results/previous_single_prompt/raw/GPT-5.2/Zooniverse/run_04/complete.request.json,outputs/raw/archive/previous_single_prompt/GPT-5.2/Zooniverse/run_04/complete.request.json
114,9c196af8d0169de53a244e584796b4445526194b5509a50198859b0709217b61,results/previous_single_prompt/raw/GPT-5.2/Zooniverse/run_05/complete.request.json,outputs/raw/archive/previous_single_prompt/GPT-5.2/Zooniverse/run_05/complete.request.json
115,dea0955dadc20b0f1e96579016fbc242b11d47e928002be98e1497be70a64095,results/previous_single_prompt/raw/GPT-5.2/Zooniverse/run_01/conceptually_sound.request.json,outputs/raw/archive/previous_single_prompt/GPT-5.2/Zooniverse/run_01/conceptually_sound.request.json
115,dea0955dadc20b0f1e96579016fbc242b11d47e928002be98e1497be70a64095,results/previous_single_prompt/raw/GPT-5.2/Zooniverse/run_02/conceptually_sound.request.json,outputs/raw/archive/previous_single_prompt/GPT-5.2/Zooniverse/run_02/conceptually_sound.request.json
115,dea0955dadc20b0f1e96579016fbc242b11d47e928002be98e1497be70a64095,results/previous_single_prompt/raw/GPT-5.2/Zooniverse/run_03/conceptually_sound.request.json,outputs/raw/archive/previous_single_prompt/GPT-5.2/Zooniverse/run_03/conceptually_sound.request.json
115,dea0955dadc20b0f1e96579016fbc242b11d47e928002be98e1497be70a64095,results/previous_single_prompt/raw/GPT-5.2/Zooniverse/run_04/conceptually_sound.request.json,outputs/raw/archive/previous_single_prompt/GPT-5.2/Zooniverse/run_04/conceptually_sound.request.json
115,dea0955dadc20b0f1e96579016fbc242b11d47e928002be98e1497be70a64095,results/previous_single_prompt/raw/GPT-5.2/Zooniverse/run_05/conceptually_sound.request.json,outputs/raw/archive/previous_single_prompt/GPT-5.2/Zooniverse/run_05/conceptually_sound.request.json
116,9fd37f851fd7f370cfa076590b0e1ef6831ae63f337e9bec4b0ddaf30ad26685,results/previous_single_prompt/raw/GPT-5.2/Zooniverse/run_01/conflict_free.request.json,outputs/raw/archive/previous_single_prompt/GPT-5.2/Zooniverse/run_01/conflict_free.request.json
116,9fd37f851fd7f370cfa076590b0e1ef6831ae63f337e9bec4b0ddaf30ad26685,results/previous_single_prompt/raw/GPT-5.2/Zooniverse/run_02/conflict_free.request.json,outputs/raw/archive/previous_single_prompt/GPT-5.2/Zooniverse/run_02/conflict_free.request.json
116,9fd37f851fd7f370cfa076590b0e1ef6831ae63f337e9bec4b0ddaf30ad26685,results/previous_single_prompt/raw/GPT-5.2/Zooniverse/run_03/conflict_free.request.json,outputs/raw/archive/previous_single_prompt/GPT-5.2/Zooniverse/run_03/conflict_free.request.json
116,9fd37f851fd7f370cfa076590b0e1ef6831ae63f337e9bec4b0ddaf30ad26685,results/previous_single_prompt/raw/GPT-5.2/Zooniverse/run_04/conflict_free.request.json,outputs/raw/archive/previous_single_prompt/GPT-5.2/Zooniverse/run_04/conflict_free.request.json
116,9fd37f851fd7f370cfa076590b0e1ef6831ae63f337e9bec4b0ddaf30ad26685,results/previous_single_prompt/raw/GPT-5.2/Zooniverse/run_05/conflict_free.request.json,outputs/raw/archive/previous_single_prompt/GPT-5.2/Zooniverse/run_05/conflict_free.request.json
117,5b9fabfef4b62ad2fb825acf77bb6f73a54f112a89e22b44d3fa6b42a041dde4,results/previous_single_prompt/raw/GPT-5.2/Zooniverse/run_01/estimatable.request.json,outputs/raw/archive/previous_single_prompt/GPT-5.2/Zooniverse/run_01/estimatable.request.json
117,5b9fabfef4b62ad2fb825acf77bb6f73a54f112a89e22b44d3fa6b42a041dde4,results/previous_single_prompt/raw/GPT-5.2/Zooniverse/run_02/estimatable.request.json,outputs/raw/archive/previous_single_prompt/GPT-5.2/Zooniverse/run_02/estimatable.request.json
117,5b9fabfef4b62ad2fb825acf77bb6f73a54f112a89e22b44d3fa6b42a041dde4,results/previous_single_prompt/raw/GPT-5.2/Zooniverse/run_03/estimatable.request.json,outputs/raw/archive/previous_single_prompt/GPT-5.2/Zooniverse/run_03/estimatable.request.json
117,5b9fabfef4b62ad2fb825acf77bb6f73a54f112a89e22b44d3fa6b42a041dde4,results/previous_single_prompt/raw/GPT-5.2/Zooniverse/run_04/estimatable.request.json,outputs/raw/archive/previous_single_prompt/GPT-5.2/Zooniverse/run_04/estimatable.request.json
117,5b9fabfef4b62ad2fb825acf77bb6f73a54f112a89e22b44d3fa6b42a041dde4,results/previous_single_prompt/raw/GPT-5.2/Zooniverse/run_05/estimatable.request.json,outputs/raw/archive/previous_single_prompt/GPT-5.2/Zooniverse/run_05/estimatable.request.json
118,c7649ebe47385c4ab9cf63159486fe28a782decaf35166fba90b3f0def6297f9,results/previous_single_prompt/raw/GPT-5.2/Zooniverse/run_01/full_sentence.request.json,outputs/raw/archive/previous_single_prompt/GPT-5.2/Zooniverse/run_01/full_sentence.request.json
118,c7649ebe47385c4ab9cf63159486fe28a782decaf35166fba90b3f0def6297f9,results/previous_single_prompt/raw/GPT-5.2/Zooniverse/run_02/full_sentence.request.json,outputs/raw/archive/previous_single_prompt/GPT-5.2/Zooniverse/run_02/full_sentence.request.json
118,c7649ebe47385c4ab9cf63159486fe28a782decaf35166fba90b3f0def6297f9,results/previous_single_prompt/raw/GPT-5.2/Zooniverse/run_03/full_sentence.request.json,outputs/raw/archive/previous_single_prompt/GPT-5.2/Zooniverse/run_03/full_sentence.request.json
118,c7649ebe47385c4ab9cf63159486fe28a782decaf35166fba90b3f0def6297f9,results/previous_single_prompt/raw/GPT-5.2/Zooniverse/run_04/full_sentence.request.json,outputs/raw/archive/previous_single_prompt/GPT-5.2/Zooniverse/run_04/full_sentence.request.json
118,c7649ebe47385c4ab9cf63159486fe28a782decaf35166fba90b3f0def6297f9,results/previous_single_prompt/raw/GPT-5.2/Zooniverse/run_05/full_sentence.request.json,outputs/raw/archive/previous_single_prompt/GPT-5.2/Zooniverse/run_05/full_sentence.request.json
119,b445835c2f7ece8ae50306f9ddfdfe572db0d0d77aa51c2284ef3c2038e88443,results/previous_single_prompt/raw/GPT-5.2/Zooniverse/run_01/independent.request.json,outputs/raw/archive/previous_single_prompt/GPT-5.2/Zooniverse/run_01/independent.request.json
119,b445835c2f7ece8ae50306f9ddfdfe572db0d0d77aa51c2284ef3c2038e88443,results/previous_single_prompt/raw/GPT-5.2/Zooniverse/run_02/independent.request.json,outputs/raw/archive/previous_single_prompt/GPT-5.2/Zooniverse/run_02/independent.request.json
119,b445835c2f7ece8ae50306f9ddfdfe572db0d0d77aa51c2284ef3c2038e88443,results/previous_single_prompt/raw/GPT-5.2/Zooniverse/run_03/independent.request.json,outputs/raw/archive/previous_single_prompt/GPT-5.2/Zooniverse/run_03/independent.request.json
119,b445835c2f7ece8ae50306f9ddfdfe572db0d0d77aa51c2284ef3c2038e88443,results/previous_single_prompt/raw/GPT-5.2/Zooniverse/run_04/independent.request.json,outputs/raw/archive/previous_single_prompt/GPT-5.2/Zooniverse/run_04/independent.request.json
119,b445835c2f7ece8ae50306f9ddfdfe572db0d0d77aa51c2284ef3c2038e88443,results/previous_single_prompt/raw/GPT-5.2/Zooniverse/run_05/independent.request.json,outputs/raw/archive/previous_single_prompt/GPT-5.2/Zooniverse/run_05/independent.request.json
120,da138c56f52dcfeb88f37d615ef431534dd954a3e9aabc077a4533fb3ea52a92,results/previous_single_prompt/raw/GPT-5.2/Zooniverse/run_01/minimal.request.json,outputs/raw/archive/previous_single_prompt/GPT-5.2/Zooniverse/run_01/minimal.request.json
120,da138c56f52dcfeb88f37d615ef431534dd954a3e9aabc077a4533fb3ea52a92,results/previous_single_prompt/raw/GPT-5.2/Zooniverse/run_02/minimal.request.json,outputs/raw/archive/previous_single_prompt/GPT-5.2/Zooniverse/run_02/minimal.request.json
120,da138c56f52dcfeb88f37d615ef431534dd954a3e9aabc077a4533fb3ea52a92,results/previous_single_prompt/raw/GPT-5.2/Zooniverse/run_03/minimal.request.json,outputs/raw/archive/previous_single_prompt/GPT-5.2/Zooniverse/run_03/minimal.request.json
120,da138c56f52dcfeb88f37d615ef431534dd954a3e9aabc077a4533fb3ea52a92,results/previous_single_prompt/raw/GPT-5.2/Zooniverse/run_04/minimal.request.json,outputs/raw/archive/previous_single_prompt/GPT-5.2/Zooniverse/run_04/minimal.request.json
120,da138c56f52dcfeb88f37d615ef431534dd954a3e9aabc077a4533fb3ea52a92,results/previous_single_prompt/raw/GPT-5.2/Zooniverse/run_05/minimal.request.json,outputs/raw/archive/previous_single_prompt/GPT-5.2/Zooniverse/run_05/minimal.request.json
121,b317d9288402199066fa502718695b0f2ef9ddf60112ccd821cdb1bedcde63c9,results/previous_single_prompt/raw/GPT-5.2/Zooniverse/run_01/problem_oriented.request.json,outputs/raw/archive/previous_single_prompt/GPT-5.2/Zooniverse/run_01/problem_oriented.request.json
121,b317d9288402199066fa502718695b0f2ef9ddf60112ccd821cdb1bedcde63c9,results/previous_single_prompt/raw/GPT-5.2/Zooniverse/run_02/problem_oriented.request.json,outputs/raw/archive/previous_single_prompt/GPT-5.2/Zooniverse/run_02/problem_oriented.request.json
121,b317d9288402199066fa502718695b0f2ef9ddf60112ccd821cdb1bedcde63c9,results/previous_single_prompt/raw/GPT-5.2/Zooniverse/run_03/problem_oriented.request.json,outputs/raw/archive/previous_single_prompt/GPT-5.2/Zooniverse/run_03/problem_oriented.request.json
121,b317d9288402199066fa502718695b0f2ef9ddf60112ccd821cdb1bedcde63c9,results/previous_single_prompt/raw/GPT-5.2/Zooniverse/run_04/problem_oriented.request.json,outputs/raw/archive/previous_single_prompt/GPT-5.2/Zooniverse/run_04/problem_oriented.request.json
121,b317d9288402199066fa502718695b0f2ef9ddf60112ccd821cdb1bedcde63c9,results/previous_single_prompt/raw/GPT-5.2/Zooniverse/run_05/problem_oriented.request.json,outputs/raw/archive/previous_single_prompt/GPT-5.2/Zooniverse/run_05/problem_oriented.request.json
122,b47f9ebc65ac94e0b79fe5f1c8159826796fadb6e1782bafb0a1c174ee5f5d36,results/previous_single_prompt/raw/GPT-5.2/Zooniverse/run_01/unambiguous.request.json,outputs/raw/archive/previous_single_prompt/GPT-5.2/Zooniverse/run_01/unambiguous.request.json
122,b47f9ebc65ac94e0b79fe5f1c8159826796fadb6e1782bafb0a1c174ee5f5d36,results/previous_single_prompt/raw/GPT-5.2/Zooniverse/run_02/unambiguous.request.json,outputs/raw/archive/previous_single_prompt/GPT-5.2/Zooniverse/run_02/unambiguous.request.json
122,b47f9ebc65ac94e0b79fe5f1c8159826796fadb6e1782bafb0a1c174ee5f5d36,results/previous_single_prompt/raw/GPT-5.2/Zooniverse/run_03/unambiguous.request.json,outputs/raw/archive/previous_single_prompt/GPT-5.2/Zooniverse/run_03/unambiguous.request.json
122,b47f9ebc65ac94e0b79fe5f1c8159826796fadb6e1782bafb0a1c174ee5f5d36,results/previous_single_prompt/raw/GPT-5.2/Zooniverse/run_04/unambiguous.request.json,outputs/raw/archive/previous_single_prompt/GPT-5.2/Zooniverse/run_04/unambiguous.request.json
122,b47f9ebc65ac94e0b79fe5f1c8159826796fadb6e1782bafb0a1c174ee5f5d36,results/previous_single_prompt/raw/GPT-5.2/Zooniverse/run_05/unambiguous.request.json,outputs/raw/archive/previous_single_prompt/GPT-5.2/Zooniverse/run_05/unambiguous.request.json
123,de1bed2bd46d5a0bae8aa0dd4a63e69fa1ae5ba0e4bd978fe7ece70689e1db10,results/previous_single_prompt/raw/GPT-5.2/Zooniverse/run_01/uniform.request.json,outputs/raw/archive/previous_single_prompt/GPT-5.2/Zooniverse/run_01/uniform.request.json
123,de1bed2bd46d5a0bae8aa0dd4a63e69fa1ae5ba0e4bd978fe7ece70689e1db10,results/previous_single_prompt/raw/GPT-5.2/Zooniverse/run_02/uniform.request.json,outputs/raw/archive/previous_single_prompt/GPT-5.2/Zooniverse/run_02/uniform.request.json
123,de1bed2bd46d5a0bae8aa0dd4a63e69fa1ae5ba0e4bd978fe7ece70689e1db10,results/previous_single_prompt/raw/GPT-5.2/Zooniverse/run_03/uniform.request.json,outputs/raw/archive/previous_single_prompt/GPT-5.2/Zooniverse/run_03/uniform.request.json
123,de1bed2bd46d5a0bae8aa0dd4a63e69fa1ae5ba0e4bd978fe7ece70689e1db10,results/previous_single_prompt/raw/GPT-5.2/Zooniverse/run_04/uniform.request.json,outputs/raw/archive/previous_single_prompt/GPT-5.2/Zooniverse/run_04/uniform.request.json
123,de1bed2bd46d5a0bae8aa0dd4a63e69fa1ae5ba0e4bd978fe7ece70689e1db10,results/previous_single_prompt/raw/GPT-5.2/Zooniverse/run_05/uniform.request.json,outputs/raw/archive/previous_single_prompt/GPT-5.2/Zooniverse/run_05/uniform.request.json
124,04c1a8a2bc724fab29325c18f7ba8f1ed0ec8dbce5f218171cedfcd3bf4a10f0,results/previous_single_prompt/raw/GPT-5.2/Zooniverse/run_01/unique.request.json,outputs/raw/archive/previous_single_prompt/GPT-5.2/Zooniverse/run_01/unique.request.json
124,04c1a8a2bc724fab29325c18f7ba8f1ed0ec8dbce5f218171cedfcd3bf4a10f0,results/previous_single_prompt/raw/GPT-5.2/Zooniverse/run_02/unique.request.json,outputs/raw/archive/previous_single_prompt/GPT-5.2/Zooniverse/run_02/unique.request.json
124,04c1a8a2bc724fab29325c18f7ba8f1ed0ec8dbce5f218171cedfcd3bf4a10f0,results/previous_single_prompt/raw/GPT-5.2/Zooniverse/run_03/unique.request.json,outputs/raw/archive/previous_single_prompt/GPT-5.2/Zooniverse/run_03/unique.request.json
124,04c1a8a2bc724fab29325c18f7ba8f1ed0ec8dbce5f218171cedfcd3bf4a10f0,results/previous_single_prompt/raw/GPT-5.2/Zooniverse/run_04/unique.request.json,outputs/raw/archive/previous_single_prompt/GPT-5.2/Zooniverse/run_04/unique.request.json
124,04c1a8a2bc724fab29325c18f7ba8f1ed0ec8dbce5f218171cedfcd3bf4a10f0,results/previous_single_prompt/raw/GPT-5.2/Zooniverse/run_05/unique.request.json,outputs/raw/archive/previous_single_prompt/GPT-5.2/Zooniverse/run_05/unique.request.json
125,82bae6ad3ea89ad60cea345031385f24d8ae3cb529ed2ebc747d87ea76262c4d,results/previous_single_prompt/raw/GPT-5.2/Zooniverse/run_01/well_formed.request.json,outputs/raw/archive/previous_single_prompt/GPT-5.2/Zooniverse/run_01/well_formed.request.json
125,82bae6ad3ea89ad60cea345031385f24d8ae3cb529ed2ebc747d87ea76262c4d,results/previous_single_prompt/raw/GPT-5.2/Zooniverse/run_02/well_formed.request.json,outputs/raw/archive/previous_single_prompt/GPT-5.2/Zooniverse/run_02/well_formed.request.json
125,82bae6ad3ea89ad60cea345031385f24d8ae3cb529ed2ebc747d87ea76262c4d,results/previous_single_prompt/raw/GPT-5.2/Zooniverse/run_03/well_formed.request.json,outputs/raw/archive/previous_single_prompt/GPT-5.2/Zooniverse/run_03/well_formed.request.json
125,82bae6ad3ea89ad60cea345031385f24d8ae3cb529ed2ebc747d87ea76262c4d,results/previous_single_prompt/raw/GPT-5.2/Zooniverse/run_04/well_formed.request.json,outputs/raw/archive/previous_single_prompt/GPT-5.2/Zooniverse/run_04/well_formed.request.json
125,82bae6ad3ea89ad60cea345031385f24d8ae3cb529ed2ebc747d87ea76262c4d,results/previous_single_prompt/raw/GPT-5.2/Zooniverse/run_05/well_formed.request.json,outputs/raw/archive/previous_single_prompt/GPT-5.2/Zooniverse/run_05/well_formed.request.json
126,1d7091bae4fb86b1014b420ab708206e4a97e98c8c477d419f429a45cee7e66a,results/previous_single_prompt/raw/Gemini-3.1-Pro-Preview/BADCamp/run_01/atomic.request.json,outputs/raw/archive/previous_single_prompt/Gemini-3.1-Pro-Preview/BADCamp/run_01/atomic.request.json
126,1d7091bae4fb86b1014b420ab708206e4a97e98c8c477d419f429a45cee7e66a,results/previous_single_prompt/raw/Gemini-3.1-Pro-Preview/BADCamp/run_02/atomic.request.json,outputs/raw/archive/previous_single_prompt/Gemini-3.1-Pro-Preview/BADCamp/run_02/atomic.request.json
126,1d7091bae4fb86b1014b420ab708206e4a97e98c8c477d419f429a45cee7e66a,results/previous_single_prompt/raw/Gemini-3.1-Pro-Preview/BADCamp/run_03/atomic.request.json,outputs/raw/archive/previous_single_prompt/Gemini-3.1-Pro-Preview/BADCamp/run_03/atomic.request.json
126,1d7091bae4fb86b1014b420ab708206e4a97e98c8c477d419f429a45cee7e66a,results/previous_single_prompt/raw/Gemini-3.1-Pro-Preview/BADCamp/run_04/atomic.request.json,outputs/raw/archive/previous_single_prompt/Gemini-3.1-Pro-Preview/BADCamp/run_04/atomic.request.json
126,1d7091bae4fb86b1014b420ab708206e4a97e98c8c477d419f429a45cee7e66a,results/previous_single_prompt/raw/Gemini-3.1-Pro-Preview/BADCamp/run_05/atomic.request.json,outputs/raw/archive/previous_single_prompt/Gemini-3.1-Pro-Preview/BADCamp/run_05/atomic.request.json
127,db977b624d1cdaa551683c6b293fafc3ad3f3714ee5bb74c685e8df72ed4b7e8,results/previous_single_prompt/raw/Gemini-3.1-Pro-Preview/BADCamp/run_01/complete.request.json,outputs/raw/archive/previous_single_prompt/Gemini-3.1-Pro-Preview/BADCamp/run_01/complete.request.json
127,db977b624d1cdaa551683c6b293fafc3ad3f3714ee5bb74c685e8df72ed4b7e8,results/previous_single_prompt/raw/Gemini-3.1-Pro-Preview/BADCamp/run_02/complete.request.json,outputs/raw/archive/previous_single_prompt/Gemini-3.1-Pro-Preview/BADCamp/run_02/complete.request.json
127,db977b624d1cdaa551683c6b293fafc3ad3f3714ee5bb74c685e8df72ed4b7e8,results/previous_single_prompt/raw/Gemini-3.1-Pro-Preview/BADCamp/run_03/complete.request.json,outputs/raw/archive/previous_single_prompt/Gemini-3.1-Pro-Preview/BADCamp/run_03/complete.request.json
127,db977b624d1cdaa551683c6b293fafc3ad3f3714ee5bb74c685e8df72ed4b7e8,results/previous_single_prompt/raw/Gemini-3.1-Pro-Preview/BADCamp/run_04/complete.request.json,outputs/raw/archive/previous_single_prompt/Gemini-3.1-Pro-Preview/BADCamp/run_04/complete.request.json
127,db977b624d1cdaa551683c6b293fafc3ad3f3714ee5bb74c685e8df72ed4b7e8,results/previous_single_prompt/raw/Gemini-3.1-Pro-Preview/BADCamp/run_05/complete.request.json,outputs/raw/archive/previous_single_prompt/Gemini-3.1-Pro-Preview/BADCamp/run_05/complete.request.json
128,ec2ac633b3f299c34b89f67f8e46107c21af607c88a1510f06209629f2222301,results/previous_single_prompt/raw/Gemini-3.1-Pro-Preview/BADCamp/run_01/conceptually_sound.request.json,outputs/raw/archive/previous_single_prompt/Gemini-3.1-Pro-Preview/BADCamp/run_01/conceptually_sound.request.json
128,ec2ac633b3f299c34b89f67f8e46107c21af607c88a1510f06209629f2222301,results/previous_single_prompt/raw/Gemini-3.1-Pro-Preview/BADCamp/run_02/conceptually_sound.request.json,outputs/raw/archive/previous_single_prompt/Gemini-3.1-Pro-Preview/BADCamp/run_02/conceptually_sound.request.json
128,ec2ac633b3f299c34b89f67f8e46107c21af607c88a1510f06209629f2222301,results/previous_single_prompt/raw/Gemini-3.1-Pro-Preview/BADCamp/run_03/conceptually_sound.request.json,outputs/raw/archive/previous_single_prompt/Gemini-3.1-Pro-Preview/BADCamp/run_03/conceptually_sound.request.json
128,ec2ac633b3f299c34b89f67f8e46107c21af607c88a1510f06209629f2222301,results/previous_single_prompt/raw/Gemini-3.1-Pro-Preview/BADCamp/run_04/conceptually_sound.request.json,outputs/raw/archive/previous_single_prompt/Gemini-3.1-Pro-Preview/BADCamp/run_04/conceptually_sound.request.json
128,ec2ac633b3f299c34b89f67f8e46107c21af607c88a1510f06209629f2222301,results/previous_single_prompt/raw/Gemini-3.1-Pro-Preview/BADCamp/run_05/conceptually_sound.request.json,outputs/raw/archive/previous_single_prompt/Gemini-3.1-Pro-Preview/BADCamp/run_05/conceptually_sound.request.json
129,861a0c35aeed4d807f0a5ae86b6a65555a64cfd53fab9623b7df2f8ce2d13310,results/previous_single_prompt/raw/Gemini-3.1-Pro-Preview/BADCamp/run_01/conflict_free.request.json,outputs/raw/archive/previous_single_prompt/Gemini-3.1-Pro-Preview/BADCamp/run_01/conflict_free.request.json
129,861a0c35aeed4d807f0a5ae86b6a65555a64cfd53fab9623b7df2f8ce2d13310,results/previous_single_prompt/raw/Gemini-3.1-Pro-Preview/BADCamp/run_02/conflict_free.request.json,outputs/raw/archive/previous_single_prompt/Gemini-3.1-Pro-Preview/BADCamp/run_02/conflict_free.request.json
129,861a0c35aeed4d807f0a5ae86b6a65555a64cfd53fab9623b7df2f8ce2d13310,results/previous_single_prompt/raw/Gemini-3.1-Pro-Preview/BADCamp/run_03/conflict_free.request.json,outputs/raw/archive/previous_single_prompt/Gemini-3.1-Pro-Preview/BADCamp/run_03/conflict_free.request.json
129,861a0c35aeed4d807f0a5ae86b6a65555a64cfd53fab9623b7df2f8ce2d13310,results/previous_single_prompt/raw/Gemini-3.1-Pro-Preview/BADCamp/run_04/conflict_free.request.json,outputs/raw/archive/previous_single_prompt/Gemini-3.1-Pro-Preview/BADCamp/run_04/conflict_free.request.json
129,861a0c35aeed4d807f0a5ae86b6a65555a64cfd53fab9623b7df2f8ce2d13310,results/previous_single_prompt/raw/Gemini-3.1-Pro-Preview/BADCamp/run_05/conflict_free.request.json,outputs/raw/archive/previous_single_prompt/Gemini-3.1-Pro-Preview/BADCamp/run_05/conflict_free.request.json
130,c4209200869236bf828d6d5817b168d4b4b6276361d671e66f53c69879813245,results/previous_single_prompt/raw/Gemini-3.1-Pro-Preview/BADCamp/run_01/estimatable.request.json,outputs/raw/archive/previous_single_prompt/Gemini-3.1-Pro-Preview/BADCamp/run_01/estimatable.request.json
130,c4209200869236bf828d6d5817b168d4b4b6276361d671e66f53c69879813245,results/previous_single_prompt/raw/Gemini-3.1-Pro-Preview/BADCamp/run_02/estimatable.request.json,outputs/raw/archive/previous_single_prompt/Gemini-3.1-Pro-Preview/BADCamp/run_02/estimatable.request.json
130,c4209200869236bf828d6d5817b168d4b4b6276361d671e66f53c69879813245,results/previous_single_prompt/raw/Gemini-3.1-Pro-Preview/BADCamp/run_03/estimatable.request.json,outputs/raw/archive/previous_single_prompt/Gemini-3.1-Pro-Preview/BADCamp/run_03/estimatable.request.json
130,c4209200869236bf828d6d5817b168d4b4b6276361d671e66f53c69879813245,results/previous_single_prompt/raw/Gemini-3.1-Pro-Preview/BADCamp/run_04/estimatable.request.json,outputs/raw/archive/previous_single_prompt/Gemini-3.1-Pro-Preview/BADCamp/run_04/estimatable.request.json
130,c4209200869236bf828d6d5817b168d4b4b6276361d671e66f53c69879813245,results/previous_single_prompt/raw/Gemini-3.1-Pro-Preview/BADCamp/run_05/estimatable.request.json,outputs/raw/archive/previous_single_prompt/Gemini-3.1-Pro-Preview/BADCamp/run_05/estimatable.request.json
131,5138c22eb0a950e72bfc1f8ce1b7c3e138ffd07dd925093b5963ed4cb6e1b83a,results/previous_single_prompt/raw/Gemini-3.1-Pro-Preview/BADCamp/run_01/full_sentence.request.json,outputs/raw/archive/previous_single_prompt/Gemini-3.1-Pro-Preview/BADCamp/run_01/full_sentence.request.json
131,5138c22eb0a950e72bfc1f8ce1b7c3e138ffd07dd925093b5963ed4cb6e1b83a,results/previous_single_prompt/raw/Gemini-3.1-Pro-Preview/BADCamp/run_02/full_sentence.request.json,outputs/raw/archive/previous_single_prompt/Gemini-3.1-Pro-Preview/BADCamp/run_02/full_sentence.request.json
131,5138c22eb0a950e72bfc1f8ce1b7c3e138ffd07dd925093b5963ed4cb6e1b83a,results/previous_single_prompt/raw/Gemini-3.1-Pro-Preview/BADCamp/run_03/full_sentence.request.json,outputs/raw/archive/previous_single_prompt/Gemini-3.1-Pro-Preview/BADCamp/run_03/full_sentence.request.json
131,5138c22eb0a950e72bfc1f8ce1b7c3e138ffd07dd925093b5963ed4cb6e1b83a,results/previous_single_prompt/raw/Gemini-3.1-Pro-Preview/BADCamp/run_04/full_sentence.request.json,outputs/raw/archive/previous_single_prompt/Gemini-3.1-Pro-Preview/BADCamp/run_04/full_sentence.request.json
131,5138c22eb0a950e72bfc1f8ce1b7c3e138ffd07dd925093b5963ed4cb6e1b83a,results/previous_single_prompt/raw/Gemini-3.1-Pro-Preview/BADCamp/run_05/full_sentence.request.json,outputs/raw/archive/previous_single_prompt/Gemini-3.1-Pro-Preview/BADCamp/run_05/full_sentence.request.json
132,a71baf45788f47c9b14a1b84a1e24f823a88fa82278beed0d855a4331b7e6050,results/previous_single_prompt/raw/Gemini-3.1-Pro-Preview/BADCamp/run_01/independent.request.json,outputs/raw/archive/previous_single_prompt/Gemini-3.1-Pro-Preview/BADCamp/run_01/independent.request.json
132,a71baf45788f47c9b14a1b84a1e24f823a88fa82278beed0d855a4331b7e6050,results/previous_single_prompt/raw/Gemini-3.1-Pro-Preview/BADCamp/run_02/independent.request.json,outputs/raw/archive/previous_single_prompt/Gemini-3.1-Pro-Preview/BADCamp/run_02/independent.request.json
132,a71baf45788f47c9b14a1b84a1e24f823a88fa82278beed0d855a4331b7e6050,results/previous_single_prompt/raw/Gemini-3.1-Pro-Preview/BADCamp/run_03/independent.request.json,outputs/raw/archive/previous_single_prompt/Gemini-3.1-Pro-Preview/BADCamp/run_03/independent.request.json
132,a71baf45788f47c9b14a1b84a1e24f823a88fa82278beed0d855a4331b7e6050,results/previous_single_prompt/raw/Gemini-3.1-Pro-Preview/BADCamp/run_04/independent.request.json,outputs/raw/archive/previous_single_prompt/Gemini-3.1-Pro-Preview/BADCamp/run_04/independent.request.json
132,a71baf45788f47c9b14a1b84a1e24f823a88fa82278beed0d855a4331b7e6050,results/previous_single_prompt/raw/Gemini-3.1-Pro-Preview/BADCamp/run_05/independent.request.json,outputs/raw/archive/previous_single_prompt/Gemini-3.1-Pro-Preview/BADCamp/run_05/independent.request.json
133,0b0c5f067fb938509aea7aa8f45555e7a6ceedc36594cbcc1a8fb85eecaf2b5f,results/previous_single_prompt/raw/Gemini-3.1-Pro-Preview/BADCamp/run_01/minimal.request.json,outputs/raw/archive/previous_single_prompt/Gemini-3.1-Pro-Preview/BADCamp/run_01/minimal.request.json
133,0b0c5f067fb938509aea7aa8f45555e7a6ceedc36594cbcc1a8fb85eecaf2b5f,results/previous_single_prompt/raw/Gemini-3.1-Pro-Preview/BADCamp/run_02/minimal.request.json,outputs/raw/archive/previous_single_prompt/Gemini-3.1-Pro-Preview/BADCamp/run_02/minimal.request.json
133,0b0c5f067fb938509aea7aa8f45555e7a6ceedc36594cbcc1a8fb85eecaf2b5f,results/previous_single_prompt/raw/Gemini-3.1-Pro-Preview/BADCamp/run_03/minimal.request.json,outputs/raw/archive/previous_single_prompt/Gemini-3.1-Pro-Preview/BADCamp/run_03/minimal.request.json
133,0b0c5f067fb938509aea7aa8f45555e7a6ceedc36594cbcc1a8fb85eecaf2b5f,results/previous_single_prompt/raw/Gemini-3.1-Pro-Preview/BADCamp/run_04/minimal.request.json,outputs/raw/archive/previous_single_prompt/Gemini-3.1-Pro-Preview/BADCamp/run_04/minimal.request.json
133,0b0c5f067fb938509aea7aa8f45555e7a6ceedc36594cbcc1a8fb85eecaf2b5f,results/previous_single_prompt/raw/Gemini-3.1-Pro-Preview/BADCamp/run_05/minimal.request.json,outputs/raw/archive/previous_single_prompt/Gemini-3.1-Pro-Preview/BADCamp/run_05/minimal.request.json
134,e52b100ecbc4935ef1c59cef42f398dc92ab159e962b5d2e07c6e8c1983f6006,results/previous_single_prompt/raw/Gemini-3.1-Pro-Preview/BADCamp/run_01/problem_oriented.request.json,outputs/raw/archive/previous_single_prompt/Gemini-3.1-Pro-Preview/BADCamp/run_01/problem_oriented.request.json
134,e52b100ecbc4935ef1c59cef42f398dc92ab159e962b5d2e07c6e8c1983f6006,results/previous_single_prompt/raw/Gemini-3.1-Pro-Preview/BADCamp/run_02/problem_oriented.request.json,outputs/raw/archive/previous_single_prompt/Gemini-3.1-Pro-Preview/BADCamp/run_02/problem_oriented.request.json
134,e52b100ecbc4935ef1c59cef42f398dc92ab159e962b5d2e07c6e8c1983f6006,results/previous_single_prompt/raw/Gemini-3.1-Pro-Preview/BADCamp/run_03/problem_oriented.request.json,outputs/raw/archive/previous_single_prompt/Gemini-3.1-Pro-Preview/BADCamp/run_03/problem_oriented.request.json
134,e52b100ecbc4935ef1c59cef42f398dc92ab159e962b5d2e07c6e8c1983f6006,results/previous_single_prompt/raw/Gemini-3.1-Pro-Preview/BADCamp/run_04/problem_oriented.request.json,outputs/raw/archive/previous_single_prompt/Gemini-3.1-Pro-Preview/BADCamp/run_04/problem_oriented.request.json
134,e52b100ecbc4935ef1c59cef42f398dc92ab159e962b5d2e07c6e8c1983f6006,results/previous_single_prompt/raw/Gemini-3.1-Pro-Preview/BADCamp/run_05/problem_oriented.request.json,outputs/raw/archive/previous_single_prompt/Gemini-3.1-Pro-Preview/BADCamp/run_05/problem_oriented.request.json
135,2c60af364fd112fac9c280478a584557c3b79102dd4761602b4b52401a90e9ba,results/previous_single_prompt/raw/Gemini-3.1-Pro-Preview/BADCamp/run_01/unambiguous.request.json,outputs/raw/archive/previous_single_prompt/Gemini-3.1-Pro-Preview/BADCamp/run_01/unambiguous.request.json
135,2c60af364fd112fac9c280478a584557c3b79102dd4761602b4b52401a90e9ba,results/previous_single_prompt/raw/Gemini-3.1-Pro-Preview/BADCamp/run_02/unambiguous.request.json,outputs/raw/archive/previous_single_prompt/Gemini-3.1-Pro-Preview/BADCamp/run_02/unambiguous.request.json
135,2c60af364fd112fac9c280478a584557c3b79102dd4761602b4b52401a90e9ba,results/previous_single_prompt/raw/Gemini-3.1-Pro-Preview/BADCamp/run_03/unambiguous.request.json,outputs/raw/archive/previous_single_prompt/Gemini-3.1-Pro-Preview/BADCamp/run_03/unambiguous.request.json
135,2c60af364fd112fac9c280478a584557c3b79102dd4761602b4b52401a90e9ba,results/previous_single_prompt/raw/Gemini-3.1-Pro-Preview/BADCamp/run_04/unambiguous.request.json,outputs/raw/archive/previous_single_prompt/Gemini-3.1-Pro-Preview/BADCamp/run_04/unambiguous.request.json
135,2c60af364fd112fac9c280478a584557c3b79102dd4761602b4b52401a90e9ba,results/previous_single_prompt/raw/Gemini-3.1-Pro-Preview/BADCamp/run_05/unambiguous.request.json,outputs/raw/archive/previous_single_prompt/Gemini-3.1-Pro-Preview/BADCamp/run_05/unambiguous.request.json
136,317eaf1791e526d6c183d6144e325762dbc127da3e4e63ea099758fdd82238ed,results/previous_single_prompt/raw/Gemini-3.1-Pro-Preview/BADCamp/run_01/uniform.request.json,outputs/raw/archive/previous_single_prompt/Gemini-3.1-Pro-Preview/BADCamp/run_01/uniform.request.json
136,317eaf1791e526d6c183d6144e325762dbc127da3e4e63ea099758fdd82238ed,results/previous_single_prompt/raw/Gemini-3.1-Pro-Preview/BADCamp/run_02/uniform.request.json,outputs/raw/archive/previous_single_prompt/Gemini-3.1-Pro-Preview/BADCamp/run_02/uniform.request.json
136,317eaf1791e526d6c183d6144e325762dbc127da3e4e63ea099758fdd82238ed,results/previous_single_prompt/raw/Gemini-3.1-Pro-Preview/BADCamp/run_03/uniform.request.json,outputs/raw/archive/previous_single_prompt/Gemini-3.1-Pro-Preview/BADCamp/run_03/uniform.request.json
136,317eaf1791e526d6c183d6144e325762dbc127da3e4e63ea099758fdd82238ed,results/previous_single_prompt/raw/Gemini-3.1-Pro-Preview/BADCamp/run_04/uniform.request.json,outputs/raw/archive/previous_single_prompt/Gemini-3.1-Pro-Preview/BADCamp/run_04/uniform.request.json
136,317eaf1791e526d6c183d6144e325762dbc127da3e4e63ea099758fdd82238ed,results/previous_single_prompt/raw/Gemini-3.1-Pro-Preview/BADCamp/run_05/uniform.request.json,outputs/raw/archive/previous_single_prompt/Gemini-3.1-Pro-Preview/BADCamp/run_05/uniform.request.json
137,739b0ac007d3ca242fdbf63e6a204c38009c42c76b2450340c301691b8923f85,results/previous_single_prompt/raw/Gemini-3.1-Pro-Preview/BADCamp/run_01/unique.request.json,outputs/raw/archive/previous_single_prompt/Gemini-3.1-Pro-Preview/BADCamp/run_01/unique.request.json
137,739b0ac007d3ca242fdbf63e6a204c38009c42c76b2450340c301691b8923f85,results/previous_single_prompt/raw/Gemini-3.1-Pro-Preview/BADCamp/run_02/unique.request.json,outputs/raw/archive/previous_single_prompt/Gemini-3.1-Pro-Preview/BADCamp/run_02/unique.request.json
137,739b0ac007d3ca242fdbf63e6a204c38009c42c76b2450340c301691b8923f85,results/previous_single_prompt/raw/Gemini-3.1-Pro-Preview/BADCamp/run_03/unique.request.json,outputs/raw/archive/previous_single_prompt/Gemini-3.1-Pro-Preview/BADCamp/run_03/unique.request.json
137,739b0ac007d3ca242fdbf63e6a204c38009c42c76b2450340c301691b8923f85,results/previous_single_prompt/raw/Gemini-3.1-Pro-Preview/BADCamp/run_04/unique.request.json,outputs/raw/archive/previous_single_prompt/Gemini-3.1-Pro-Preview/BADCamp/run_04/unique.request.json
137,739b0ac007d3ca242fdbf63e6a204c38009c42c76b2450340c301691b8923f85,results/previous_single_prompt/raw/Gemini-3.1-Pro-Preview/BADCamp/run_05/unique.request.json,outputs/raw/archive/previous_single_prompt/Gemini-3.1-Pro-Preview/BADCamp/run_05/unique.request.json
138,1fdde543b290c6dd3a87731c09dd4c7fa1dc78699a78e4c2922681ec1753aa15,results/previous_single_prompt/raw/Gemini-3.1-Pro-Preview/BADCamp/run_01/well_formed.request.json,outputs/raw/archive/previous_single_prompt/Gemini-3.1-Pro-Preview/BADCamp/run_01/well_formed.request.json
138,1fdde543b290c6dd3a87731c09dd4c7fa1dc78699a78e4c2922681ec1753aa15,results/previous_single_prompt/raw/Gemini-3.1-Pro-Preview/BADCamp/run_02/well_formed.request.json,outputs/raw/archive/previous_single_prompt/Gemini-3.1-Pro-Preview/BADCamp/run_02/well_formed.request.json
138,1fdde543b290c6dd3a87731c09dd4c7fa1dc78699a78e4c2922681ec1753aa15,results/previous_single_prompt/raw/Gemini-3.1-Pro-Preview/BADCamp/run_03/well_formed.request.json,outputs/raw/archive/previous_single_prompt/Gemini-3.1-Pro-Preview/BADCamp/run_03/well_formed.request.json
138,1fdde543b290c6dd3a87731c09dd4c7fa1dc78699a78e4c2922681ec1753aa15,results/previous_single_prompt/raw/Gemini-3.1-Pro-Preview/BADCamp/run_04/well_formed.request.json,outputs/raw/archive/previous_single_prompt/Gemini-3.1-Pro-Preview/BADCamp/run_04/well_formed.request.json
138,1fdde543b290c6dd3a87731c09dd4c7fa1dc78699a78e4c2922681ec1753aa15,results/previous_single_prompt/raw/Gemini-3.1-Pro-Preview/BADCamp/run_05/well_formed.request.json,outputs/raw/archive/previous_single_prompt/Gemini-3.1-Pro-Preview/BADCamp/run_05/well_formed.request.json
139,759ebf30755480e125cd54dad96efe285896020093d3b024f08f6b99165b5b77,results/previous_single_prompt/raw/Gemini-3.1-Pro-Preview/PlanningPoker/run_01/atomic.request.json,outputs/raw/archive/previous_single_prompt/Gemini-3.1-Pro-Preview/PlanningPoker/run_01/atomic.request.json
139,759ebf30755480e125cd54dad96efe285896020093d3b024f08f6b99165b5b77,results/previous_single_prompt/raw/Gemini-3.1-Pro-Preview/PlanningPoker/run_02/atomic.request.json,outputs/raw/archive/previous_single_prompt/Gemini-3.1-Pro-Preview/PlanningPoker/run_02/atomic.request.json
139,759ebf30755480e125cd54dad96efe285896020093d3b024f08f6b99165b5b77,results/previous_single_prompt/raw/Gemini-3.1-Pro-Preview/PlanningPoker/run_03/atomic.request.json,outputs/raw/archive/previous_single_prompt/Gemini-3.1-Pro-Preview/PlanningPoker/run_03/atomic.request.json
139,759ebf30755480e125cd54dad96efe285896020093d3b024f08f6b99165b5b77,results/previous_single_prompt/raw/Gemini-3.1-Pro-Preview/PlanningPoker/run_04/atomic.request.json,outputs/raw/archive/previous_single_prompt/Gemini-3.1-Pro-Preview/PlanningPoker/run_04/atomic.request.json
139,759ebf30755480e125cd54dad96efe285896020093d3b024f08f6b99165b5b77,results/previous_single_prompt/raw/Gemini-3.1-Pro-Preview/PlanningPoker/run_05/atomic.request.json,outputs/raw/archive/previous_single_prompt/Gemini-3.1-Pro-Preview/PlanningPoker/run_05/atomic.request.json
140,7c1382e239db002ace96c56254dc1eab0b68b433649aabec2f4055d6719f7af4,results/previous_single_prompt/raw/Gemini-3.1-Pro-Preview/PlanningPoker/run_01/complete.request.json,outputs/raw/archive/previous_single_prompt/Gemini-3.1-Pro-Preview/PlanningPoker/run_01/complete.request.json
140,7c1382e239db002ace96c56254dc1eab0b68b433649aabec2f4055d6719f7af4,results/previous_single_prompt/raw/Gemini-3.1-Pro-Preview/PlanningPoker/run_02/complete.request.json,outputs/raw/archive/previous_single_prompt/Gemini-3.1-Pro-Preview/PlanningPoker/run_02/complete.request.json
140,7c1382e239db002ace96c56254dc1eab0b68b433649aabec2f4055d6719f7af4,results/previous_single_prompt/raw/Gemini-3.1-Pro-Preview/PlanningPoker/run_03/complete.request.json,outputs/raw/archive/previous_single_prompt/Gemini-3.1-Pro-Preview/PlanningPoker/run_03/complete.request.json
140,7c1382e239db002ace96c56254dc1eab0b68b433649aabec2f4055d6719f7af4,results/previous_single_prompt/raw/Gemini-3.1-Pro-Preview/PlanningPoker/run_04/complete.request.json,outputs/raw/archive/previous_single_prompt/Gemini-3.1-Pro-Preview/PlanningPoker/run_04/complete.request.json
140,7c1382e239db002ace96c56254dc1eab0b68b433649aabec2f4055d6719f7af4,results/previous_single_prompt/raw/Gemini-3.1-Pro-Preview/PlanningPoker/run_05/complete.request.json,outputs/raw/archive/previous_single_prompt/Gemini-3.1-Pro-Preview/PlanningPoker/run_05/complete.request.json
141,dfa9de2a4afcf69c353fa39a897a9b4cd5c8de952a782141aa403a9946578c1c,results/previous_single_prompt/raw/Gemini-3.1-Pro-Preview/PlanningPoker/run_01/conceptually_sound.request.json,outputs/raw/archive/previous_single_prompt/Gemini-3.1-Pro-Preview/PlanningPoker/run_01/conceptually_sound.request.json
141,dfa9de2a4afcf69c353fa39a897a9b4cd5c8de952a782141aa403a9946578c1c,results/previous_single_prompt/raw/Gemini-3.1-Pro-Preview/PlanningPoker/run_02/conceptually_sound.request.json,outputs/raw/archive/previous_single_prompt/Gemini-3.1-Pro-Preview/PlanningPoker/run_02/conceptually_sound.request.json
141,dfa9de2a4afcf69c353fa39a897a9b4cd5c8de952a782141aa403a9946578c1c,results/previous_single_prompt/raw/Gemini-3.1-Pro-Preview/PlanningPoker/run_03/conceptually_sound.request.json,outputs/raw/archive/previous_single_prompt/Gemini-3.1-Pro-Preview/PlanningPoker/run_03/conceptually_sound.request.json
141,dfa9de2a4afcf69c353fa39a897a9b4cd5c8de952a782141aa403a9946578c1c,results/previous_single_prompt/raw/Gemini-3.1-Pro-Preview/PlanningPoker/run_04/conceptually_sound.request.json,outputs/raw/archive/previous_single_prompt/Gemini-3.1-Pro-Preview/PlanningPoker/run_04/conceptually_sound.request.json
141,dfa9de2a4afcf69c353fa39a897a9b4cd5c8de952a782141aa403a9946578c1c,results/previous_single_prompt/raw/Gemini-3.1-Pro-Preview/PlanningPoker/run_05/conceptually_sound.request.json,outputs/raw/archive/previous_single_prompt/Gemini-3.1-Pro-Preview/PlanningPoker/run_05/conceptually_sound.request.json
142,47731c6e08a1cc6cf179aba8abc89e10cd006dafbedcc33e7fb2af617caa605a,results/previous_single_prompt/raw/Gemini-3.1-Pro-Preview/PlanningPoker/run_01/conflict_free.request.json,outputs/raw/archive/previous_single_prompt/Gemini-3.1-Pro-Preview/PlanningPoker/run_01/conflict_free.request.json
142,47731c6e08a1cc6cf179aba8abc89e10cd006dafbedcc33e7fb2af617caa605a,results/previous_single_prompt/raw/Gemini-3.1-Pro-Preview/PlanningPoker/run_02/conflict_free.request.json,outputs/raw/archive/previous_single_prompt/Gemini-3.1-Pro-Preview/PlanningPoker/run_02/conflict_free.request.json
142,47731c6e08a1cc6cf179aba8abc89e10cd006dafbedcc33e7fb2af617caa605a,results/previous_single_prompt/raw/Gemini-3.1-Pro-Preview/PlanningPoker/run_03/conflict_free.request.json,outputs/raw/archive/previous_single_prompt/Gemini-3.1-Pro-Preview/PlanningPoker/run_03/conflict_free.request.json
142,47731c6e08a1cc6cf179aba8abc89e10cd006dafbedcc33e7fb2af617caa605a,results/previous_single_prompt/raw/Gemini-3.1-Pro-Preview/PlanningPoker/run_04/conflict_free.request.json,outputs/raw/archive/previous_single_prompt/Gemini-3.1-Pro-Preview/PlanningPoker/run_04/conflict_free.request.json
142,47731c6e08a1cc6cf179aba8abc89e10cd006dafbedcc33e7fb2af617caa605a,results/previous_single_prompt/raw/Gemini-3.1-Pro-Preview/PlanningPoker/run_05/conflict_free.request.json,outputs/raw/archive/previous_single_prompt/Gemini-3.1-Pro-Preview/PlanningPoker/run_05/conflict_free.request.json
143,7597d68313bfb033f1f125af4ef4fd559a0e50f094092eb55922e204dae14f19,results/previous_single_prompt/raw/Gemini-3.1-Pro-Preview/PlanningPoker/run_01/estimatable.request.json,outputs/raw/archive/previous_single_prompt/Gemini-3.1-Pro-Preview/PlanningPoker/run_01/estimatable.request.json
143,7597d68313bfb033f1f125af4ef4fd559a0e50f094092eb55922e204dae14f19,results/previous_single_prompt/raw/Gemini-3.1-Pro-Preview/PlanningPoker/run_02/estimatable.request.json,outputs/raw/archive/previous_single_prompt/Gemini-3.1-Pro-Preview/PlanningPoker/run_02/estimatable.request.json
143,7597d68313bfb033f1f125af4ef4fd559a0e50f094092eb55922e204dae14f19,results/previous_single_prompt/raw/Gemini-3.1-Pro-Preview/PlanningPoker/run_03/estimatable.request.json,outputs/raw/archive/previous_single_prompt/Gemini-3.1-Pro-Preview/PlanningPoker/run_03/estimatable.request.json
143,7597d68313bfb033f1f125af4ef4fd559a0e50f094092eb55922e204dae14f19,results/previous_single_prompt/raw/Gemini-3.1-Pro-Preview/PlanningPoker/run_04/estimatable.request.json,outputs/raw/archive/previous_single_prompt/Gemini-3.1-Pro-Preview/PlanningPoker/run_04/estimatable.request.json
143,7597d68313bfb033f1f125af4ef4fd559a0e50f094092eb55922e204dae14f19,results/previous_single_prompt/raw/Gemini-3.1-Pro-Preview/PlanningPoker/run_05/estimatable.request.json,outputs/raw/archive/previous_single_prompt/Gemini-3.1-Pro-Preview/PlanningPoker/run_05/estimatable.request.json
144,2c7618d92ae6ac9ecd013f874ad9da1ff19c1400de60ae59b82ea3717e181e79,results/previous_single_prompt/raw/Gemini-3.1-Pro-Preview/PlanningPoker/run_01/full_sentence.request.json,outputs/raw/archive/previous_single_prompt/Gemini-3.1-Pro-Preview/PlanningPoker/run_01/full_sentence.request.json
144,2c7618d92ae6ac9ecd013f874ad9da1ff19c1400de60ae59b82ea3717e181e79,results/previous_single_prompt/raw/Gemini-3.1-Pro-Preview/PlanningPoker/run_02/full_sentence.request.json,outputs/raw/archive/previous_single_prompt/Gemini-3.1-Pro-Preview/PlanningPoker/run_02/full_sentence.request.json
144,2c7618d92ae6ac9ecd013f874ad9da1ff19c1400de60ae59b82ea3717e181e79,results/previous_single_prompt/raw/Gemini-3.1-Pro-Preview/PlanningPoker/run_03/full_sentence.request.json,outputs/raw/archive/previous_single_prompt/Gemini-3.1-Pro-Preview/PlanningPoker/run_03/full_sentence.request.json
144,2c7618d92ae6ac9ecd013f874ad9da1ff19c1400de60ae59b82ea3717e181e79,results/previous_single_prompt/raw/Gemini-3.1-Pro-Preview/PlanningPoker/run_04/full_sentence.request.json,outputs/raw/archive/previous_single_prompt/Gemini-3.1-Pro-Preview/PlanningPoker/run_04/full_sentence.request.json
144,2c7618d92ae6ac9ecd013f874ad9da1ff19c1400de60ae59b82ea3717e181e79,results/previous_single_prompt/raw/Gemini-3.1-Pro-Preview/PlanningPoker/run_05/full_sentence.request.json,outputs/raw/archive/previous_single_prompt/Gemini-3.1-Pro-Preview/PlanningPoker/run_05/full_sentence.request.json
145,fbe15b6f475ff4c45128f95a2afa21f3878777c7c3c91f4224b1b23947c77b09,results/previous_single_prompt/raw/Gemini-3.1-Pro-Preview/PlanningPoker/run_01/independent.request.json,outputs/raw/archive/previous_single_prompt/Gemini-3.1-Pro-Preview/PlanningPoker/run_01/independent.request.json
145,fbe15b6f475ff4c45128f95a2afa21f3878777c7c3c91f4224b1b23947c77b09,results/previous_single_prompt/raw/Gemini-3.1-Pro-Preview/PlanningPoker/run_02/independent.request.json,outputs/raw/archive/previous_single_prompt/Gemini-3.1-Pro-Preview/PlanningPoker/run_02/independent.request.json
145,fbe15b6f475ff4c45128f95a2afa21f3878777c7c3c91f4224b1b23947c77b09,results/previous_single_prompt/raw/Gemini-3.1-Pro-Preview/PlanningPoker/run_03/independent.request.json,outputs/raw/archive/previous_single_prompt/Gemini-3.1-Pro-Preview/PlanningPoker/run_03/independent.request.json
145,fbe15b6f475ff4c45128f95a2afa21f3878777c7c3c91f4224b1b23947c77b09,results/previous_single_prompt/raw/Gemini-3.1-Pro-Preview/PlanningPoker/run_04/independent.request.json,outputs/raw/archive/previous_single_prompt/Gemini-3.1-Pro-Preview/PlanningPoker/run_04/independent.request.json
145,fbe15b6f475ff4c45128f95a2afa21f3878777c7c3c91f4224b1b23947c77b09,results/previous_single_prompt/raw/Gemini-3.1-Pro-Preview/PlanningPoker/run_05/independent.request.json,outputs/raw/archive/previous_single_prompt/Gemini-3.1-Pro-Preview/PlanningPoker/run_05/independent.request.json
146,f9ace65aee87dc72bd95b42d5a3f2688149b40589abf963ce2d2440ec661335a,results/previous_single_prompt/raw/Gemini-3.1-Pro-Preview/PlanningPoker/run_01/minimal.request.json,outputs/raw/archive/previous_single_prompt/Gemini-3.1-Pro-Preview/PlanningPoker/run_01/minimal.request.json
146,f9ace65aee87dc72bd95b42d5a3f2688149b40589abf963ce2d2440ec661335a,results/previous_single_prompt/raw/Gemini-3.1-Pro-Preview/PlanningPoker/run_02/minimal.request.json,outputs/raw/archive/previous_single_prompt/Gemini-3.1-Pro-Preview/PlanningPoker/run_02/minimal.request.json
146,f9ace65aee87dc72bd95b42d5a3f2688149b40589abf963ce2d2440ec661335a,results/previous_single_prompt/raw/Gemini-3.1-Pro-Preview/PlanningPoker/run_03/minimal.request.json,outputs/raw/archive/previous_single_prompt/Gemini-3.1-Pro-Preview/PlanningPoker/run_03/minimal.request.json
146,f9ace65aee87dc72bd95b42d5a3f2688149b40589abf963ce2d2440ec661335a,results/previous_single_prompt/raw/Gemini-3.1-Pro-Preview/PlanningPoker/run_04/minimal.request.json,outputs/raw/archive/previous_single_prompt/Gemini-3.1-Pro-Preview/PlanningPoker/run_04/minimal.request.json
146,f9ace65aee87dc72bd95b42d5a3f2688149b40589abf963ce2d2440ec661335a,results/previous_single_prompt/raw/Gemini-3.1-Pro-Preview/PlanningPoker/run_05/minimal.request.json,outputs/raw/archive/previous_single_prompt/Gemini-3.1-Pro-Preview/PlanningPoker/run_05/minimal.request.json
147,d5a5556136eea5907593beecfa4b73551db022529dcaba980e8eeb30d547a8df,results/previous_single_prompt/raw/Gemini-3.1-Pro-Preview/PlanningPoker/run_01/problem_oriented.request.json,outputs/raw/archive/previous_single_prompt/Gemini-3.1-Pro-Preview/PlanningPoker/run_01/problem_oriented.request.json
147,d5a5556136eea5907593beecfa4b73551db022529dcaba980e8eeb30d547a8df,results/previous_single_prompt/raw/Gemini-3.1-Pro-Preview/PlanningPoker/run_02/problem_oriented.request.json,outputs/raw/archive/previous_single_prompt/Gemini-3.1-Pro-Preview/PlanningPoker/run_02/problem_oriented.request.json
147,d5a5556136eea5907593beecfa4b73551db022529dcaba980e8eeb30d547a8df,results/previous_single_prompt/raw/Gemini-3.1-Pro-Preview/PlanningPoker/run_03/problem_oriented.request.json,outputs/raw/archive/previous_single_prompt/Gemini-3.1-Pro-Preview/PlanningPoker/run_03/problem_oriented.request.json
147,d5a5556136eea5907593beecfa4b73551db022529dcaba980e8eeb30d547a8df,results/previous_single_prompt/raw/Gemini-3.1-Pro-Preview/PlanningPoker/run_04/problem_oriented.request.json,outputs/raw/archive/previous_single_prompt/Gemini-3.1-Pro-Preview/PlanningPoker/run_04/problem_oriented.request.json
147,d5a5556136eea5907593beecfa4b73551db022529dcaba980e8eeb30d547a8df,results/previous_single_prompt/raw/Gemini-3.1-Pro-Preview/PlanningPoker/run_05/problem_oriented.request.json,outputs/raw/archive/previous_single_prompt/Gemini-3.1-Pro-Preview/PlanningPoker/run_05/problem_oriented.request.json
148,fd744c0529d9c3daf28dfdfc011f75fd3ef6feb3444f9437a50867bda27a5550,results/previous_single_prompt/raw/Gemini-3.1-Pro-Preview/PlanningPoker/run_01/unambiguous.request.json,outputs/raw/archive/previous_single_prompt/Gemini-3.1-Pro-Preview/PlanningPoker/run_01/unambiguous.request.json
148,fd744c0529d9c3daf28dfdfc011f75fd3ef6feb3444f9437a50867bda27a5550,results/previous_single_prompt/raw/Gemini-3.1-Pro-Preview/PlanningPoker/run_02/unambiguous.request.json,outputs/raw/archive/previous_single_prompt/Gemini-3.1-Pro-Preview/PlanningPoker/run_02/unambiguous.request.json
148,fd744c0529d9c3daf28dfdfc011f75fd3ef6feb3444f9437a50867bda27a5550,results/previous_single_prompt/raw/Gemini-3.1-Pro-Preview/PlanningPoker/run_03/unambiguous.request.json,outputs/raw/archive/previous_single_prompt/Gemini-3.1-Pro-Preview/PlanningPoker/run_03/unambiguous.request.json
148,fd744c0529d9c3daf28dfdfc011f75fd3ef6feb3444f9437a50867bda27a5550,results/previous_single_prompt/raw/Gemini-3.1-Pro-Preview/PlanningPoker/run_04/unambiguous.request.json,outputs/raw/archive/previous_single_prompt/Gemini-3.1-Pro-Preview/PlanningPoker/run_04/unambiguous.request.json
148,fd744c0529d9c3daf28dfdfc011f75fd3ef6feb3444f9437a50867bda27a5550,results/previous_single_prompt/raw/Gemini-3.1-Pro-Preview/PlanningPoker/run_05/unambiguous.request.json,outputs/raw/archive/previous_single_prompt/Gemini-3.1-Pro-Preview/PlanningPoker/run_05/unambiguous.request.json
149,ba1f2ce829581a3632fa720d04e96350cb920f6d935ba75c66226ffdcfaff233,results/previous_single_prompt/raw/Gemini-3.1-Pro-Preview/PlanningPoker/run_01/uniform.request.json,outputs/raw/archive/previous_single_prompt/Gemini-3.1-Pro-Preview/PlanningPoker/run_01/uniform.request.json
149,ba1f2ce829581a3632fa720d04e96350cb920f6d935ba75c66226ffdcfaff233,results/previous_single_prompt/raw/Gemini-3.1-Pro-Preview/PlanningPoker/run_02/uniform.request.json,outputs/raw/archive/previous_single_prompt/Gemini-3.1-Pro-Preview/PlanningPoker/run_02/uniform.request.json
149,ba1f2ce829581a3632fa720d04e96350cb920f6d935ba75c66226ffdcfaff233,results/previous_single_prompt/raw/Gemini-3.1-Pro-Preview/PlanningPoker/run_03/uniform.request.json,outputs/raw/archive/previous_single_prompt/Gemini-3.1-Pro-Preview/PlanningPoker/run_03/uniform.request.json
149,ba1f2ce829581a3632fa720d04e96350cb920f6d935ba75c66226ffdcfaff233,results/previous_single_prompt/raw/Gemini-3.1-Pro-Preview/PlanningPoker/run_04/uniform.request.json,outputs/raw/archive/previous_single_prompt/Gemini-3.1-Pro-Preview/PlanningPoker/run_04/uniform.request.json
149,ba1f2ce829581a3632fa720d04e96350cb920f6d935ba75c66226ffdcfaff233,results/previous_single_prompt/raw/Gemini-3.1-Pro-Preview/PlanningPoker/run_05/uniform.request.json,outputs/raw/archive/previous_single_prompt/Gemini-3.1-Pro-Preview/PlanningPoker/run_05/uniform.request.json
150,3a10030016f947bb92ae36f7b559f6fd93d6659ff45ccec9392b2e6a146b7b47,results/previous_single_prompt/raw/Gemini-3.1-Pro-Preview/PlanningPoker/run_01/unique.request.json,outputs/raw/archive/previous_single_prompt/Gemini-3.1-Pro-Preview/PlanningPoker/run_01/unique.request.json
150,3a10030016f947bb92ae36f7b559f6fd93d6659ff45ccec9392b2e6a146b7b47,results/previous_single_prompt/raw/Gemini-3.1-Pro-Preview/PlanningPoker/run_02/unique.request.json,outputs/raw/archive/previous_single_prompt/Gemini-3.1-Pro-Preview/PlanningPoker/run_02/unique.request.json
150,3a10030016f947bb92ae36f7b559f6fd93d6659ff45ccec9392b2e6a146b7b47,results/previous_single_prompt/raw/Gemini-3.1-Pro-Preview/PlanningPoker/run_03/unique.request.json,outputs/raw/archive/previous_single_prompt/Gemini-3.1-Pro-Preview/PlanningPoker/run_03/unique.request.json
150,3a10030016f947bb92ae36f7b559f6fd93d6659ff45ccec9392b2e6a146b7b47,results/previous_single_prompt/raw/Gemini-3.1-Pro-Preview/PlanningPoker/run_04/unique.request.json,outputs/raw/archive/previous_single_prompt/Gemini-3.1-Pro-Preview/PlanningPoker/run_04/unique.request.json
150,3a10030016f947bb92ae36f7b559f6fd93d6659ff45ccec9392b2e6a146b7b47,results/previous_single_prompt/raw/Gemini-3.1-Pro-Preview/PlanningPoker/run_05/unique.request.json,outputs/raw/archive/previous_single_prompt/Gemini-3.1-Pro-Preview/PlanningPoker/run_05/unique.request.json
151,06862cb7f50b95dea0d90d0ee98a01f676e8aed4f08c5472a8c5cc2f80f12022,results/previous_single_prompt/raw/Gemini-3.1-Pro-Preview/PlanningPoker/run_01/well_formed.request.json,outputs/raw/archive/previous_single_prompt/Gemini-3.1-Pro-Preview/PlanningPoker/run_01/well_formed.request.json
151,06862cb7f50b95dea0d90d0ee98a01f676e8aed4f08c5472a8c5cc2f80f12022,results/previous_single_prompt/raw/Gemini-3.1-Pro-Preview/PlanningPoker/run_02/well_formed.request.json,outputs/raw/archive/previous_single_prompt/Gemini-3.1-Pro-Preview/PlanningPoker/run_02/well_formed.request.json
151,06862cb7f50b95dea0d90d0ee98a01f676e8aed4f08c5472a8c5cc2f80f12022,results/previous_single_prompt/raw/Gemini-3.1-Pro-Preview/PlanningPoker/run_03/well_formed.request.json,outputs/raw/archive/previous_single_prompt/Gemini-3.1-Pro-Preview/PlanningPoker/run_03/well_formed.request.json
151,06862cb7f50b95dea0d90d0ee98a01f676e8aed4f08c5472a8c5cc2f80f12022,results/previous_single_prompt/raw/Gemini-3.1-Pro-Preview/PlanningPoker/run_04/well_formed.request.json,outputs/raw/archive/previous_single_prompt/Gemini-3.1-Pro-Preview/PlanningPoker/run_04/well_formed.request.json
151,06862cb7f50b95dea0d90d0ee98a01f676e8aed4f08c5472a8c5cc2f80f12022,results/previous_single_prompt/raw/Gemini-3.1-Pro-Preview/PlanningPoker/run_05/well_formed.request.json,outputs/raw/archive/previous_single_prompt/Gemini-3.1-Pro-Preview/PlanningPoker/run_05/well_formed.request.json
152,210a26d6112e70778f987ab68b8d31933cbbe67fbb9de1b6a1c4f7dd6d34a55a,results/previous_single_prompt/raw/Gemini-3.1-Pro-Preview/Zooniverse/run_01/atomic.request.json,outputs/raw/archive/previous_single_prompt/Gemini-3.1-Pro-Preview/Zooniverse/run_01/atomic.request.json
152,210a26d6112e70778f987ab68b8d31933cbbe67fbb9de1b6a1c4f7dd6d34a55a,results/previous_single_prompt/raw/Gemini-3.1-Pro-Preview/Zooniverse/run_02/atomic.request.json,outputs/raw/archive/previous_single_prompt/Gemini-3.1-Pro-Preview/Zooniverse/run_02/atomic.request.json
152,210a26d6112e70778f987ab68b8d31933cbbe67fbb9de1b6a1c4f7dd6d34a55a,results/previous_single_prompt/raw/Gemini-3.1-Pro-Preview/Zooniverse/run_03/atomic.request.json,outputs/raw/archive/previous_single_prompt/Gemini-3.1-Pro-Preview/Zooniverse/run_03/atomic.request.json
152,210a26d6112e70778f987ab68b8d31933cbbe67fbb9de1b6a1c4f7dd6d34a55a,results/previous_single_prompt/raw/Gemini-3.1-Pro-Preview/Zooniverse/run_04/atomic.request.json,outputs/raw/archive/previous_single_prompt/Gemini-3.1-Pro-Preview/Zooniverse/run_04/atomic.request.json
152,210a26d6112e70778f987ab68b8d31933cbbe67fbb9de1b6a1c4f7dd6d34a55a,results/previous_single_prompt/raw/Gemini-3.1-Pro-Preview/Zooniverse/run_05/atomic.request.json,outputs/raw/archive/previous_single_prompt/Gemini-3.1-Pro-Preview/Zooniverse/run_05/atomic.request.json
153,22f1721eb131b41be31e7dc132ada794179c07c614dd4772bd283df24fa4fe7f,results/previous_single_prompt/raw/Gemini-3.1-Pro-Preview/Zooniverse/run_01/complete.request.json,outputs/raw/archive/previous_single_prompt/Gemini-3.1-Pro-Preview/Zooniverse/run_01/complete.request.json
153,22f1721eb131b41be31e7dc132ada794179c07c614dd4772bd283df24fa4fe7f,results/previous_single_prompt/raw/Gemini-3.1-Pro-Preview/Zooniverse/run_02/complete.request.json,outputs/raw/archive/previous_single_prompt/Gemini-3.1-Pro-Preview/Zooniverse/run_02/complete.request.json
153,22f1721eb131b41be31e7dc132ada794179c07c614dd4772bd283df24fa4fe7f,results/previous_single_prompt/raw/Gemini-3.1-Pro-Preview/Zooniverse/run_03/complete.request.json,outputs/raw/archive/previous_single_prompt/Gemini-3.1-Pro-Preview/Zooniverse/run_03/complete.request.json
153,22f1721eb131b41be31e7dc132ada794179c07c614dd4772bd283df24fa4fe7f,results/previous_single_prompt/raw/Gemini-3.1-Pro-Preview/Zooniverse/run_04/complete.request.json,outputs/raw/archive/previous_single_prompt/Gemini-3.1-Pro-Preview/Zooniverse/run_04/complete.request.json
153,22f1721eb131b41be31e7dc132ada794179c07c614dd4772bd283df24fa4fe7f,results/previous_single_prompt/raw/Gemini-3.1-Pro-Preview/Zooniverse/run_05/complete.request.json,outputs/raw/archive/previous_single_prompt/Gemini-3.1-Pro-Preview/Zooniverse/run_05/complete.request.json
154,01ac8c1118746fbc9f7c871effb09d02e1f26fb791212ffb4dc2d3e37d84f7fc,results/previous_single_prompt/raw/Gemini-3.1-Pro-Preview/Zooniverse/run_01/conceptually_sound.request.json,outputs/raw/archive/previous_single_prompt/Gemini-3.1-Pro-Preview/Zooniverse/run_01/conceptually_sound.request.json
154,01ac8c1118746fbc9f7c871effb09d02e1f26fb791212ffb4dc2d3e37d84f7fc,results/previous_single_prompt/raw/Gemini-3.1-Pro-Preview/Zooniverse/run_02/conceptually_sound.request.json,outputs/raw/archive/previous_single_prompt/Gemini-3.1-Pro-Preview/Zooniverse/run_02/conceptually_sound.request.json
154,01ac8c1118746fbc9f7c871effb09d02e1f26fb791212ffb4dc2d3e37d84f7fc,results/previous_single_prompt/raw/Gemini-3.1-Pro-Preview/Zooniverse/run_03/conceptually_sound.request.json,outputs/raw/archive/previous_single_prompt/Gemini-3.1-Pro-Preview/Zooniverse/run_03/conceptually_sound.request.json
154,01ac8c1118746fbc9f7c871effb09d02e1f26fb791212ffb4dc2d3e37d84f7fc,results/previous_single_prompt/raw/Gemini-3.1-Pro-Preview/Zooniverse/run_04/conceptually_sound.request.json,outputs/raw/archive/previous_single_prompt/Gemini-3.1-Pro-Preview/Zooniverse/run_04/conceptually_sound.request.json
154,01ac8c1118746fbc9f7c871effb09d02e1f26fb791212ffb4dc2d3e37d84f7fc,results/previous_single_prompt/raw/Gemini-3.1-Pro-Preview/Zooniverse/run_05/conceptually_sound.request.json,outputs/raw/archive/previous_single_prompt/Gemini-3.1-Pro-Preview/Zooniverse/run_05/conceptually_sound.request.json
155,3e26f71761f75b0dad11f1a3d60685f3fe3ddd66dce421f5f92f6037716845eb,results/previous_single_prompt/raw/Gemini-3.1-Pro-Preview/Zooniverse/run_01/conflict_free.request.json,outputs/raw/archive/previous_single_prompt/Gemini-3.1-Pro-Preview/Zooniverse/run_01/conflict_free.request.json
155,3e26f71761f75b0dad11f1a3d60685f3fe3ddd66dce421f5f92f6037716845eb,results/previous_single_prompt/raw/Gemini-3.1-Pro-Preview/Zooniverse/run_02/conflict_free.request.json,outputs/raw/archive/previous_single_prompt/Gemini-3.1-Pro-Preview/Zooniverse/run_02/conflict_free.request.json
155,3e26f71761f75b0dad11f1a3d60685f3fe3ddd66dce421f5f92f6037716845eb,results/previous_single_prompt/raw/Gemini-3.1-Pro-Preview/Zooniverse/run_03/conflict_free.request.json,outputs/raw/archive/previous_single_prompt/Gemini-3.1-Pro-Preview/Zooniverse/run_03/conflict_free.request.json
155,3e26f71761f75b0dad11f1a3d60685f3fe3ddd66dce421f5f92f6037716845eb,results/previous_single_prompt/raw/Gemini-3.1-Pro-Preview/Zooniverse/run_04/conflict_free.request.json,outputs/raw/archive/previous_single_prompt/Gemini-3.1-Pro-Preview/Zooniverse/run_04/conflict_free.request.json
155,3e26f71761f75b0dad11f1a3d60685f3fe3ddd66dce421f5f92f6037716845eb,results/previous_single_prompt/raw/Gemini-3.1-Pro-Preview/Zooniverse/run_05/conflict_free.request.json,outputs/raw/archive/previous_single_prompt/Gemini-3.1-Pro-Preview/Zooniverse/run_05/conflict_free.request.json
156,88f80db83c291b6986a5c491d973b26203609077c9f7a035663e885bdc6be04c,results/previous_single_prompt/raw/Gemini-3.1-Pro-Preview/Zooniverse/run_01/estimatable.request.json,outputs/raw/archive/previous_single_prompt/Gemini-3.1-Pro-Preview/Zooniverse/run_01/estimatable.request.json
156,88f80db83c291b6986a5c491d973b26203609077c9f7a035663e885bdc6be04c,results/previous_single_prompt/raw/Gemini-3.1-Pro-Preview/Zooniverse/run_02/estimatable.request.json,outputs/raw/archive/previous_single_prompt/Gemini-3.1-Pro-Preview/Zooniverse/run_02/estimatable.request.json
156,88f80db83c291b6986a5c491d973b26203609077c9f7a035663e885bdc6be04c,results/previous_single_prompt/raw/Gemini-3.1-Pro-Preview/Zooniverse/run_03/estimatable.request.json,outputs/raw/archive/previous_single_prompt/Gemini-3.1-Pro-Preview/Zooniverse/run_03/estimatable.request.json
156,88f80db83c291b6986a5c491d973b26203609077c9f7a035663e885bdc6be04c,results/previous_single_prompt/raw/Gemini-3.1-Pro-Preview/Zooniverse/run_04/estimatable.request.json,outputs/raw/archive/previous_single_prompt/Gemini-3.1-Pro-Preview/Zooniverse/run_04/estimatable.request.json
156,88f80db83c291b6986a5c491d973b26203609077c9f7a035663e885bdc6be04c,results/previous_single_prompt/raw/Gemini-3.1-Pro-Preview/Zooniverse/run_05/estimatable.request.json,outputs/raw/archive/previous_single_prompt/Gemini-3.1-Pro-Preview/Zooniverse/run_05/estimatable.request.json
157,e144134b5bca81887e56dbfbad8381538f5e180dd2e29c5f0146083a69e51966,results/previous_single_prompt/raw/Gemini-3.1-Pro-Preview/Zooniverse/run_01/full_sentence.request.json,outputs/raw/archive/previous_single_prompt/Gemini-3.1-Pro-Preview/Zooniverse/run_01/full_sentence.request.json
157,e144134b5bca81887e56dbfbad8381538f5e180dd2e29c5f0146083a69e51966,results/previous_single_prompt/raw/Gemini-3.1-Pro-Preview/Zooniverse/run_02/full_sentence.request.json,outputs/raw/archive/previous_single_prompt/Gemini-3.1-Pro-Preview/Zooniverse/run_02/full_sentence.request.json
157,e144134b5bca81887e56dbfbad8381538f5e180dd2e29c5f0146083a69e51966,results/previous_single_prompt/raw/Gemini-3.1-Pro-Preview/Zooniverse/run_03/full_sentence.request.json,outputs/raw/archive/previous_single_prompt/Gemini-3.1-Pro-Preview/Zooniverse/run_03/full_sentence.request.json
157,e144134b5bca81887e56dbfbad8381538f5e180dd2e29c5f0146083a69e51966,results/previous_single_prompt/raw/Gemini-3.1-Pro-Preview/Zooniverse/run_04/full_sentence.request.json,outputs/raw/archive/previous_single_prompt/Gemini-3.1-Pro-Preview/Zooniverse/run_04/full_sentence.request.json
157,e144134b5bca81887e56dbfbad8381538f5e180dd2e29c5f0146083a69e51966,results/previous_single_prompt/raw/Gemini-3.1-Pro-Preview/Zooniverse/run_05/full_sentence.request.json,outputs/raw/archive/previous_single_prompt/Gemini-3.1-Pro-Preview/Zooniverse/run_05/full_sentence.request.json
158,0c95c9063a5a610c786b16426bf37575f21b54461c9ada686e48c2c73ccec326,results/previous_single_prompt/raw/Gemini-3.1-Pro-Preview/Zooniverse/run_01/independent.request.json,outputs/raw/archive/previous_single_prompt/Gemini-3.1-Pro-Preview/Zooniverse/run_01/independent.request.json
158,0c95c9063a5a610c786b16426bf37575f21b54461c9ada686e48c2c73ccec326,results/previous_single_prompt/raw/Gemini-3.1-Pro-Preview/Zooniverse/run_02/independent.request.json,outputs/raw/archive/previous_single_prompt/Gemini-3.1-Pro-Preview/Zooniverse/run_02/independent.request.json
158,0c95c9063a5a610c786b16426bf37575f21b54461c9ada686e48c2c73ccec326,results/previous_single_prompt/raw/Gemini-3.1-Pro-Preview/Zooniverse/run_03/independent.request.json,outputs/raw/archive/previous_single_prompt/Gemini-3.1-Pro-Preview/Zooniverse/run_03/independent.request.json
158,0c95c9063a5a610c786b16426bf37575f21b54461c9ada686e48c2c73ccec326,results/previous_single_prompt/raw/Gemini-3.1-Pro-Preview/Zooniverse/run_04/independent.request.json,outputs/raw/archive/previous_single_prompt/Gemini-3.1-Pro-Preview/Zooniverse/run_04/independent.request.json
158,0c95c9063a5a610c786b16426bf37575f21b54461c9ada686e48c2c73ccec326,results/previous_single_prompt/raw/Gemini-3.1-Pro-Preview/Zooniverse/run_05/independent.request.json,outputs/raw/archive/previous_single_prompt/Gemini-3.1-Pro-Preview/Zooniverse/run_05/independent.request.json
159,7a9169b3593d888d9e380e2425b26a76159b1e4848da3d121097a083bfd63733,results/previous_single_prompt/raw/Gemini-3.1-Pro-Preview/Zooniverse/run_01/minimal.request.json,outputs/raw/archive/previous_single_prompt/Gemini-3.1-Pro-Preview/Zooniverse/run_01/minimal.request.json
159,7a9169b3593d888d9e380e2425b26a76159b1e4848da3d121097a083bfd63733,results/previous_single_prompt/raw/Gemini-3.1-Pro-Preview/Zooniverse/run_02/minimal.request.json,outputs/raw/archive/previous_single_prompt/Gemini-3.1-Pro-Preview/Zooniverse/run_02/minimal.request.json
159,7a9169b3593d888d9e380e2425b26a76159b1e4848da3d121097a083bfd63733,results/previous_single_prompt/raw/Gemini-3.1-Pro-Preview/Zooniverse/run_03/minimal.request.json,outputs/raw/archive/previous_single_prompt/Gemini-3.1-Pro-Preview/Zooniverse/run_03/minimal.request.json
159,7a9169b3593d888d9e380e2425b26a76159b1e4848da3d121097a083bfd63733,results/previous_single_prompt/raw/Gemini-3.1-Pro-Preview/Zooniverse/run_04/minimal.request.json,outputs/raw/archive/previous_single_prompt/Gemini-3.1-Pro-Preview/Zooniverse/run_04/minimal.request.json
159,7a9169b3593d888d9e380e2425b26a76159b1e4848da3d121097a083bfd63733,results/previous_single_prompt/raw/Gemini-3.1-Pro-Preview/Zooniverse/run_05/minimal.request.json,outputs/raw/archive/previous_single_prompt/Gemini-3.1-Pro-Preview/Zooniverse/run_05/minimal.request.json
160,3bf2ab49c589437b2fd01d35ac8a388e810f96a57969c33e5a158de472349f1f,results/previous_single_prompt/raw/Gemini-3.1-Pro-Preview/Zooniverse/run_01/problem_oriented.request.json,outputs/raw/archive/previous_single_prompt/Gemini-3.1-Pro-Preview/Zooniverse/run_01/problem_oriented.request.json
160,3bf2ab49c589437b2fd01d35ac8a388e810f96a57969c33e5a158de472349f1f,results/previous_single_prompt/raw/Gemini-3.1-Pro-Preview/Zooniverse/run_02/problem_oriented.request.json,outputs/raw/archive/previous_single_prompt/Gemini-3.1-Pro-Preview/Zooniverse/run_02/problem_oriented.request.json
160,3bf2ab49c589437b2fd01d35ac8a388e810f96a57969c33e5a158de472349f1f,results/previous_single_prompt/raw/Gemini-3.1-Pro-Preview/Zooniverse/run_03/problem_oriented.request.json,outputs/raw/archive/previous_single_prompt/Gemini-3.1-Pro-Preview/Zooniverse/run_03/problem_oriented.request.json
160,3bf2ab49c589437b2fd01d35ac8a388e810f96a57969c33e5a158de472349f1f,results/previous_single_prompt/raw/Gemini-3.1-Pro-Preview/Zooniverse/run_04/problem_oriented.request.json,outputs/raw/archive/previous_single_prompt/Gemini-3.1-Pro-Preview/Zooniverse/run_04/problem_oriented.request.json
160,3bf2ab49c589437b2fd01d35ac8a388e810f96a57969c33e5a158de472349f1f,results/previous_single_prompt/raw/Gemini-3.1-Pro-Preview/Zooniverse/run_05/problem_oriented.request.json,outputs/raw/archive/previous_single_prompt/Gemini-3.1-Pro-Preview/Zooniverse/run_05/problem_oriented.request.json
161,f1c6719c1263baec597b22d9097699b3e2797b3a8e5d388e0afa6f465c4cdaf9,results/previous_single_prompt/raw/Gemini-3.1-Pro-Preview/Zooniverse/run_01/unambiguous.request.json,outputs/raw/archive/previous_single_prompt/Gemini-3.1-Pro-Preview/Zooniverse/run_01/unambiguous.request.json
161,f1c6719c1263baec597b22d9097699b3e2797b3a8e5d388e0afa6f465c4cdaf9,results/previous_single_prompt/raw/Gemini-3.1-Pro-Preview/Zooniverse/run_02/unambiguous.request.json,outputs/raw/archive/previous_single_prompt/Gemini-3.1-Pro-Preview/Zooniverse/run_02/unambiguous.request.json
161,f1c6719c1263baec597b22d9097699b3e2797b3a8e5d388e0afa6f465c4cdaf9,results/previous_single_prompt/raw/Gemini-3.1-Pro-Preview/Zooniverse/run_03/unambiguous.request.json,outputs/raw/archive/previous_single_prompt/Gemini-3.1-Pro-Preview/Zooniverse/run_03/unambiguous.request.json
161,f1c6719c1263baec597b22d9097699b3e2797b3a8e5d388e0afa6f465c4cdaf9,results/previous_single_prompt/raw/Gemini-3.1-Pro-Preview/Zooniverse/run_04/unambiguous.request.json,outputs/raw/archive/previous_single_prompt/Gemini-3.1-Pro-Preview/Zooniverse/run_04/unambiguous.request.json
161,f1c6719c1263baec597b22d9097699b3e2797b3a8e5d388e0afa6f465c4cdaf9,results/previous_single_prompt/raw/Gemini-3.1-Pro-Preview/Zooniverse/run_05/unambiguous.request.json,outputs/raw/archive/previous_single_prompt/Gemini-3.1-Pro-Preview/Zooniverse/run_05/unambiguous.request.json
162,7255cd6014b919f3f534f081bb5b437984a83686fa4c3ea67b53b5e8747f22b8,results/previous_single_prompt/raw/Gemini-3.1-Pro-Preview/Zooniverse/run_01/uniform.request.json,outputs/raw/archive/previous_single_prompt/Gemini-3.1-Pro-Preview/Zooniverse/run_01/uniform.request.json
162,7255cd6014b919f3f534f081bb5b437984a83686fa4c3ea67b53b5e8747f22b8,results/previous_single_prompt/raw/Gemini-3.1-Pro-Preview/Zooniverse/run_02/uniform.request.json,outputs/raw/archive/previous_single_prompt/Gemini-3.1-Pro-Preview/Zooniverse/run_02/uniform.request.json
162,7255cd6014b919f3f534f081bb5b437984a83686fa4c3ea67b53b5e8747f22b8,results/previous_single_prompt/raw/Gemini-3.1-Pro-Preview/Zooniverse/run_03/uniform.request.json,outputs/raw/archive/previous_single_prompt/Gemini-3.1-Pro-Preview/Zooniverse/run_03/uniform.request.json
162,7255cd6014b919f3f534f081bb5b437984a83686fa4c3ea67b53b5e8747f22b8,results/previous_single_prompt/raw/Gemini-3.1-Pro-Preview/Zooniverse/run_04/uniform.request.json,outputs/raw/archive/previous_single_prompt/Gemini-3.1-Pro-Preview/Zooniverse/run_04/uniform.request.json
162,7255cd6014b919f3f534f081bb5b437984a83686fa4c3ea67b53b5e8747f22b8,results/previous_single_prompt/raw/Gemini-3.1-Pro-Preview/Zooniverse/run_05/uniform.request.json,outputs/raw/archive/previous_single_prompt/Gemini-3.1-Pro-Preview/Zooniverse/run_05/uniform.request.json
163,0e6fcdd4d64af41aac3927daba28d1ff53ecdb4b349a856482b6d3302170d1a5,results/previous_single_prompt/raw/Gemini-3.1-Pro-Preview/Zooniverse/run_01/unique.request.json,outputs/raw/archive/previous_single_prompt/Gemini-3.1-Pro-Preview/Zooniverse/run_01/unique.request.json
163,0e6fcdd4d64af41aac3927daba28d1ff53ecdb4b349a856482b6d3302170d1a5,results/previous_single_prompt/raw/Gemini-3.1-Pro-Preview/Zooniverse/run_02/unique.request.json,outputs/raw/archive/previous_single_prompt/Gemini-3.1-Pro-Preview/Zooniverse/run_02/unique.request.json
163,0e6fcdd4d64af41aac3927daba28d1ff53ecdb4b349a856482b6d3302170d1a5,results/previous_single_prompt/raw/Gemini-3.1-Pro-Preview/Zooniverse/run_03/unique.request.json,outputs/raw/archive/previous_single_prompt/Gemini-3.1-Pro-Preview/Zooniverse/run_03/unique.request.json
163,0e6fcdd4d64af41aac3927daba28d1ff53ecdb4b349a856482b6d3302170d1a5,results/previous_single_prompt/raw/Gemini-3.1-Pro-Preview/Zooniverse/run_04/unique.request.json,outputs/raw/archive/previous_single_prompt/Gemini-3.1-Pro-Preview/Zooniverse/run_04/unique.request.json
163,0e6fcdd4d64af41aac3927daba28d1ff53ecdb4b349a856482b6d3302170d1a5,results/previous_single_prompt/raw/Gemini-3.1-Pro-Preview/Zooniverse/run_05/unique.request.json,outputs/raw/archive/previous_single_prompt/Gemini-3.1-Pro-Preview/Zooniverse/run_05/unique.request.json
164,c2b680f7c66ced168fd2d9b806dfba43af968700877a231e6f6e6a5572072681,results/previous_single_prompt/raw/Gemini-3.1-Pro-Preview/Zooniverse/run_01/well_formed.request.json,outputs/raw/archive/previous_single_prompt/Gemini-3.1-Pro-Preview/Zooniverse/run_01/well_formed.request.json
164,c2b680f7c66ced168fd2d9b806dfba43af968700877a231e6f6e6a5572072681,results/previous_single_prompt/raw/Gemini-3.1-Pro-Preview/Zooniverse/run_02/well_formed.request.json,outputs/raw/archive/previous_single_prompt/Gemini-3.1-Pro-Preview/Zooniverse/run_02/well_formed.request.json
164,c2b680f7c66ced168fd2d9b806dfba43af968700877a231e6f6e6a5572072681,results/previous_single_prompt/raw/Gemini-3.1-Pro-Preview/Zooniverse/run_03/well_formed.request.json,outputs/raw/archive/previous_single_prompt/Gemini-3.1-Pro-Preview/Zooniverse/run_03/well_formed.request.json
164,c2b680f7c66ced168fd2d9b806dfba43af968700877a231e6f6e6a5572072681,results/previous_single_prompt/raw/Gemini-3.1-Pro-Preview/Zooniverse/run_04/well_formed.request.json,outputs/raw/archive/previous_single_prompt/Gemini-3.1-Pro-Preview/Zooniverse/run_04/well_formed.request.json
164,c2b680f7c66ced168fd2d9b806dfba43af968700877a231e6f6e6a5572072681,results/previous_single_prompt/raw/Gemini-3.1-Pro-Preview/Zooniverse/run_05/well_formed.request.json,outputs/raw/archive/previous_single_prompt/Gemini-3.1-Pro-Preview/Zooniverse/run_05/well_formed.request.json
165,b55275a9f2ad3d1970589bcbc538054cdb7de1238da4e05af2afda4ad0bdba72,results/raw/AQUSA/BADCamp.txt,outputs/raw/AQUSA/BADCamp.txt
165,b55275a9f2ad3d1970589bcbc538054cdb7de1238da4e05af2afda4ad0bdba72,vendor/aqusa-core/output/experiment-badcamp.txt,vendor/aqusa-core/output/experiment-badcamp.txt
166,e6b589862b5973f5dc2762dca11de10600b7f0e06fc02c3152684468517e6528,results/raw/AQUSA/PlanningPoker.txt,outputs/raw/AQUSA/PlanningPoker.txt
166,e6b589862b5973f5dc2762dca11de10600b7f0e06fc02c3152684468517e6528,vendor/aqusa-core/output/experiment-planningpoker.txt,vendor/aqusa-core/output/experiment-planningpoker.txt
167,cb830c3bc4542e2dfca865023eff7be6c3b75dcdccc9883b804cd14ac16c9e5c,results/raw/AQUSA/Zooniverse.txt,outputs/raw/AQUSA/Zooniverse.txt
167,cb830c3bc4542e2dfca865023eff7be6c3b75dcdccc9883b804cd14ac16c9e5c,vendor/aqusa-core/output/experiment-zooniverse.txt,vendor/aqusa-core/output/experiment-zooniverse.txt
168,1ce8470d7af7ee6b280bd06bade5c0782316142c7292b6b992555875f36fb878,results/raw/few_shot/DeepSeek-V4-Pro/BADCamp/run_01/atomic.request.json,outputs/raw/few_shot/DeepSeek-V4-Pro/BADCamp/run_01/atomic.request.json
168,1ce8470d7af7ee6b280bd06bade5c0782316142c7292b6b992555875f36fb878,results/raw/few_shot/DeepSeek-V4-Pro/BADCamp/run_02/atomic.request.json,outputs/raw/few_shot/DeepSeek-V4-Pro/BADCamp/run_02/atomic.request.json
168,1ce8470d7af7ee6b280bd06bade5c0782316142c7292b6b992555875f36fb878,results/raw/few_shot/DeepSeek-V4-Pro/BADCamp/run_03/atomic.request.json,outputs/raw/few_shot/DeepSeek-V4-Pro/BADCamp/run_03/atomic.request.json
168,1ce8470d7af7ee6b280bd06bade5c0782316142c7292b6b992555875f36fb878,results/raw/few_shot/DeepSeek-V4-Pro/BADCamp/run_04/atomic.request.json,outputs/raw/few_shot/DeepSeek-V4-Pro/BADCamp/run_04/atomic.request.json
168,1ce8470d7af7ee6b280bd06bade5c0782316142c7292b6b992555875f36fb878,results/raw/few_shot/DeepSeek-V4-Pro/BADCamp/run_05/atomic.request.json,outputs/raw/few_shot/DeepSeek-V4-Pro/BADCamp/run_05/atomic.request.json
169,cb5bfdba2acfe3ca15f62f29c9dcba648a587b232a0ee1b8564ea6711be07090,results/raw/few_shot/DeepSeek-V4-Pro/BADCamp/run_01/complete.request.json,outputs/raw/few_shot/DeepSeek-V4-Pro/BADCamp/run_01/complete.request.json
169,cb5bfdba2acfe3ca15f62f29c9dcba648a587b232a0ee1b8564ea6711be07090,results/raw/few_shot/DeepSeek-V4-Pro/BADCamp/run_02/complete.request.json,outputs/raw/few_shot/DeepSeek-V4-Pro/BADCamp/run_02/complete.request.json
169,cb5bfdba2acfe3ca15f62f29c9dcba648a587b232a0ee1b8564ea6711be07090,results/raw/few_shot/DeepSeek-V4-Pro/BADCamp/run_03/complete.request.json,outputs/raw/few_shot/DeepSeek-V4-Pro/BADCamp/run_03/complete.request.json
169,cb5bfdba2acfe3ca15f62f29c9dcba648a587b232a0ee1b8564ea6711be07090,results/raw/few_shot/DeepSeek-V4-Pro/BADCamp/run_04/complete.request.json,outputs/raw/few_shot/DeepSeek-V4-Pro/BADCamp/run_04/complete.request.json
169,cb5bfdba2acfe3ca15f62f29c9dcba648a587b232a0ee1b8564ea6711be07090,results/raw/few_shot/DeepSeek-V4-Pro/BADCamp/run_05/complete.request.json,outputs/raw/few_shot/DeepSeek-V4-Pro/BADCamp/run_05/complete.request.json
170,b9c12f2be8fbb79d47df69cf2c358da50d2a991761a20a9a3c06f9c5dab5b07f,results/raw/few_shot/DeepSeek-V4-Pro/BADCamp/run_01/conceptually_sound.request.json,outputs/raw/few_shot/DeepSeek-V4-Pro/BADCamp/run_01/conceptually_sound.request.json
170,b9c12f2be8fbb79d47df69cf2c358da50d2a991761a20a9a3c06f9c5dab5b07f,results/raw/few_shot/DeepSeek-V4-Pro/BADCamp/run_02/conceptually_sound.request.json,outputs/raw/few_shot/DeepSeek-V4-Pro/BADCamp/run_02/conceptually_sound.request.json
170,b9c12f2be8fbb79d47df69cf2c358da50d2a991761a20a9a3c06f9c5dab5b07f,results/raw/few_shot/DeepSeek-V4-Pro/BADCamp/run_03/conceptually_sound.request.json,outputs/raw/few_shot/DeepSeek-V4-Pro/BADCamp/run_03/conceptually_sound.request.json
170,b9c12f2be8fbb79d47df69cf2c358da50d2a991761a20a9a3c06f9c5dab5b07f,results/raw/few_shot/DeepSeek-V4-Pro/BADCamp/run_04/conceptually_sound.request.json,outputs/raw/few_shot/DeepSeek-V4-Pro/BADCamp/run_04/conceptually_sound.request.json
170,b9c12f2be8fbb79d47df69cf2c358da50d2a991761a20a9a3c06f9c5dab5b07f,results/raw/few_shot/DeepSeek-V4-Pro/BADCamp/run_05/conceptually_sound.request.json,outputs/raw/few_shot/DeepSeek-V4-Pro/BADCamp/run_05/conceptually_sound.request.json
171,1a9bac456947a061a8e25719739605937f02164c74269b4555b81c8fe97f5593,results/raw/few_shot/DeepSeek-V4-Pro/BADCamp/run_01/conflict_free.request.json,outputs/raw/few_shot/DeepSeek-V4-Pro/BADCamp/run_01/conflict_free.request.json
171,1a9bac456947a061a8e25719739605937f02164c74269b4555b81c8fe97f5593,results/raw/few_shot/DeepSeek-V4-Pro/BADCamp/run_02/conflict_free.request.json,outputs/raw/few_shot/DeepSeek-V4-Pro/BADCamp/run_02/conflict_free.request.json
171,1a9bac456947a061a8e25719739605937f02164c74269b4555b81c8fe97f5593,results/raw/few_shot/DeepSeek-V4-Pro/BADCamp/run_03/conflict_free.request.json,outputs/raw/few_shot/DeepSeek-V4-Pro/BADCamp/run_03/conflict_free.request.json
171,1a9bac456947a061a8e25719739605937f02164c74269b4555b81c8fe97f5593,results/raw/few_shot/DeepSeek-V4-Pro/BADCamp/run_04/conflict_free.request.json,outputs/raw/few_shot/DeepSeek-V4-Pro/BADCamp/run_04/conflict_free.request.json
171,1a9bac456947a061a8e25719739605937f02164c74269b4555b81c8fe97f5593,results/raw/few_shot/DeepSeek-V4-Pro/BADCamp/run_05/conflict_free.request.json,outputs/raw/few_shot/DeepSeek-V4-Pro/BADCamp/run_05/conflict_free.request.json
172,14098c7da61597503d0951e931803f9938852ed2e064f94ac3ece9d0335687fd,results/raw/few_shot/DeepSeek-V4-Pro/BADCamp/run_01/estimatable.request.json,outputs/raw/few_shot/DeepSeek-V4-Pro/BADCamp/run_01/estimatable.request.json
172,14098c7da61597503d0951e931803f9938852ed2e064f94ac3ece9d0335687fd,results/raw/few_shot/DeepSeek-V4-Pro/BADCamp/run_02/estimatable.request.json,outputs/raw/few_shot/DeepSeek-V4-Pro/BADCamp/run_02/estimatable.request.json
172,14098c7da61597503d0951e931803f9938852ed2e064f94ac3ece9d0335687fd,results/raw/few_shot/DeepSeek-V4-Pro/BADCamp/run_03/estimatable.request.json,outputs/raw/few_shot/DeepSeek-V4-Pro/BADCamp/run_03/estimatable.request.json
172,14098c7da61597503d0951e931803f9938852ed2e064f94ac3ece9d0335687fd,results/raw/few_shot/DeepSeek-V4-Pro/BADCamp/run_04/estimatable.request.json,outputs/raw/few_shot/DeepSeek-V4-Pro/BADCamp/run_04/estimatable.request.json
172,14098c7da61597503d0951e931803f9938852ed2e064f94ac3ece9d0335687fd,results/raw/few_shot/DeepSeek-V4-Pro/BADCamp/run_05/estimatable.request.json,outputs/raw/few_shot/DeepSeek-V4-Pro/BADCamp/run_05/estimatable.request.json
173,f88d9f3526ede64ef12f9f9c917885bd8a793395806ff13b2376c8ebada52c37,results/raw/few_shot/DeepSeek-V4-Pro/BADCamp/run_01/full_sentence.request.json,outputs/raw/few_shot/DeepSeek-V4-Pro/BADCamp/run_01/full_sentence.request.json
173,f88d9f3526ede64ef12f9f9c917885bd8a793395806ff13b2376c8ebada52c37,results/raw/few_shot/DeepSeek-V4-Pro/BADCamp/run_02/full_sentence.request.json,outputs/raw/few_shot/DeepSeek-V4-Pro/BADCamp/run_02/full_sentence.request.json
173,f88d9f3526ede64ef12f9f9c917885bd8a793395806ff13b2376c8ebada52c37,results/raw/few_shot/DeepSeek-V4-Pro/BADCamp/run_03/full_sentence.request.json,outputs/raw/few_shot/DeepSeek-V4-Pro/BADCamp/run_03/full_sentence.request.json
173,f88d9f3526ede64ef12f9f9c917885bd8a793395806ff13b2376c8ebada52c37,results/raw/few_shot/DeepSeek-V4-Pro/BADCamp/run_04/full_sentence.request.json,outputs/raw/few_shot/DeepSeek-V4-Pro/BADCamp/run_04/full_sentence.request.json
173,f88d9f3526ede64ef12f9f9c917885bd8a793395806ff13b2376c8ebada52c37,results/raw/few_shot/DeepSeek-V4-Pro/BADCamp/run_05/full_sentence.request.json,outputs/raw/few_shot/DeepSeek-V4-Pro/BADCamp/run_05/full_sentence.request.json
174,882ad7d7b856fbc8a0b75aea9beddecc12f2a3f7566d22f0a5942cf08475486a,results/raw/few_shot/DeepSeek-V4-Pro/BADCamp/run_01/independent.request.json,outputs/raw/few_shot/DeepSeek-V4-Pro/BADCamp/run_01/independent.request.json
174,882ad7d7b856fbc8a0b75aea9beddecc12f2a3f7566d22f0a5942cf08475486a,results/raw/few_shot/DeepSeek-V4-Pro/BADCamp/run_02/independent.request.json,outputs/raw/few_shot/DeepSeek-V4-Pro/BADCamp/run_02/independent.request.json
174,882ad7d7b856fbc8a0b75aea9beddecc12f2a3f7566d22f0a5942cf08475486a,results/raw/few_shot/DeepSeek-V4-Pro/BADCamp/run_03/independent.request.json,outputs/raw/few_shot/DeepSeek-V4-Pro/BADCamp/run_03/independent.request.json
174,882ad7d7b856fbc8a0b75aea9beddecc12f2a3f7566d22f0a5942cf08475486a,results/raw/few_shot/DeepSeek-V4-Pro/BADCamp/run_04/independent.request.json,outputs/raw/few_shot/DeepSeek-V4-Pro/BADCamp/run_04/independent.request.json
174,882ad7d7b856fbc8a0b75aea9beddecc12f2a3f7566d22f0a5942cf08475486a,results/raw/few_shot/DeepSeek-V4-Pro/BADCamp/run_05/independent.request.json,outputs/raw/few_shot/DeepSeek-V4-Pro/BADCamp/run_05/independent.request.json
175,64064a1bead4d1489d65a96ade9327e937869b65a34b74488c0d7c16fde9843c,results/raw/few_shot/DeepSeek-V4-Pro/BADCamp/run_01/minimal.request.json,outputs/raw/few_shot/DeepSeek-V4-Pro/BADCamp/run_01/minimal.request.json
175,64064a1bead4d1489d65a96ade9327e937869b65a34b74488c0d7c16fde9843c,results/raw/few_shot/DeepSeek-V4-Pro/BADCamp/run_02/minimal.request.json,outputs/raw/few_shot/DeepSeek-V4-Pro/BADCamp/run_02/minimal.request.json
175,64064a1bead4d1489d65a96ade9327e937869b65a34b74488c0d7c16fde9843c,results/raw/few_shot/DeepSeek-V4-Pro/BADCamp/run_03/minimal.request.json,outputs/raw/few_shot/DeepSeek-V4-Pro/BADCamp/run_03/minimal.request.json
175,64064a1bead4d1489d65a96ade9327e937869b65a34b74488c0d7c16fde9843c,results/raw/few_shot/DeepSeek-V4-Pro/BADCamp/run_04/minimal.request.json,outputs/raw/few_shot/DeepSeek-V4-Pro/BADCamp/run_04/minimal.request.json
175,64064a1bead4d1489d65a96ade9327e937869b65a34b74488c0d7c16fde9843c,results/raw/few_shot/DeepSeek-V4-Pro/BADCamp/run_05/minimal.request.json,outputs/raw/few_shot/DeepSeek-V4-Pro/BADCamp/run_05/minimal.request.json
176,f72c22b656b23c8200a1b7d47373c4ff7aef8a52a742e9e2ed2c9fe27da75b31,results/raw/few_shot/DeepSeek-V4-Pro/BADCamp/run_01/problem_oriented.request.json,outputs/raw/few_shot/DeepSeek-V4-Pro/BADCamp/run_01/problem_oriented.request.json
176,f72c22b656b23c8200a1b7d47373c4ff7aef8a52a742e9e2ed2c9fe27da75b31,results/raw/few_shot/DeepSeek-V4-Pro/BADCamp/run_02/problem_oriented.request.json,outputs/raw/few_shot/DeepSeek-V4-Pro/BADCamp/run_02/problem_oriented.request.json
176,f72c22b656b23c8200a1b7d47373c4ff7aef8a52a742e9e2ed2c9fe27da75b31,results/raw/few_shot/DeepSeek-V4-Pro/BADCamp/run_03/problem_oriented.request.json,outputs/raw/few_shot/DeepSeek-V4-Pro/BADCamp/run_03/problem_oriented.request.json
176,f72c22b656b23c8200a1b7d47373c4ff7aef8a52a742e9e2ed2c9fe27da75b31,results/raw/few_shot/DeepSeek-V4-Pro/BADCamp/run_04/problem_oriented.request.json,outputs/raw/few_shot/DeepSeek-V4-Pro/BADCamp/run_04/problem_oriented.request.json
176,f72c22b656b23c8200a1b7d47373c4ff7aef8a52a742e9e2ed2c9fe27da75b31,results/raw/few_shot/DeepSeek-V4-Pro/BADCamp/run_05/problem_oriented.request.json,outputs/raw/few_shot/DeepSeek-V4-Pro/BADCamp/run_05/problem_oriented.request.json
177,788de272f582a5780627e40abc7489a2f6dc02a18dc68ab60356d18abcbe8d79,results/raw/few_shot/DeepSeek-V4-Pro/BADCamp/run_01/unambiguous.request.json,outputs/raw/few_shot/DeepSeek-V4-Pro/BADCamp/run_01/unambiguous.request.json
177,788de272f582a5780627e40abc7489a2f6dc02a18dc68ab60356d18abcbe8d79,results/raw/few_shot/DeepSeek-V4-Pro/BADCamp/run_02/unambiguous.request.json,outputs/raw/few_shot/DeepSeek-V4-Pro/BADCamp/run_02/unambiguous.request.json
177,788de272f582a5780627e40abc7489a2f6dc02a18dc68ab60356d18abcbe8d79,results/raw/few_shot/DeepSeek-V4-Pro/BADCamp/run_03/unambiguous.request.json,outputs/raw/few_shot/DeepSeek-V4-Pro/BADCamp/run_03/unambiguous.request.json
177,788de272f582a5780627e40abc7489a2f6dc02a18dc68ab60356d18abcbe8d79,results/raw/few_shot/DeepSeek-V4-Pro/BADCamp/run_04/unambiguous.request.json,outputs/raw/few_shot/DeepSeek-V4-Pro/BADCamp/run_04/unambiguous.request.json
177,788de272f582a5780627e40abc7489a2f6dc02a18dc68ab60356d18abcbe8d79,results/raw/few_shot/DeepSeek-V4-Pro/BADCamp/run_05/unambiguous.request.json,outputs/raw/few_shot/DeepSeek-V4-Pro/BADCamp/run_05/unambiguous.request.json
178,2dcf688120fa90ef39f9206331537c2f5e9cb36a0114a7f0aa980ee9d722d12d,results/raw/few_shot/DeepSeek-V4-Pro/BADCamp/run_01/uniform.request.json,outputs/raw/few_shot/DeepSeek-V4-Pro/BADCamp/run_01/uniform.request.json
178,2dcf688120fa90ef39f9206331537c2f5e9cb36a0114a7f0aa980ee9d722d12d,results/raw/few_shot/DeepSeek-V4-Pro/BADCamp/run_02/uniform.request.json,outputs/raw/few_shot/DeepSeek-V4-Pro/BADCamp/run_02/uniform.request.json
178,2dcf688120fa90ef39f9206331537c2f5e9cb36a0114a7f0aa980ee9d722d12d,results/raw/few_shot/DeepSeek-V4-Pro/BADCamp/run_03/uniform.request.json,outputs/raw/few_shot/DeepSeek-V4-Pro/BADCamp/run_03/uniform.request.json
178,2dcf688120fa90ef39f9206331537c2f5e9cb36a0114a7f0aa980ee9d722d12d,results/raw/few_shot/DeepSeek-V4-Pro/BADCamp/run_04/uniform.request.json,outputs/raw/few_shot/DeepSeek-V4-Pro/BADCamp/run_04/uniform.request.json
178,2dcf688120fa90ef39f9206331537c2f5e9cb36a0114a7f0aa980ee9d722d12d,results/raw/few_shot/DeepSeek-V4-Pro/BADCamp/run_05/uniform.request.json,outputs/raw/few_shot/DeepSeek-V4-Pro/BADCamp/run_05/uniform.request.json
179,1831659c3557889c175a216dd6fe8746dba8abf965a277e145a75916f47345b8,results/raw/few_shot/DeepSeek-V4-Pro/BADCamp/run_01/unique.request.json,outputs/raw/few_shot/DeepSeek-V4-Pro/BADCamp/run_01/unique.request.json
179,1831659c3557889c175a216dd6fe8746dba8abf965a277e145a75916f47345b8,results/raw/few_shot/DeepSeek-V4-Pro/BADCamp/run_02/unique.request.json,outputs/raw/few_shot/DeepSeek-V4-Pro/BADCamp/run_02/unique.request.json
179,1831659c3557889c175a216dd6fe8746dba8abf965a277e145a75916f47345b8,results/raw/few_shot/DeepSeek-V4-Pro/BADCamp/run_03/unique.request.json,outputs/raw/few_shot/DeepSeek-V4-Pro/BADCamp/run_03/unique.request.json
179,1831659c3557889c175a216dd6fe8746dba8abf965a277e145a75916f47345b8,results/raw/few_shot/DeepSeek-V4-Pro/BADCamp/run_04/unique.request.json,outputs/raw/few_shot/DeepSeek-V4-Pro/BADCamp/run_04/unique.request.json
179,1831659c3557889c175a216dd6fe8746dba8abf965a277e145a75916f47345b8,results/raw/few_shot/DeepSeek-V4-Pro/BADCamp/run_05/unique.request.json,outputs/raw/few_shot/DeepSeek-V4-Pro/BADCamp/run_05/unique.request.json
180,2905d29bad71238a07c13f62a906a81381cbbad1374de640e3a8ced8359142cb,results/raw/few_shot/DeepSeek-V4-Pro/BADCamp/run_01/well_formed.request.json,outputs/raw/few_shot/DeepSeek-V4-Pro/BADCamp/run_01/well_formed.request.json
180,2905d29bad71238a07c13f62a906a81381cbbad1374de640e3a8ced8359142cb,results/raw/few_shot/DeepSeek-V4-Pro/BADCamp/run_02/well_formed.request.json,outputs/raw/few_shot/DeepSeek-V4-Pro/BADCamp/run_02/well_formed.request.json
180,2905d29bad71238a07c13f62a906a81381cbbad1374de640e3a8ced8359142cb,results/raw/few_shot/DeepSeek-V4-Pro/BADCamp/run_03/well_formed.request.json,outputs/raw/few_shot/DeepSeek-V4-Pro/BADCamp/run_03/well_formed.request.json
180,2905d29bad71238a07c13f62a906a81381cbbad1374de640e3a8ced8359142cb,results/raw/few_shot/DeepSeek-V4-Pro/BADCamp/run_04/well_formed.request.json,outputs/raw/few_shot/DeepSeek-V4-Pro/BADCamp/run_04/well_formed.request.json
180,2905d29bad71238a07c13f62a906a81381cbbad1374de640e3a8ced8359142cb,results/raw/few_shot/DeepSeek-V4-Pro/BADCamp/run_05/well_formed.request.json,outputs/raw/few_shot/DeepSeek-V4-Pro/BADCamp/run_05/well_formed.request.json
181,25a515717265a059ea4a49931696bd82525e946969fb4db3a098d74ccb8e6ac8,results/raw/few_shot/DeepSeek-V4-Pro/PlanningPoker/run_01/atomic.request.json,outputs/raw/few_shot/DeepSeek-V4-Pro/PlanningPoker/run_01/atomic.request.json
181,25a515717265a059ea4a49931696bd82525e946969fb4db3a098d74ccb8e6ac8,results/raw/few_shot/DeepSeek-V4-Pro/PlanningPoker/run_02/atomic.request.json,outputs/raw/few_shot/DeepSeek-V4-Pro/PlanningPoker/run_02/atomic.request.json
181,25a515717265a059ea4a49931696bd82525e946969fb4db3a098d74ccb8e6ac8,results/raw/few_shot/DeepSeek-V4-Pro/PlanningPoker/run_03/atomic.request.json,outputs/raw/few_shot/DeepSeek-V4-Pro/PlanningPoker/run_03/atomic.request.json
181,25a515717265a059ea4a49931696bd82525e946969fb4db3a098d74ccb8e6ac8,results/raw/few_shot/DeepSeek-V4-Pro/PlanningPoker/run_04/atomic.request.json,outputs/raw/few_shot/DeepSeek-V4-Pro/PlanningPoker/run_04/atomic.request.json
181,25a515717265a059ea4a49931696bd82525e946969fb4db3a098d74ccb8e6ac8,results/raw/few_shot/DeepSeek-V4-Pro/PlanningPoker/run_05/atomic.request.json,outputs/raw/few_shot/DeepSeek-V4-Pro/PlanningPoker/run_05/atomic.request.json
182,9a4c27cec3905e0893d9308305a8d52ec86b24d1966fbf79ae52ad815b60b510,results/raw/few_shot/DeepSeek-V4-Pro/PlanningPoker/run_01/complete.request.json,outputs/raw/few_shot/DeepSeek-V4-Pro/PlanningPoker/run_01/complete.request.json
182,9a4c27cec3905e0893d9308305a8d52ec86b24d1966fbf79ae52ad815b60b510,results/raw/few_shot/DeepSeek-V4-Pro/PlanningPoker/run_02/complete.request.json,outputs/raw/few_shot/DeepSeek-V4-Pro/PlanningPoker/run_02/complete.request.json
182,9a4c27cec3905e0893d9308305a8d52ec86b24d1966fbf79ae52ad815b60b510,results/raw/few_shot/DeepSeek-V4-Pro/PlanningPoker/run_03/complete.request.json,outputs/raw/few_shot/DeepSeek-V4-Pro/PlanningPoker/run_03/complete.request.json
182,9a4c27cec3905e0893d9308305a8d52ec86b24d1966fbf79ae52ad815b60b510,results/raw/few_shot/DeepSeek-V4-Pro/PlanningPoker/run_04/complete.request.json,outputs/raw/few_shot/DeepSeek-V4-Pro/PlanningPoker/run_04/complete.request.json
182,9a4c27cec3905e0893d9308305a8d52ec86b24d1966fbf79ae52ad815b60b510,results/raw/few_shot/DeepSeek-V4-Pro/PlanningPoker/run_05/complete.request.json,outputs/raw/few_shot/DeepSeek-V4-Pro/PlanningPoker/run_05/complete.request.json
183,78a9e449aff351b2c4d5424565175a455e4a106a3b1a36ce51eb65d3a884fc9a,results/raw/few_shot/DeepSeek-V4-Pro/PlanningPoker/run_01/conceptually_sound.request.json,outputs/raw/few_shot/DeepSeek-V4-Pro/PlanningPoker/run_01/conceptually_sound.request.json
183,78a9e449aff351b2c4d5424565175a455e4a106a3b1a36ce51eb65d3a884fc9a,results/raw/few_shot/DeepSeek-V4-Pro/PlanningPoker/run_02/conceptually_sound.request.json,outputs/raw/few_shot/DeepSeek-V4-Pro/PlanningPoker/run_02/conceptually_sound.request.json
183,78a9e449aff351b2c4d5424565175a455e4a106a3b1a36ce51eb65d3a884fc9a,results/raw/few_shot/DeepSeek-V4-Pro/PlanningPoker/run_03/conceptually_sound.request.json,outputs/raw/few_shot/DeepSeek-V4-Pro/PlanningPoker/run_03/conceptually_sound.request.json
183,78a9e449aff351b2c4d5424565175a455e4a106a3b1a36ce51eb65d3a884fc9a,results/raw/few_shot/DeepSeek-V4-Pro/PlanningPoker/run_04/conceptually_sound.request.json,outputs/raw/few_shot/DeepSeek-V4-Pro/PlanningPoker/run_04/conceptually_sound.request.json
183,78a9e449aff351b2c4d5424565175a455e4a106a3b1a36ce51eb65d3a884fc9a,results/raw/few_shot/DeepSeek-V4-Pro/PlanningPoker/run_05/conceptually_sound.request.json,outputs/raw/few_shot/DeepSeek-V4-Pro/PlanningPoker/run_05/conceptually_sound.request.json
184,4afb7822a73ae179e9925a8c94b0c1ce7cf1dfcecb7552908fcac73aa605cf35,results/raw/few_shot/DeepSeek-V4-Pro/PlanningPoker/run_01/conflict_free.request.json,outputs/raw/few_shot/DeepSeek-V4-Pro/PlanningPoker/run_01/conflict_free.request.json
184,4afb7822a73ae179e9925a8c94b0c1ce7cf1dfcecb7552908fcac73aa605cf35,results/raw/few_shot/DeepSeek-V4-Pro/PlanningPoker/run_02/conflict_free.request.json,outputs/raw/few_shot/DeepSeek-V4-Pro/PlanningPoker/run_02/conflict_free.request.json
184,4afb7822a73ae179e9925a8c94b0c1ce7cf1dfcecb7552908fcac73aa605cf35,results/raw/few_shot/DeepSeek-V4-Pro/PlanningPoker/run_03/conflict_free.request.json,outputs/raw/few_shot/DeepSeek-V4-Pro/PlanningPoker/run_03/conflict_free.request.json
184,4afb7822a73ae179e9925a8c94b0c1ce7cf1dfcecb7552908fcac73aa605cf35,results/raw/few_shot/DeepSeek-V4-Pro/PlanningPoker/run_04/conflict_free.request.json,outputs/raw/few_shot/DeepSeek-V4-Pro/PlanningPoker/run_04/conflict_free.request.json
184,4afb7822a73ae179e9925a8c94b0c1ce7cf1dfcecb7552908fcac73aa605cf35,results/raw/few_shot/DeepSeek-V4-Pro/PlanningPoker/run_05/conflict_free.request.json,outputs/raw/few_shot/DeepSeek-V4-Pro/PlanningPoker/run_05/conflict_free.request.json
185,543f5b5dbf162249626b8f4757bbacfcc36678aafe96302e4b04a4de48126e72,results/raw/few_shot/DeepSeek-V4-Pro/PlanningPoker/run_01/estimatable.request.json,outputs/raw/few_shot/DeepSeek-V4-Pro/PlanningPoker/run_01/estimatable.request.json
185,543f5b5dbf162249626b8f4757bbacfcc36678aafe96302e4b04a4de48126e72,results/raw/few_shot/DeepSeek-V4-Pro/PlanningPoker/run_02/estimatable.request.json,outputs/raw/few_shot/DeepSeek-V4-Pro/PlanningPoker/run_02/estimatable.request.json
185,543f5b5dbf162249626b8f4757bbacfcc36678aafe96302e4b04a4de48126e72,results/raw/few_shot/DeepSeek-V4-Pro/PlanningPoker/run_03/estimatable.request.json,outputs/raw/few_shot/DeepSeek-V4-Pro/PlanningPoker/run_03/estimatable.request.json
185,543f5b5dbf162249626b8f4757bbacfcc36678aafe96302e4b04a4de48126e72,results/raw/few_shot/DeepSeek-V4-Pro/PlanningPoker/run_04/estimatable.request.json,outputs/raw/few_shot/DeepSeek-V4-Pro/PlanningPoker/run_04/estimatable.request.json
185,543f5b5dbf162249626b8f4757bbacfcc36678aafe96302e4b04a4de48126e72,results/raw/few_shot/DeepSeek-V4-Pro/PlanningPoker/run_05/estimatable.request.json,outputs/raw/few_shot/DeepSeek-V4-Pro/PlanningPoker/run_05/estimatable.request.json
186,4c128346a09adc9548aa459788f45dc5d9221fde638aea79ccb0fae7eda5da57,results/raw/few_shot/DeepSeek-V4-Pro/PlanningPoker/run_01/full_sentence.request.json,outputs/raw/few_shot/DeepSeek-V4-Pro/PlanningPoker/run_01/full_sentence.request.json
186,4c128346a09adc9548aa459788f45dc5d9221fde638aea79ccb0fae7eda5da57,results/raw/few_shot/DeepSeek-V4-Pro/PlanningPoker/run_02/full_sentence.request.json,outputs/raw/few_shot/DeepSeek-V4-Pro/PlanningPoker/run_02/full_sentence.request.json
186,4c128346a09adc9548aa459788f45dc5d9221fde638aea79ccb0fae7eda5da57,results/raw/few_shot/DeepSeek-V4-Pro/PlanningPoker/run_03/full_sentence.request.json,outputs/raw/few_shot/DeepSeek-V4-Pro/PlanningPoker/run_03/full_sentence.request.json
186,4c128346a09adc9548aa459788f45dc5d9221fde638aea79ccb0fae7eda5da57,results/raw/few_shot/DeepSeek-V4-Pro/PlanningPoker/run_04/full_sentence.request.json,outputs/raw/few_shot/DeepSeek-V4-Pro/PlanningPoker/run_04/full_sentence.request.json
186,4c128346a09adc9548aa459788f45dc5d9221fde638aea79ccb0fae7eda5da57,results/raw/few_shot/DeepSeek-V4-Pro/PlanningPoker/run_05/full_sentence.request.json,outputs/raw/few_shot/DeepSeek-V4-Pro/PlanningPoker/run_05/full_sentence.request.json
187,f7000732d4c8fde6b0fdb9efbb9c6b9bdb84d6796c354b02e9b701ddfbfc6706,results/raw/few_shot/DeepSeek-V4-Pro/PlanningPoker/run_01/independent.request.json,outputs/raw/few_shot/DeepSeek-V4-Pro/PlanningPoker/run_01/independent.request.json
187,f7000732d4c8fde6b0fdb9efbb9c6b9bdb84d6796c354b02e9b701ddfbfc6706,results/raw/few_shot/DeepSeek-V4-Pro/PlanningPoker/run_02/independent.request.json,outputs/raw/few_shot/DeepSeek-V4-Pro/PlanningPoker/run_02/independent.request.json
187,f7000732d4c8fde6b0fdb9efbb9c6b9bdb84d6796c354b02e9b701ddfbfc6706,results/raw/few_shot/DeepSeek-V4-Pro/PlanningPoker/run_03/independent.request.json,outputs/raw/few_shot/DeepSeek-V4-Pro/PlanningPoker/run_03/independent.request.json
187,f7000732d4c8fde6b0fdb9efbb9c6b9bdb84d6796c354b02e9b701ddfbfc6706,results/raw/few_shot/DeepSeek-V4-Pro/PlanningPoker/run_04/independent.request.json,outputs/raw/few_shot/DeepSeek-V4-Pro/PlanningPoker/run_04/independent.request.json
187,f7000732d4c8fde6b0fdb9efbb9c6b9bdb84d6796c354b02e9b701ddfbfc6706,results/raw/few_shot/DeepSeek-V4-Pro/PlanningPoker/run_05/independent.request.json,outputs/raw/few_shot/DeepSeek-V4-Pro/PlanningPoker/run_05/independent.request.json
188,279249710b77d63b7217bb15b88b354a8d5812e5e920e37d0817f74e8ee2e109,results/raw/few_shot/DeepSeek-V4-Pro/PlanningPoker/run_01/minimal.request.json,outputs/raw/few_shot/DeepSeek-V4-Pro/PlanningPoker/run_01/minimal.request.json
188,279249710b77d63b7217bb15b88b354a8d5812e5e920e37d0817f74e8ee2e109,results/raw/few_shot/DeepSeek-V4-Pro/PlanningPoker/run_02/minimal.request.json,outputs/raw/few_shot/DeepSeek-V4-Pro/PlanningPoker/run_02/minimal.request.json
188,279249710b77d63b7217bb15b88b354a8d5812e5e920e37d0817f74e8ee2e109,results/raw/few_shot/DeepSeek-V4-Pro/PlanningPoker/run_03/minimal.request.json,outputs/raw/few_shot/DeepSeek-V4-Pro/PlanningPoker/run_03/minimal.request.json
188,279249710b77d63b7217bb15b88b354a8d5812e5e920e37d0817f74e8ee2e109,results/raw/few_shot/DeepSeek-V4-Pro/PlanningPoker/run_04/minimal.request.json,outputs/raw/few_shot/DeepSeek-V4-Pro/PlanningPoker/run_04/minimal.request.json
188,279249710b77d63b7217bb15b88b354a8d5812e5e920e37d0817f74e8ee2e109,results/raw/few_shot/DeepSeek-V4-Pro/PlanningPoker/run_05/minimal.request.json,outputs/raw/few_shot/DeepSeek-V4-Pro/PlanningPoker/run_05/minimal.request.json
189,26d46c79d6c2e8ae443a514bcdfb54a4af65ffb3a8f82f41505259cb5ae02662,results/raw/few_shot/DeepSeek-V4-Pro/PlanningPoker/run_01/problem_oriented.request.json,outputs/raw/few_shot/DeepSeek-V4-Pro/PlanningPoker/run_01/problem_oriented.request.json
189,26d46c79d6c2e8ae443a514bcdfb54a4af65ffb3a8f82f41505259cb5ae02662,results/raw/few_shot/DeepSeek-V4-Pro/PlanningPoker/run_02/problem_oriented.request.json,outputs/raw/few_shot/DeepSeek-V4-Pro/PlanningPoker/run_02/problem_oriented.request.json
189,26d46c79d6c2e8ae443a514bcdfb54a4af65ffb3a8f82f41505259cb5ae02662,results/raw/few_shot/DeepSeek-V4-Pro/PlanningPoker/run_03/problem_oriented.request.json,outputs/raw/few_shot/DeepSeek-V4-Pro/PlanningPoker/run_03/problem_oriented.request.json
189,26d46c79d6c2e8ae443a514bcdfb54a4af65ffb3a8f82f41505259cb5ae02662,results/raw/few_shot/DeepSeek-V4-Pro/PlanningPoker/run_04/problem_oriented.request.json,outputs/raw/few_shot/DeepSeek-V4-Pro/PlanningPoker/run_04/problem_oriented.request.json
189,26d46c79d6c2e8ae443a514bcdfb54a4af65ffb3a8f82f41505259cb5ae02662,results/raw/few_shot/DeepSeek-V4-Pro/PlanningPoker/run_05/problem_oriented.request.json,outputs/raw/few_shot/DeepSeek-V4-Pro/PlanningPoker/run_05/problem_oriented.request.json
190,30bee77eba72490c7cd12319e499ab7190c984c87ce440f4a569b4d5dadb9541,results/raw/few_shot/DeepSeek-V4-Pro/PlanningPoker/run_01/unambiguous.request.json,outputs/raw/few_shot/DeepSeek-V4-Pro/PlanningPoker/run_01/unambiguous.request.json
190,30bee77eba72490c7cd12319e499ab7190c984c87ce440f4a569b4d5dadb9541,results/raw/few_shot/DeepSeek-V4-Pro/PlanningPoker/run_02/unambiguous.request.json,outputs/raw/few_shot/DeepSeek-V4-Pro/PlanningPoker/run_02/unambiguous.request.json
190,30bee77eba72490c7cd12319e499ab7190c984c87ce440f4a569b4d5dadb9541,results/raw/few_shot/DeepSeek-V4-Pro/PlanningPoker/run_03/unambiguous.request.json,outputs/raw/few_shot/DeepSeek-V4-Pro/PlanningPoker/run_03/unambiguous.request.json
190,30bee77eba72490c7cd12319e499ab7190c984c87ce440f4a569b4d5dadb9541,results/raw/few_shot/DeepSeek-V4-Pro/PlanningPoker/run_04/unambiguous.request.json,outputs/raw/few_shot/DeepSeek-V4-Pro/PlanningPoker/run_04/unambiguous.request.json
190,30bee77eba72490c7cd12319e499ab7190c984c87ce440f4a569b4d5dadb9541,results/raw/few_shot/DeepSeek-V4-Pro/PlanningPoker/run_05/unambiguous.request.json,outputs/raw/few_shot/DeepSeek-V4-Pro/PlanningPoker/run_05/unambiguous.request.json
191,895bb2bab35972df9400b58d1cf7bdd1c28ef723322e9e5c3aa70967bb641d11,results/raw/few_shot/DeepSeek-V4-Pro/PlanningPoker/run_01/uniform.request.json,outputs/raw/few_shot/DeepSeek-V4-Pro/PlanningPoker/run_01/uniform.request.json
191,895bb2bab35972df9400b58d1cf7bdd1c28ef723322e9e5c3aa70967bb641d11,results/raw/few_shot/DeepSeek-V4-Pro/PlanningPoker/run_02/uniform.request.json,outputs/raw/few_shot/DeepSeek-V4-Pro/PlanningPoker/run_02/uniform.request.json
191,895bb2bab35972df9400b58d1cf7bdd1c28ef723322e9e5c3aa70967bb641d11,results/raw/few_shot/DeepSeek-V4-Pro/PlanningPoker/run_03/uniform.request.json,outputs/raw/few_shot/DeepSeek-V4-Pro/PlanningPoker/run_03/uniform.request.json
191,895bb2bab35972df9400b58d1cf7bdd1c28ef723322e9e5c3aa70967bb641d11,results/raw/few_shot/DeepSeek-V4-Pro/PlanningPoker/run_04/uniform.request.json,outputs/raw/few_shot/DeepSeek-V4-Pro/PlanningPoker/run_04/uniform.request.json
191,895bb2bab35972df9400b58d1cf7bdd1c28ef723322e9e5c3aa70967bb641d11,results/raw/few_shot/DeepSeek-V4-Pro/PlanningPoker/run_05/uniform.request.json,outputs/raw/few_shot/DeepSeek-V4-Pro/PlanningPoker/run_05/uniform.request.json
192,ae29fbab8266404b3c308b7e68968bca2a1814f4b3b4b2db8094004df229597a,results/raw/few_shot/DeepSeek-V4-Pro/PlanningPoker/run_01/unique.request.json,outputs/raw/few_shot/DeepSeek-V4-Pro/PlanningPoker/run_01/unique.request.json
192,ae29fbab8266404b3c308b7e68968bca2a1814f4b3b4b2db8094004df229597a,results/raw/few_shot/DeepSeek-V4-Pro/PlanningPoker/run_02/unique.request.json,outputs/raw/few_shot/DeepSeek-V4-Pro/PlanningPoker/run_02/unique.request.json
192,ae29fbab8266404b3c308b7e68968bca2a1814f4b3b4b2db8094004df229597a,results/raw/few_shot/DeepSeek-V4-Pro/PlanningPoker/run_03/unique.request.json,outputs/raw/few_shot/DeepSeek-V4-Pro/PlanningPoker/run_03/unique.request.json
192,ae29fbab8266404b3c308b7e68968bca2a1814f4b3b4b2db8094004df229597a,results/raw/few_shot/DeepSeek-V4-Pro/PlanningPoker/run_04/unique.request.json,outputs/raw/few_shot/DeepSeek-V4-Pro/PlanningPoker/run_04/unique.request.json
192,ae29fbab8266404b3c308b7e68968bca2a1814f4b3b4b2db8094004df229597a,results/raw/few_shot/DeepSeek-V4-Pro/PlanningPoker/run_05/unique.request.json,outputs/raw/few_shot/DeepSeek-V4-Pro/PlanningPoker/run_05/unique.request.json
193,7b4c36e3c3f39f72cffe8cdd0ebc966ae3380789fe981873fc0ecc5de3cdb6ed,results/raw/few_shot/DeepSeek-V4-Pro/PlanningPoker/run_01/well_formed.request.json,outputs/raw/few_shot/DeepSeek-V4-Pro/PlanningPoker/run_01/well_formed.request.json
193,7b4c36e3c3f39f72cffe8cdd0ebc966ae3380789fe981873fc0ecc5de3cdb6ed,results/raw/few_shot/DeepSeek-V4-Pro/PlanningPoker/run_02/well_formed.request.json,outputs/raw/few_shot/DeepSeek-V4-Pro/PlanningPoker/run_02/well_formed.request.json
193,7b4c36e3c3f39f72cffe8cdd0ebc966ae3380789fe981873fc0ecc5de3cdb6ed,results/raw/few_shot/DeepSeek-V4-Pro/PlanningPoker/run_03/well_formed.request.json,outputs/raw/few_shot/DeepSeek-V4-Pro/PlanningPoker/run_03/well_formed.request.json
193,7b4c36e3c3f39f72cffe8cdd0ebc966ae3380789fe981873fc0ecc5de3cdb6ed,results/raw/few_shot/DeepSeek-V4-Pro/PlanningPoker/run_04/well_formed.request.json,outputs/raw/few_shot/DeepSeek-V4-Pro/PlanningPoker/run_04/well_formed.request.json
193,7b4c36e3c3f39f72cffe8cdd0ebc966ae3380789fe981873fc0ecc5de3cdb6ed,results/raw/few_shot/DeepSeek-V4-Pro/PlanningPoker/run_05/well_formed.request.json,outputs/raw/few_shot/DeepSeek-V4-Pro/PlanningPoker/run_05/well_formed.request.json
194,9e60930d97adce3616571181096f3adae388a3f0ee6c58e72eb3d78ccd0c851e,results/raw/few_shot/DeepSeek-V4-Pro/Zooniverse/run_01/atomic.request.json,outputs/raw/few_shot/DeepSeek-V4-Pro/Zooniverse/run_01/atomic.request.json
194,9e60930d97adce3616571181096f3adae388a3f0ee6c58e72eb3d78ccd0c851e,results/raw/few_shot/DeepSeek-V4-Pro/Zooniverse/run_02/atomic.request.json,outputs/raw/few_shot/DeepSeek-V4-Pro/Zooniverse/run_02/atomic.request.json
194,9e60930d97adce3616571181096f3adae388a3f0ee6c58e72eb3d78ccd0c851e,results/raw/few_shot/DeepSeek-V4-Pro/Zooniverse/run_03/atomic.request.json,outputs/raw/few_shot/DeepSeek-V4-Pro/Zooniverse/run_03/atomic.request.json
194,9e60930d97adce3616571181096f3adae388a3f0ee6c58e72eb3d78ccd0c851e,results/raw/few_shot/DeepSeek-V4-Pro/Zooniverse/run_04/atomic.request.json,outputs/raw/few_shot/DeepSeek-V4-Pro/Zooniverse/run_04/atomic.request.json
194,9e60930d97adce3616571181096f3adae388a3f0ee6c58e72eb3d78ccd0c851e,results/raw/few_shot/DeepSeek-V4-Pro/Zooniverse/run_05/atomic.request.json,outputs/raw/few_shot/DeepSeek-V4-Pro/Zooniverse/run_05/atomic.request.json
195,5f97acf2f161005677fbad6abfa30276a51df01ae571bd5e298d2035a157ce8b,results/raw/few_shot/DeepSeek-V4-Pro/Zooniverse/run_01/complete.request.json,outputs/raw/few_shot/DeepSeek-V4-Pro/Zooniverse/run_01/complete.request.json
195,5f97acf2f161005677fbad6abfa30276a51df01ae571bd5e298d2035a157ce8b,results/raw/few_shot/DeepSeek-V4-Pro/Zooniverse/run_02/complete.request.json,outputs/raw/few_shot/DeepSeek-V4-Pro/Zooniverse/run_02/complete.request.json
195,5f97acf2f161005677fbad6abfa30276a51df01ae571bd5e298d2035a157ce8b,results/raw/few_shot/DeepSeek-V4-Pro/Zooniverse/run_03/complete.request.json,outputs/raw/few_shot/DeepSeek-V4-Pro/Zooniverse/run_03/complete.request.json
195,5f97acf2f161005677fbad6abfa30276a51df01ae571bd5e298d2035a157ce8b,results/raw/few_shot/DeepSeek-V4-Pro/Zooniverse/run_04/complete.request.json,outputs/raw/few_shot/DeepSeek-V4-Pro/Zooniverse/run_04/complete.request.json
195,5f97acf2f161005677fbad6abfa30276a51df01ae571bd5e298d2035a157ce8b,results/raw/few_shot/DeepSeek-V4-Pro/Zooniverse/run_05/complete.request.json,outputs/raw/few_shot/DeepSeek-V4-Pro/Zooniverse/run_05/complete.request.json
196,dec46ff26c60713761496ac2a0187f245c64bfc91502cf95e41fa18c6a74041b,results/raw/few_shot/DeepSeek-V4-Pro/Zooniverse/run_01/conceptually_sound.request.json,outputs/raw/few_shot/DeepSeek-V4-Pro/Zooniverse/run_01/conceptually_sound.request.json
196,dec46ff26c60713761496ac2a0187f245c64bfc91502cf95e41fa18c6a74041b,results/raw/few_shot/DeepSeek-V4-Pro/Zooniverse/run_02/conceptually_sound.request.json,outputs/raw/few_shot/DeepSeek-V4-Pro/Zooniverse/run_02/conceptually_sound.request.json
196,dec46ff26c60713761496ac2a0187f245c64bfc91502cf95e41fa18c6a74041b,results/raw/few_shot/DeepSeek-V4-Pro/Zooniverse/run_03/conceptually_sound.request.json,outputs/raw/few_shot/DeepSeek-V4-Pro/Zooniverse/run_03/conceptually_sound.request.json
196,dec46ff26c60713761496ac2a0187f245c64bfc91502cf95e41fa18c6a74041b,results/raw/few_shot/DeepSeek-V4-Pro/Zooniverse/run_04/conceptually_sound.request.json,outputs/raw/few_shot/DeepSeek-V4-Pro/Zooniverse/run_04/conceptually_sound.request.json
196,dec46ff26c60713761496ac2a0187f245c64bfc91502cf95e41fa18c6a74041b,results/raw/few_shot/DeepSeek-V4-Pro/Zooniverse/run_05/conceptually_sound.request.json,outputs/raw/few_shot/DeepSeek-V4-Pro/Zooniverse/run_05/conceptually_sound.request.json
197,8c47f13765d837aff898719ef059a165ead5ea5028107466d1833005de02c975,results/raw/few_shot/DeepSeek-V4-Pro/Zooniverse/run_01/conflict_free.request.json,outputs/raw/few_shot/DeepSeek-V4-Pro/Zooniverse/run_01/conflict_free.request.json
197,8c47f13765d837aff898719ef059a165ead5ea5028107466d1833005de02c975,results/raw/few_shot/DeepSeek-V4-Pro/Zooniverse/run_02/conflict_free.request.json,outputs/raw/few_shot/DeepSeek-V4-Pro/Zooniverse/run_02/conflict_free.request.json
197,8c47f13765d837aff898719ef059a165ead5ea5028107466d1833005de02c975,results/raw/few_shot/DeepSeek-V4-Pro/Zooniverse/run_03/conflict_free.request.json,outputs/raw/few_shot/DeepSeek-V4-Pro/Zooniverse/run_03/conflict_free.request.json
197,8c47f13765d837aff898719ef059a165ead5ea5028107466d1833005de02c975,results/raw/few_shot/DeepSeek-V4-Pro/Zooniverse/run_04/conflict_free.request.json,outputs/raw/few_shot/DeepSeek-V4-Pro/Zooniverse/run_04/conflict_free.request.json
197,8c47f13765d837aff898719ef059a165ead5ea5028107466d1833005de02c975,results/raw/few_shot/DeepSeek-V4-Pro/Zooniverse/run_05/conflict_free.request.json,outputs/raw/few_shot/DeepSeek-V4-Pro/Zooniverse/run_05/conflict_free.request.json
198,ca85b218b3c11cebab5531ec1753f5ac970d71c2643ad40d4921ab9048b6c83a,results/raw/few_shot/DeepSeek-V4-Pro/Zooniverse/run_01/estimatable.request.json,outputs/raw/few_shot/DeepSeek-V4-Pro/Zooniverse/run_01/estimatable.request.json
198,ca85b218b3c11cebab5531ec1753f5ac970d71c2643ad40d4921ab9048b6c83a,results/raw/few_shot/DeepSeek-V4-Pro/Zooniverse/run_02/estimatable.request.json,outputs/raw/few_shot/DeepSeek-V4-Pro/Zooniverse/run_02/estimatable.request.json
198,ca85b218b3c11cebab5531ec1753f5ac970d71c2643ad40d4921ab9048b6c83a,results/raw/few_shot/DeepSeek-V4-Pro/Zooniverse/run_03/estimatable.request.json,outputs/raw/few_shot/DeepSeek-V4-Pro/Zooniverse/run_03/estimatable.request.json
198,ca85b218b3c11cebab5531ec1753f5ac970d71c2643ad40d4921ab9048b6c83a,results/raw/few_shot/DeepSeek-V4-Pro/Zooniverse/run_04/estimatable.request.json,outputs/raw/few_shot/DeepSeek-V4-Pro/Zooniverse/run_04/estimatable.request.json
198,ca85b218b3c11cebab5531ec1753f5ac970d71c2643ad40d4921ab9048b6c83a,results/raw/few_shot/DeepSeek-V4-Pro/Zooniverse/run_05/estimatable.request.json,outputs/raw/few_shot/DeepSeek-V4-Pro/Zooniverse/run_05/estimatable.request.json
199,bd74a64ca6fd8115b757d83d2c2f47e44daeae625220af6c5f89d1b8dae21342,results/raw/few_shot/DeepSeek-V4-Pro/Zooniverse/run_01/full_sentence.request.json,outputs/raw/few_shot/DeepSeek-V4-Pro/Zooniverse/run_01/full_sentence.request.json
199,bd74a64ca6fd8115b757d83d2c2f47e44daeae625220af6c5f89d1b8dae21342,results/raw/few_shot/DeepSeek-V4-Pro/Zooniverse/run_02/full_sentence.request.json,outputs/raw/few_shot/DeepSeek-V4-Pro/Zooniverse/run_02/full_sentence.request.json
199,bd74a64ca6fd8115b757d83d2c2f47e44daeae625220af6c5f89d1b8dae21342,results/raw/few_shot/DeepSeek-V4-Pro/Zooniverse/run_03/full_sentence.request.json,outputs/raw/few_shot/DeepSeek-V4-Pro/Zooniverse/run_03/full_sentence.request.json
199,bd74a64ca6fd8115b757d83d2c2f47e44daeae625220af6c5f89d1b8dae21342,results/raw/few_shot/DeepSeek-V4-Pro/Zooniverse/run_04/full_sentence.request.json,outputs/raw/few_shot/DeepSeek-V4-Pro/Zooniverse/run_04/full_sentence.request.json
199,bd74a64ca6fd8115b757d83d2c2f47e44daeae625220af6c5f89d1b8dae21342,results/raw/few_shot/DeepSeek-V4-Pro/Zooniverse/run_05/full_sentence.request.json,outputs/raw/few_shot/DeepSeek-V4-Pro/Zooniverse/run_05/full_sentence.request.json
200,0f2118fddd5899fb35566e073b588d3ab70de348018e1d912531e141c7fb314f,results/raw/few_shot/DeepSeek-V4-Pro/Zooniverse/run_01/independent.request.json,outputs/raw/few_shot/DeepSeek-V4-Pro/Zooniverse/run_01/independent.request.json
200,0f2118fddd5899fb35566e073b588d3ab70de348018e1d912531e141c7fb314f,results/raw/few_shot/DeepSeek-V4-Pro/Zooniverse/run_02/independent.request.json,outputs/raw/few_shot/DeepSeek-V4-Pro/Zooniverse/run_02/independent.request.json
200,0f2118fddd5899fb35566e073b588d3ab70de348018e1d912531e141c7fb314f,results/raw/few_shot/DeepSeek-V4-Pro/Zooniverse/run_03/independent.request.json,outputs/raw/few_shot/DeepSeek-V4-Pro/Zooniverse/run_03/independent.request.json
200,0f2118fddd5899fb35566e073b588d3ab70de348018e1d912531e141c7fb314f,results/raw/few_shot/DeepSeek-V4-Pro/Zooniverse/run_04/independent.request.json,outputs/raw/few_shot/DeepSeek-V4-Pro/Zooniverse/run_04/independent.request.json
200,0f2118fddd5899fb35566e073b588d3ab70de348018e1d912531e141c7fb314f,results/raw/few_shot/DeepSeek-V4-Pro/Zooniverse/run_05/independent.request.json,outputs/raw/few_shot/DeepSeek-V4-Pro/Zooniverse/run_05/independent.request.json
201,59e3ba7462c3f0fbbaa098d04dcc5b7e5dff0e7cd4b5d2adc99167da53935e54,results/raw/few_shot/DeepSeek-V4-Pro/Zooniverse/run_01/minimal.request.json,outputs/raw/few_shot/DeepSeek-V4-Pro/Zooniverse/run_01/minimal.request.json
201,59e3ba7462c3f0fbbaa098d04dcc5b7e5dff0e7cd4b5d2adc99167da53935e54,results/raw/few_shot/DeepSeek-V4-Pro/Zooniverse/run_02/minimal.request.json,outputs/raw/few_shot/DeepSeek-V4-Pro/Zooniverse/run_02/minimal.request.json
201,59e3ba7462c3f0fbbaa098d04dcc5b7e5dff0e7cd4b5d2adc99167da53935e54,results/raw/few_shot/DeepSeek-V4-Pro/Zooniverse/run_03/minimal.request.json,outputs/raw/few_shot/DeepSeek-V4-Pro/Zooniverse/run_03/minimal.request.json
201,59e3ba7462c3f0fbbaa098d04dcc5b7e5dff0e7cd4b5d2adc99167da53935e54,results/raw/few_shot/DeepSeek-V4-Pro/Zooniverse/run_04/minimal.request.json,outputs/raw/few_shot/DeepSeek-V4-Pro/Zooniverse/run_04/minimal.request.json
201,59e3ba7462c3f0fbbaa098d04dcc5b7e5dff0e7cd4b5d2adc99167da53935e54,results/raw/few_shot/DeepSeek-V4-Pro/Zooniverse/run_05/minimal.request.json,outputs/raw/few_shot/DeepSeek-V4-Pro/Zooniverse/run_05/minimal.request.json
202,a82a9bfbfc5e6e137236e8f438ecbec18912f76e16b722a7ab78f7a582819692,results/raw/few_shot/DeepSeek-V4-Pro/Zooniverse/run_01/problem_oriented.request.json,outputs/raw/few_shot/DeepSeek-V4-Pro/Zooniverse/run_01/problem_oriented.request.json
202,a82a9bfbfc5e6e137236e8f438ecbec18912f76e16b722a7ab78f7a582819692,results/raw/few_shot/DeepSeek-V4-Pro/Zooniverse/run_02/problem_oriented.request.json,outputs/raw/few_shot/DeepSeek-V4-Pro/Zooniverse/run_02/problem_oriented.request.json
202,a82a9bfbfc5e6e137236e8f438ecbec18912f76e16b722a7ab78f7a582819692,results/raw/few_shot/DeepSeek-V4-Pro/Zooniverse/run_03/problem_oriented.request.json,outputs/raw/few_shot/DeepSeek-V4-Pro/Zooniverse/run_03/problem_oriented.request.json
202,a82a9bfbfc5e6e137236e8f438ecbec18912f76e16b722a7ab78f7a582819692,results/raw/few_shot/DeepSeek-V4-Pro/Zooniverse/run_04/problem_oriented.request.json,outputs/raw/few_shot/DeepSeek-V4-Pro/Zooniverse/run_04/problem_oriented.request.json
202,a82a9bfbfc5e6e137236e8f438ecbec18912f76e16b722a7ab78f7a582819692,results/raw/few_shot/DeepSeek-V4-Pro/Zooniverse/run_05/problem_oriented.request.json,outputs/raw/few_shot/DeepSeek-V4-Pro/Zooniverse/run_05/problem_oriented.request.json
203,131775665ccd315c1a8be8c63c41484d82916bbcdb8c9ce607ad10b8557ad239,results/raw/few_shot/DeepSeek-V4-Pro/Zooniverse/run_01/unambiguous.request.json,outputs/raw/few_shot/DeepSeek-V4-Pro/Zooniverse/run_01/unambiguous.request.json
203,131775665ccd315c1a8be8c63c41484d82916bbcdb8c9ce607ad10b8557ad239,results/raw/few_shot/DeepSeek-V4-Pro/Zooniverse/run_02/unambiguous.request.json,outputs/raw/few_shot/DeepSeek-V4-Pro/Zooniverse/run_02/unambiguous.request.json
203,131775665ccd315c1a8be8c63c41484d82916bbcdb8c9ce607ad10b8557ad239,results/raw/few_shot/DeepSeek-V4-Pro/Zooniverse/run_03/unambiguous.request.json,outputs/raw/few_shot/DeepSeek-V4-Pro/Zooniverse/run_03/unambiguous.request.json
203,131775665ccd315c1a8be8c63c41484d82916bbcdb8c9ce607ad10b8557ad239,results/raw/few_shot/DeepSeek-V4-Pro/Zooniverse/run_04/unambiguous.request.json,outputs/raw/few_shot/DeepSeek-V4-Pro/Zooniverse/run_04/unambiguous.request.json
203,131775665ccd315c1a8be8c63c41484d82916bbcdb8c9ce607ad10b8557ad239,results/raw/few_shot/DeepSeek-V4-Pro/Zooniverse/run_05/unambiguous.request.json,outputs/raw/few_shot/DeepSeek-V4-Pro/Zooniverse/run_05/unambiguous.request.json
204,8de2a9d2389391e242fafceadf950fdec45c3bf1f086dd024b848e61a0139b27,results/raw/few_shot/DeepSeek-V4-Pro/Zooniverse/run_01/uniform.request.json,outputs/raw/few_shot/DeepSeek-V4-Pro/Zooniverse/run_01/uniform.request.json
204,8de2a9d2389391e242fafceadf950fdec45c3bf1f086dd024b848e61a0139b27,results/raw/few_shot/DeepSeek-V4-Pro/Zooniverse/run_02/uniform.request.json,outputs/raw/few_shot/DeepSeek-V4-Pro/Zooniverse/run_02/uniform.request.json
204,8de2a9d2389391e242fafceadf950fdec45c3bf1f086dd024b848e61a0139b27,results/raw/few_shot/DeepSeek-V4-Pro/Zooniverse/run_03/uniform.request.json,outputs/raw/few_shot/DeepSeek-V4-Pro/Zooniverse/run_03/uniform.request.json
204,8de2a9d2389391e242fafceadf950fdec45c3bf1f086dd024b848e61a0139b27,results/raw/few_shot/DeepSeek-V4-Pro/Zooniverse/run_04/uniform.request.json,outputs/raw/few_shot/DeepSeek-V4-Pro/Zooniverse/run_04/uniform.request.json
204,8de2a9d2389391e242fafceadf950fdec45c3bf1f086dd024b848e61a0139b27,results/raw/few_shot/DeepSeek-V4-Pro/Zooniverse/run_05/uniform.request.json,outputs/raw/few_shot/DeepSeek-V4-Pro/Zooniverse/run_05/uniform.request.json
205,c38d685d0ab156217e1a8118e068daa08c25a6f93e2527cab0de5500cf6f66e6,results/raw/few_shot/DeepSeek-V4-Pro/Zooniverse/run_01/unique.request.json,outputs/raw/few_shot/DeepSeek-V4-Pro/Zooniverse/run_01/unique.request.json
205,c38d685d0ab156217e1a8118e068daa08c25a6f93e2527cab0de5500cf6f66e6,results/raw/few_shot/DeepSeek-V4-Pro/Zooniverse/run_02/unique.request.json,outputs/raw/few_shot/DeepSeek-V4-Pro/Zooniverse/run_02/unique.request.json
205,c38d685d0ab156217e1a8118e068daa08c25a6f93e2527cab0de5500cf6f66e6,results/raw/few_shot/DeepSeek-V4-Pro/Zooniverse/run_03/unique.request.json,outputs/raw/few_shot/DeepSeek-V4-Pro/Zooniverse/run_03/unique.request.json
205,c38d685d0ab156217e1a8118e068daa08c25a6f93e2527cab0de5500cf6f66e6,results/raw/few_shot/DeepSeek-V4-Pro/Zooniverse/run_04/unique.request.json,outputs/raw/few_shot/DeepSeek-V4-Pro/Zooniverse/run_04/unique.request.json
205,c38d685d0ab156217e1a8118e068daa08c25a6f93e2527cab0de5500cf6f66e6,results/raw/few_shot/DeepSeek-V4-Pro/Zooniverse/run_05/unique.request.json,outputs/raw/few_shot/DeepSeek-V4-Pro/Zooniverse/run_05/unique.request.json
206,e24182ef745e1b8fdb42d29dc5896bd2bea7fafe4c9aa16553fc686b6227488e,results/raw/few_shot/DeepSeek-V4-Pro/Zooniverse/run_01/well_formed.request.json,outputs/raw/few_shot/DeepSeek-V4-Pro/Zooniverse/run_01/well_formed.request.json
206,e24182ef745e1b8fdb42d29dc5896bd2bea7fafe4c9aa16553fc686b6227488e,results/raw/few_shot/DeepSeek-V4-Pro/Zooniverse/run_02/well_formed.request.json,outputs/raw/few_shot/DeepSeek-V4-Pro/Zooniverse/run_02/well_formed.request.json
206,e24182ef745e1b8fdb42d29dc5896bd2bea7fafe4c9aa16553fc686b6227488e,results/raw/few_shot/DeepSeek-V4-Pro/Zooniverse/run_03/well_formed.request.json,outputs/raw/few_shot/DeepSeek-V4-Pro/Zooniverse/run_03/well_formed.request.json
206,e24182ef745e1b8fdb42d29dc5896bd2bea7fafe4c9aa16553fc686b6227488e,results/raw/few_shot/DeepSeek-V4-Pro/Zooniverse/run_04/well_formed.request.json,outputs/raw/few_shot/DeepSeek-V4-Pro/Zooniverse/run_04/well_formed.request.json
206,e24182ef745e1b8fdb42d29dc5896bd2bea7fafe4c9aa16553fc686b6227488e,results/raw/few_shot/DeepSeek-V4-Pro/Zooniverse/run_05/well_formed.request.json,outputs/raw/few_shot/DeepSeek-V4-Pro/Zooniverse/run_05/well_formed.request.json
207,ffdc277a12712949cac224206e14446caa42c6e6ad5028da7b5d8ca12753da22,results/raw/few_shot/GPT-5-Mini/BADCamp/run_01/atomic.request.json,outputs/raw/few_shot/GPT-5-Mini/BADCamp/run_01/atomic.request.json
207,ffdc277a12712949cac224206e14446caa42c6e6ad5028da7b5d8ca12753da22,results/raw/few_shot/GPT-5-Mini/BADCamp/run_02/atomic.request.json,outputs/raw/few_shot/GPT-5-Mini/BADCamp/run_02/atomic.request.json
207,ffdc277a12712949cac224206e14446caa42c6e6ad5028da7b5d8ca12753da22,results/raw/few_shot/GPT-5-Mini/BADCamp/run_03/atomic.request.json,outputs/raw/few_shot/GPT-5-Mini/BADCamp/run_03/atomic.request.json
207,ffdc277a12712949cac224206e14446caa42c6e6ad5028da7b5d8ca12753da22,results/raw/few_shot/GPT-5-Mini/BADCamp/run_04/atomic.request.json,outputs/raw/few_shot/GPT-5-Mini/BADCamp/run_04/atomic.request.json
207,ffdc277a12712949cac224206e14446caa42c6e6ad5028da7b5d8ca12753da22,results/raw/few_shot/GPT-5-Mini/BADCamp/run_05/atomic.request.json,outputs/raw/few_shot/GPT-5-Mini/BADCamp/run_05/atomic.request.json
208,44b83ba0bd68153d0e7d0bf5ea5196b3b75a419dc17486f52dfe7571060fa5f3,results/raw/few_shot/GPT-5-Mini/BADCamp/run_01/complete.request.json,outputs/raw/few_shot/GPT-5-Mini/BADCamp/run_01/complete.request.json
208,44b83ba0bd68153d0e7d0bf5ea5196b3b75a419dc17486f52dfe7571060fa5f3,results/raw/few_shot/GPT-5-Mini/BADCamp/run_02/complete.request.json,outputs/raw/few_shot/GPT-5-Mini/BADCamp/run_02/complete.request.json
208,44b83ba0bd68153d0e7d0bf5ea5196b3b75a419dc17486f52dfe7571060fa5f3,results/raw/few_shot/GPT-5-Mini/BADCamp/run_03/complete.request.json,outputs/raw/few_shot/GPT-5-Mini/BADCamp/run_03/complete.request.json
208,44b83ba0bd68153d0e7d0bf5ea5196b3b75a419dc17486f52dfe7571060fa5f3,results/raw/few_shot/GPT-5-Mini/BADCamp/run_04/complete.request.json,outputs/raw/few_shot/GPT-5-Mini/BADCamp/run_04/complete.request.json
208,44b83ba0bd68153d0e7d0bf5ea5196b3b75a419dc17486f52dfe7571060fa5f3,results/raw/few_shot/GPT-5-Mini/BADCamp/run_05/complete.request.json,outputs/raw/few_shot/GPT-5-Mini/BADCamp/run_05/complete.request.json
209,54012ade3acab215c9abc0cfc8a5e60e55f25dea3170df779dc5ecd57732800c,results/raw/few_shot/GPT-5-Mini/BADCamp/run_01/conceptually_sound.request.json,outputs/raw/few_shot/GPT-5-Mini/BADCamp/run_01/conceptually_sound.request.json
209,54012ade3acab215c9abc0cfc8a5e60e55f25dea3170df779dc5ecd57732800c,results/raw/few_shot/GPT-5-Mini/BADCamp/run_02/conceptually_sound.request.json,outputs/raw/few_shot/GPT-5-Mini/BADCamp/run_02/conceptually_sound.request.json
209,54012ade3acab215c9abc0cfc8a5e60e55f25dea3170df779dc5ecd57732800c,results/raw/few_shot/GPT-5-Mini/BADCamp/run_03/conceptually_sound.request.json,outputs/raw/few_shot/GPT-5-Mini/BADCamp/run_03/conceptually_sound.request.json
209,54012ade3acab215c9abc0cfc8a5e60e55f25dea3170df779dc5ecd57732800c,results/raw/few_shot/GPT-5-Mini/BADCamp/run_04/conceptually_sound.request.json,outputs/raw/few_shot/GPT-5-Mini/BADCamp/run_04/conceptually_sound.request.json
209,54012ade3acab215c9abc0cfc8a5e60e55f25dea3170df779dc5ecd57732800c,results/raw/few_shot/GPT-5-Mini/BADCamp/run_05/conceptually_sound.request.json,outputs/raw/few_shot/GPT-5-Mini/BADCamp/run_05/conceptually_sound.request.json
210,c72c591a9ad38743342f42e0755fe9b4aa51ae7040f2f8ae105c0124974400ff,results/raw/few_shot/GPT-5-Mini/BADCamp/run_01/conflict_free.request.json,outputs/raw/few_shot/GPT-5-Mini/BADCamp/run_01/conflict_free.request.json
210,c72c591a9ad38743342f42e0755fe9b4aa51ae7040f2f8ae105c0124974400ff,results/raw/few_shot/GPT-5-Mini/BADCamp/run_02/conflict_free.request.json,outputs/raw/few_shot/GPT-5-Mini/BADCamp/run_02/conflict_free.request.json
210,c72c591a9ad38743342f42e0755fe9b4aa51ae7040f2f8ae105c0124974400ff,results/raw/few_shot/GPT-5-Mini/BADCamp/run_03/conflict_free.request.json,outputs/raw/few_shot/GPT-5-Mini/BADCamp/run_03/conflict_free.request.json
210,c72c591a9ad38743342f42e0755fe9b4aa51ae7040f2f8ae105c0124974400ff,results/raw/few_shot/GPT-5-Mini/BADCamp/run_04/conflict_free.request.json,outputs/raw/few_shot/GPT-5-Mini/BADCamp/run_04/conflict_free.request.json
210,c72c591a9ad38743342f42e0755fe9b4aa51ae7040f2f8ae105c0124974400ff,results/raw/few_shot/GPT-5-Mini/BADCamp/run_05/conflict_free.request.json,outputs/raw/few_shot/GPT-5-Mini/BADCamp/run_05/conflict_free.request.json
211,0df97a0f2b6f53061eda78326b6c807f44631e10682a9b03aad57d6699a0698b,results/raw/few_shot/GPT-5-Mini/BADCamp/run_01/estimatable.request.json,outputs/raw/few_shot/GPT-5-Mini/BADCamp/run_01/estimatable.request.json
211,0df97a0f2b6f53061eda78326b6c807f44631e10682a9b03aad57d6699a0698b,results/raw/few_shot/GPT-5-Mini/BADCamp/run_02/estimatable.request.json,outputs/raw/few_shot/GPT-5-Mini/BADCamp/run_02/estimatable.request.json
211,0df97a0f2b6f53061eda78326b6c807f44631e10682a9b03aad57d6699a0698b,results/raw/few_shot/GPT-5-Mini/BADCamp/run_03/estimatable.request.json,outputs/raw/few_shot/GPT-5-Mini/BADCamp/run_03/estimatable.request.json
211,0df97a0f2b6f53061eda78326b6c807f44631e10682a9b03aad57d6699a0698b,results/raw/few_shot/GPT-5-Mini/BADCamp/run_04/estimatable.request.json,outputs/raw/few_shot/GPT-5-Mini/BADCamp/run_04/estimatable.request.json
211,0df97a0f2b6f53061eda78326b6c807f44631e10682a9b03aad57d6699a0698b,results/raw/few_shot/GPT-5-Mini/BADCamp/run_05/estimatable.request.json,outputs/raw/few_shot/GPT-5-Mini/BADCamp/run_05/estimatable.request.json
212,cf978418547a8de177a115a595c25f5c8e6ebb835d7cd0c576a384576e32f36b,results/raw/few_shot/GPT-5-Mini/BADCamp/run_01/full_sentence.request.json,outputs/raw/few_shot/GPT-5-Mini/BADCamp/run_01/full_sentence.request.json
212,cf978418547a8de177a115a595c25f5c8e6ebb835d7cd0c576a384576e32f36b,results/raw/few_shot/GPT-5-Mini/BADCamp/run_02/full_sentence.request.json,outputs/raw/few_shot/GPT-5-Mini/BADCamp/run_02/full_sentence.request.json
212,cf978418547a8de177a115a595c25f5c8e6ebb835d7cd0c576a384576e32f36b,results/raw/few_shot/GPT-5-Mini/BADCamp/run_03/full_sentence.request.json,outputs/raw/few_shot/GPT-5-Mini/BADCamp/run_03/full_sentence.request.json
212,cf978418547a8de177a115a595c25f5c8e6ebb835d7cd0c576a384576e32f36b,results/raw/few_shot/GPT-5-Mini/BADCamp/run_04/full_sentence.request.json,outputs/raw/few_shot/GPT-5-Mini/BADCamp/run_04/full_sentence.request.json
212,cf978418547a8de177a115a595c25f5c8e6ebb835d7cd0c576a384576e32f36b,results/raw/few_shot/GPT-5-Mini/BADCamp/run_05/full_sentence.request.json,outputs/raw/few_shot/GPT-5-Mini/BADCamp/run_05/full_sentence.request.json
213,c74c9552b0a7f5d905aac21653ec3d6722bca5d701df9b9d3efaf1748806ffd3,results/raw/few_shot/GPT-5-Mini/BADCamp/run_01/independent.request.json,outputs/raw/few_shot/GPT-5-Mini/BADCamp/run_01/independent.request.json
213,c74c9552b0a7f5d905aac21653ec3d6722bca5d701df9b9d3efaf1748806ffd3,results/raw/few_shot/GPT-5-Mini/BADCamp/run_02/independent.request.json,outputs/raw/few_shot/GPT-5-Mini/BADCamp/run_02/independent.request.json
213,c74c9552b0a7f5d905aac21653ec3d6722bca5d701df9b9d3efaf1748806ffd3,results/raw/few_shot/GPT-5-Mini/BADCamp/run_03/independent.request.json,outputs/raw/few_shot/GPT-5-Mini/BADCamp/run_03/independent.request.json
213,c74c9552b0a7f5d905aac21653ec3d6722bca5d701df9b9d3efaf1748806ffd3,results/raw/few_shot/GPT-5-Mini/BADCamp/run_04/independent.request.json,outputs/raw/few_shot/GPT-5-Mini/BADCamp/run_04/independent.request.json
213,c74c9552b0a7f5d905aac21653ec3d6722bca5d701df9b9d3efaf1748806ffd3,results/raw/few_shot/GPT-5-Mini/BADCamp/run_05/independent.request.json,outputs/raw/few_shot/GPT-5-Mini/BADCamp/run_05/independent.request.json
214,0640e96f90c902a1d2481e03802e814c1ec2569b6732cd56c8aa902c27578106,results/raw/few_shot/GPT-5-Mini/BADCamp/run_01/minimal.request.json,outputs/raw/few_shot/GPT-5-Mini/BADCamp/run_01/minimal.request.json
214,0640e96f90c902a1d2481e03802e814c1ec2569b6732cd56c8aa902c27578106,results/raw/few_shot/GPT-5-Mini/BADCamp/run_02/minimal.request.json,outputs/raw/few_shot/GPT-5-Mini/BADCamp/run_02/minimal.request.json
214,0640e96f90c902a1d2481e03802e814c1ec2569b6732cd56c8aa902c27578106,results/raw/few_shot/GPT-5-Mini/BADCamp/run_03/minimal.request.json,outputs/raw/few_shot/GPT-5-Mini/BADCamp/run_03/minimal.request.json
214,0640e96f90c902a1d2481e03802e814c1ec2569b6732cd56c8aa902c27578106,results/raw/few_shot/GPT-5-Mini/BADCamp/run_04/minimal.request.json,outputs/raw/few_shot/GPT-5-Mini/BADCamp/run_04/minimal.request.json
214,0640e96f90c902a1d2481e03802e814c1ec2569b6732cd56c8aa902c27578106,results/raw/few_shot/GPT-5-Mini/BADCamp/run_05/minimal.request.json,outputs/raw/few_shot/GPT-5-Mini/BADCamp/run_05/minimal.request.json
215,223a141ade35fb835b643c225e47c4b72bb49cc55721e17b662fbc8aead2d894,results/raw/few_shot/GPT-5-Mini/BADCamp/run_01/problem_oriented.request.json,outputs/raw/few_shot/GPT-5-Mini/BADCamp/run_01/problem_oriented.request.json
215,223a141ade35fb835b643c225e47c4b72bb49cc55721e17b662fbc8aead2d894,results/raw/few_shot/GPT-5-Mini/BADCamp/run_02/problem_oriented.request.json,outputs/raw/few_shot/GPT-5-Mini/BADCamp/run_02/problem_oriented.request.json
215,223a141ade35fb835b643c225e47c4b72bb49cc55721e17b662fbc8aead2d894,results/raw/few_shot/GPT-5-Mini/BADCamp/run_03/problem_oriented.request.json,outputs/raw/few_shot/GPT-5-Mini/BADCamp/run_03/problem_oriented.request.json
215,223a141ade35fb835b643c225e47c4b72bb49cc55721e17b662fbc8aead2d894,results/raw/few_shot/GPT-5-Mini/BADCamp/run_04/problem_oriented.request.json,outputs/raw/few_shot/GPT-5-Mini/BADCamp/run_04/problem_oriented.request.json
215,223a141ade35fb835b643c225e47c4b72bb49cc55721e17b662fbc8aead2d894,results/raw/few_shot/GPT-5-Mini/BADCamp/run_05/problem_oriented.request.json,outputs/raw/few_shot/GPT-5-Mini/BADCamp/run_05/problem_oriented.request.json
216,5011775609e5ac987c1f84c6d728f7d7f9085a5439c9024ec35da2486becd053,results/raw/few_shot/GPT-5-Mini/BADCamp/run_01/unambiguous.request.json,outputs/raw/few_shot/GPT-5-Mini/BADCamp/run_01/unambiguous.request.json
216,5011775609e5ac987c1f84c6d728f7d7f9085a5439c9024ec35da2486becd053,results/raw/few_shot/GPT-5-Mini/BADCamp/run_02/unambiguous.request.json,outputs/raw/few_shot/GPT-5-Mini/BADCamp/run_02/unambiguous.request.json
216,5011775609e5ac987c1f84c6d728f7d7f9085a5439c9024ec35da2486becd053,results/raw/few_shot/GPT-5-Mini/BADCamp/run_03/unambiguous.request.json,outputs/raw/few_shot/GPT-5-Mini/BADCamp/run_03/unambiguous.request.json
216,5011775609e5ac987c1f84c6d728f7d7f9085a5439c9024ec35da2486becd053,results/raw/few_shot/GPT-5-Mini/BADCamp/run_04/unambiguous.request.json,outputs/raw/few_shot/GPT-5-Mini/BADCamp/run_04/unambiguous.request.json
216,5011775609e5ac987c1f84c6d728f7d7f9085a5439c9024ec35da2486becd053,results/raw/few_shot/GPT-5-Mini/BADCamp/run_05/unambiguous.request.json,outputs/raw/few_shot/GPT-5-Mini/BADCamp/run_05/unambiguous.request.json
217,af37065c1043346dc3acc402f04235f1361c54fc95585bb22b9ad3b5f6dd61b0,results/raw/few_shot/GPT-5-Mini/BADCamp/run_01/uniform.request.json,outputs/raw/few_shot/GPT-5-Mini/BADCamp/run_01/uniform.request.json
217,af37065c1043346dc3acc402f04235f1361c54fc95585bb22b9ad3b5f6dd61b0,results/raw/few_shot/GPT-5-Mini/BADCamp/run_02/uniform.request.json,outputs/raw/few_shot/GPT-5-Mini/BADCamp/run_02/uniform.request.json
217,af37065c1043346dc3acc402f04235f1361c54fc95585bb22b9ad3b5f6dd61b0,results/raw/few_shot/GPT-5-Mini/BADCamp/run_03/uniform.request.json,outputs/raw/few_shot/GPT-5-Mini/BADCamp/run_03/uniform.request.json
217,af37065c1043346dc3acc402f04235f1361c54fc95585bb22b9ad3b5f6dd61b0,results/raw/few_shot/GPT-5-Mini/BADCamp/run_04/uniform.request.json,outputs/raw/few_shot/GPT-5-Mini/BADCamp/run_04/uniform.request.json
217,af37065c1043346dc3acc402f04235f1361c54fc95585bb22b9ad3b5f6dd61b0,results/raw/few_shot/GPT-5-Mini/BADCamp/run_05/uniform.request.json,outputs/raw/few_shot/GPT-5-Mini/BADCamp/run_05/uniform.request.json
218,dc6f0727b3e689c4c559ed2dd32575dd3a58a4408fa2542d19f5aae79b4352a3,results/raw/few_shot/GPT-5-Mini/BADCamp/run_01/unique.request.json,outputs/raw/few_shot/GPT-5-Mini/BADCamp/run_01/unique.request.json
218,dc6f0727b3e689c4c559ed2dd32575dd3a58a4408fa2542d19f5aae79b4352a3,results/raw/few_shot/GPT-5-Mini/BADCamp/run_02/unique.request.json,outputs/raw/few_shot/GPT-5-Mini/BADCamp/run_02/unique.request.json
218,dc6f0727b3e689c4c559ed2dd32575dd3a58a4408fa2542d19f5aae79b4352a3,results/raw/few_shot/GPT-5-Mini/BADCamp/run_03/unique.request.json,outputs/raw/few_shot/GPT-5-Mini/BADCamp/run_03/unique.request.json
218,dc6f0727b3e689c4c559ed2dd32575dd3a58a4408fa2542d19f5aae79b4352a3,results/raw/few_shot/GPT-5-Mini/BADCamp/run_04/unique.request.json,outputs/raw/few_shot/GPT-5-Mini/BADCamp/run_04/unique.request.json
218,dc6f0727b3e689c4c559ed2dd32575dd3a58a4408fa2542d19f5aae79b4352a3,results/raw/few_shot/GPT-5-Mini/BADCamp/run_05/unique.request.json,outputs/raw/few_shot/GPT-5-Mini/BADCamp/run_05/unique.request.json
219,a848b36b32933d420dec30243f91ed92edba37e2c3ffcc8125593e3e75b07b0c,results/raw/few_shot/GPT-5-Mini/BADCamp/run_01/well_formed.request.json,outputs/raw/few_shot/GPT-5-Mini/BADCamp/run_01/well_formed.request.json
219,a848b36b32933d420dec30243f91ed92edba37e2c3ffcc8125593e3e75b07b0c,results/raw/few_shot/GPT-5-Mini/BADCamp/run_02/well_formed.request.json,outputs/raw/few_shot/GPT-5-Mini/BADCamp/run_02/well_formed.request.json
219,a848b36b32933d420dec30243f91ed92edba37e2c3ffcc8125593e3e75b07b0c,results/raw/few_shot/GPT-5-Mini/BADCamp/run_03/well_formed.request.json,outputs/raw/few_shot/GPT-5-Mini/BADCamp/run_03/well_formed.request.json
219,a848b36b32933d420dec30243f91ed92edba37e2c3ffcc8125593e3e75b07b0c,results/raw/few_shot/GPT-5-Mini/BADCamp/run_04/well_formed.request.json,outputs/raw/few_shot/GPT-5-Mini/BADCamp/run_04/well_formed.request.json
219,a848b36b32933d420dec30243f91ed92edba37e2c3ffcc8125593e3e75b07b0c,results/raw/few_shot/GPT-5-Mini/BADCamp/run_05/well_formed.request.json,outputs/raw/few_shot/GPT-5-Mini/BADCamp/run_05/well_formed.request.json
220,29e84cc72c988023a3eb4f34b83e49bee3bfaf66b65105ff2d18dc4310373e04,results/raw/few_shot/GPT-5-Mini/PlanningPoker/run_01/atomic.request.json,outputs/raw/few_shot/GPT-5-Mini/PlanningPoker/run_01/atomic.request.json
220,29e84cc72c988023a3eb4f34b83e49bee3bfaf66b65105ff2d18dc4310373e04,results/raw/few_shot/GPT-5-Mini/PlanningPoker/run_02/atomic.request.json,outputs/raw/few_shot/GPT-5-Mini/PlanningPoker/run_02/atomic.request.json
220,29e84cc72c988023a3eb4f34b83e49bee3bfaf66b65105ff2d18dc4310373e04,results/raw/few_shot/GPT-5-Mini/PlanningPoker/run_03/atomic.request.json,outputs/raw/few_shot/GPT-5-Mini/PlanningPoker/run_03/atomic.request.json
220,29e84cc72c988023a3eb4f34b83e49bee3bfaf66b65105ff2d18dc4310373e04,results/raw/few_shot/GPT-5-Mini/PlanningPoker/run_04/atomic.request.json,outputs/raw/few_shot/GPT-5-Mini/PlanningPoker/run_04/atomic.request.json
220,29e84cc72c988023a3eb4f34b83e49bee3bfaf66b65105ff2d18dc4310373e04,results/raw/few_shot/GPT-5-Mini/PlanningPoker/run_05/atomic.request.json,outputs/raw/few_shot/GPT-5-Mini/PlanningPoker/run_05/atomic.request.json
221,39242cf469229748197cabf9cae90ff0674b2092007a72090c215592a6064862,results/raw/few_shot/GPT-5-Mini/PlanningPoker/run_01/complete.request.json,outputs/raw/few_shot/GPT-5-Mini/PlanningPoker/run_01/complete.request.json
221,39242cf469229748197cabf9cae90ff0674b2092007a72090c215592a6064862,results/raw/few_shot/GPT-5-Mini/PlanningPoker/run_02/complete.request.json,outputs/raw/few_shot/GPT-5-Mini/PlanningPoker/run_02/complete.request.json
221,39242cf469229748197cabf9cae90ff0674b2092007a72090c215592a6064862,results/raw/few_shot/GPT-5-Mini/PlanningPoker/run_03/complete.request.json,outputs/raw/few_shot/GPT-5-Mini/PlanningPoker/run_03/complete.request.json
221,39242cf469229748197cabf9cae90ff0674b2092007a72090c215592a6064862,results/raw/few_shot/GPT-5-Mini/PlanningPoker/run_04/complete.request.json,outputs/raw/few_shot/GPT-5-Mini/PlanningPoker/run_04/complete.request.json
221,39242cf469229748197cabf9cae90ff0674b2092007a72090c215592a6064862,results/raw/few_shot/GPT-5-Mini/PlanningPoker/run_05/complete.request.json,outputs/raw/few_shot/GPT-5-Mini/PlanningPoker/run_05/complete.request.json
222,6721f24757e3ade19e4be4a505199f3b8ae927748ea8253be08fb5dd0eafa1ce,results/raw/few_shot/GPT-5-Mini/PlanningPoker/run_01/conceptually_sound.request.json,outputs/raw/few_shot/GPT-5-Mini/PlanningPoker/run_01/conceptually_sound.request.json
222,6721f24757e3ade19e4be4a505199f3b8ae927748ea8253be08fb5dd0eafa1ce,results/raw/few_shot/GPT-5-Mini/PlanningPoker/run_02/conceptually_sound.request.json,outputs/raw/few_shot/GPT-5-Mini/PlanningPoker/run_02/conceptually_sound.request.json
222,6721f24757e3ade19e4be4a505199f3b8ae927748ea8253be08fb5dd0eafa1ce,results/raw/few_shot/GPT-5-Mini/PlanningPoker/run_03/conceptually_sound.request.json,outputs/raw/few_shot/GPT-5-Mini/PlanningPoker/run_03/conceptually_sound.request.json
222,6721f24757e3ade19e4be4a505199f3b8ae927748ea8253be08fb5dd0eafa1ce,results/raw/few_shot/GPT-5-Mini/PlanningPoker/run_04/conceptually_sound.request.json,outputs/raw/few_shot/GPT-5-Mini/PlanningPoker/run_04/conceptually_sound.request.json
222,6721f24757e3ade19e4be4a505199f3b8ae927748ea8253be08fb5dd0eafa1ce,results/raw/few_shot/GPT-5-Mini/PlanningPoker/run_05/conceptually_sound.request.json,outputs/raw/few_shot/GPT-5-Mini/PlanningPoker/run_05/conceptually_sound.request.json
223,c128842f5725b1b323879a0dcd6955533b42428269bf6aadd9ae4050a8a3f682,results/raw/few_shot/GPT-5-Mini/PlanningPoker/run_01/conflict_free.request.json,outputs/raw/few_shot/GPT-5-Mini/PlanningPoker/run_01/conflict_free.request.json
223,c128842f5725b1b323879a0dcd6955533b42428269bf6aadd9ae4050a8a3f682,results/raw/few_shot/GPT-5-Mini/PlanningPoker/run_02/conflict_free.request.json,outputs/raw/few_shot/GPT-5-Mini/PlanningPoker/run_02/conflict_free.request.json
223,c128842f5725b1b323879a0dcd6955533b42428269bf6aadd9ae4050a8a3f682,results/raw/few_shot/GPT-5-Mini/PlanningPoker/run_03/conflict_free.request.json,outputs/raw/few_shot/GPT-5-Mini/PlanningPoker/run_03/conflict_free.request.json
223,c128842f5725b1b323879a0dcd6955533b42428269bf6aadd9ae4050a8a3f682,results/raw/few_shot/GPT-5-Mini/PlanningPoker/run_04/conflict_free.request.json,outputs/raw/few_shot/GPT-5-Mini/PlanningPoker/run_04/conflict_free.request.json
223,c128842f5725b1b323879a0dcd6955533b42428269bf6aadd9ae4050a8a3f682,results/raw/few_shot/GPT-5-Mini/PlanningPoker/run_05/conflict_free.request.json,outputs/raw/few_shot/GPT-5-Mini/PlanningPoker/run_05/conflict_free.request.json
224,7e317418706fe77b62bcdeef9b565520cf15512eb101e4be60867cc327df0fa6,results/raw/few_shot/GPT-5-Mini/PlanningPoker/run_01/estimatable.request.json,outputs/raw/few_shot/GPT-5-Mini/PlanningPoker/run_01/estimatable.request.json
224,7e317418706fe77b62bcdeef9b565520cf15512eb101e4be60867cc327df0fa6,results/raw/few_shot/GPT-5-Mini/PlanningPoker/run_02/estimatable.request.json,outputs/raw/few_shot/GPT-5-Mini/PlanningPoker/run_02/estimatable.request.json
224,7e317418706fe77b62bcdeef9b565520cf15512eb101e4be60867cc327df0fa6,results/raw/few_shot/GPT-5-Mini/PlanningPoker/run_03/estimatable.request.json,outputs/raw/few_shot/GPT-5-Mini/PlanningPoker/run_03/estimatable.request.json
224,7e317418706fe77b62bcdeef9b565520cf15512eb101e4be60867cc327df0fa6,results/raw/few_shot/GPT-5-Mini/PlanningPoker/run_04/estimatable.request.json,outputs/raw/few_shot/GPT-5-Mini/PlanningPoker/run_04/estimatable.request.json
224,7e317418706fe77b62bcdeef9b565520cf15512eb101e4be60867cc327df0fa6,results/raw/few_shot/GPT-5-Mini/PlanningPoker/run_05/estimatable.request.json,outputs/raw/few_shot/GPT-5-Mini/PlanningPoker/run_05/estimatable.request.json
225,f2c2d05fea13385523247e76eb2b42d6e58a07a0d07eee8f20ce68c7e54d3f8b,results/raw/few_shot/GPT-5-Mini/PlanningPoker/run_01/full_sentence.request.json,outputs/raw/few_shot/GPT-5-Mini/PlanningPoker/run_01/full_sentence.request.json
225,f2c2d05fea13385523247e76eb2b42d6e58a07a0d07eee8f20ce68c7e54d3f8b,results/raw/few_shot/GPT-5-Mini/PlanningPoker/run_02/full_sentence.request.json,outputs/raw/few_shot/GPT-5-Mini/PlanningPoker/run_02/full_sentence.request.json
225,f2c2d05fea13385523247e76eb2b42d6e58a07a0d07eee8f20ce68c7e54d3f8b,results/raw/few_shot/GPT-5-Mini/PlanningPoker/run_03/full_sentence.request.json,outputs/raw/few_shot/GPT-5-Mini/PlanningPoker/run_03/full_sentence.request.json
225,f2c2d05fea13385523247e76eb2b42d6e58a07a0d07eee8f20ce68c7e54d3f8b,results/raw/few_shot/GPT-5-Mini/PlanningPoker/run_04/full_sentence.request.json,outputs/raw/few_shot/GPT-5-Mini/PlanningPoker/run_04/full_sentence.request.json
225,f2c2d05fea13385523247e76eb2b42d6e58a07a0d07eee8f20ce68c7e54d3f8b,results/raw/few_shot/GPT-5-Mini/PlanningPoker/run_05/full_sentence.request.json,outputs/raw/few_shot/GPT-5-Mini/PlanningPoker/run_05/full_sentence.request.json
226,88ff1e79a309102806231baeca626c032ca7b587ec7900e8b4eee3560b9a9d98,results/raw/few_shot/GPT-5-Mini/PlanningPoker/run_01/independent.request.json,outputs/raw/few_shot/GPT-5-Mini/PlanningPoker/run_01/independent.request.json
226,88ff1e79a309102806231baeca626c032ca7b587ec7900e8b4eee3560b9a9d98,results/raw/few_shot/GPT-5-Mini/PlanningPoker/run_02/independent.request.json,outputs/raw/few_shot/GPT-5-Mini/PlanningPoker/run_02/independent.request.json
226,88ff1e79a309102806231baeca626c032ca7b587ec7900e8b4eee3560b9a9d98,results/raw/few_shot/GPT-5-Mini/PlanningPoker/run_03/independent.request.json,outputs/raw/few_shot/GPT-5-Mini/PlanningPoker/run_03/independent.request.json
226,88ff1e79a309102806231baeca626c032ca7b587ec7900e8b4eee3560b9a9d98,results/raw/few_shot/GPT-5-Mini/PlanningPoker/run_04/independent.request.json,outputs/raw/few_shot/GPT-5-Mini/PlanningPoker/run_04/independent.request.json
226,88ff1e79a309102806231baeca626c032ca7b587ec7900e8b4eee3560b9a9d98,results/raw/few_shot/GPT-5-Mini/PlanningPoker/run_05/independent.request.json,outputs/raw/few_shot/GPT-5-Mini/PlanningPoker/run_05/independent.request.json
227,1527cfddab7d4582b50f9a48d53d73e78a6f4969d02f889a6662dc54d20734d5,results/raw/few_shot/GPT-5-Mini/PlanningPoker/run_01/minimal.request.json,outputs/raw/few_shot/GPT-5-Mini/PlanningPoker/run_01/minimal.request.json
227,1527cfddab7d4582b50f9a48d53d73e78a6f4969d02f889a6662dc54d20734d5,results/raw/few_shot/GPT-5-Mini/PlanningPoker/run_02/minimal.request.json,outputs/raw/few_shot/GPT-5-Mini/PlanningPoker/run_02/minimal.request.json
227,1527cfddab7d4582b50f9a48d53d73e78a6f4969d02f889a6662dc54d20734d5,results/raw/few_shot/GPT-5-Mini/PlanningPoker/run_03/minimal.request.json,outputs/raw/few_shot/GPT-5-Mini/PlanningPoker/run_03/minimal.request.json
227,1527cfddab7d4582b50f9a48d53d73e78a6f4969d02f889a6662dc54d20734d5,results/raw/few_shot/GPT-5-Mini/PlanningPoker/run_04/minimal.request.json,outputs/raw/few_shot/GPT-5-Mini/PlanningPoker/run_04/minimal.request.json
227,1527cfddab7d4582b50f9a48d53d73e78a6f4969d02f889a6662dc54d20734d5,results/raw/few_shot/GPT-5-Mini/PlanningPoker/run_05/minimal.request.json,outputs/raw/few_shot/GPT-5-Mini/PlanningPoker/run_05/minimal.request.json
228,fbf2ee6ca33ef59471719b3c85ea962d28081a5abd5ead80ea3b3b04a6cb1cf0,results/raw/few_shot/GPT-5-Mini/PlanningPoker/run_01/problem_oriented.request.json,outputs/raw/few_shot/GPT-5-Mini/PlanningPoker/run_01/problem_oriented.request.json
228,fbf2ee6ca33ef59471719b3c85ea962d28081a5abd5ead80ea3b3b04a6cb1cf0,results/raw/few_shot/GPT-5-Mini/PlanningPoker/run_02/problem_oriented.request.json,outputs/raw/few_shot/GPT-5-Mini/PlanningPoker/run_02/problem_oriented.request.json
228,fbf2ee6ca33ef59471719b3c85ea962d28081a5abd5ead80ea3b3b04a6cb1cf0,results/raw/few_shot/GPT-5-Mini/PlanningPoker/run_03/problem_oriented.request.json,outputs/raw/few_shot/GPT-5-Mini/PlanningPoker/run_03/problem_oriented.request.json
228,fbf2ee6ca33ef59471719b3c85ea962d28081a5abd5ead80ea3b3b04a6cb1cf0,results/raw/few_shot/GPT-5-Mini/PlanningPoker/run_04/problem_oriented.request.json,outputs/raw/few_shot/GPT-5-Mini/PlanningPoker/run_04/problem_oriented.request.json
228,fbf2ee6ca33ef59471719b3c85ea962d28081a5abd5ead80ea3b3b04a6cb1cf0,results/raw/few_shot/GPT-5-Mini/PlanningPoker/run_05/problem_oriented.request.json,outputs/raw/few_shot/GPT-5-Mini/PlanningPoker/run_05/problem_oriented.request.json
229,da2961df4737362b416cd2748b63a69152f3d8df6246e760b342809fa9dd41c2,results/raw/few_shot/GPT-5-Mini/PlanningPoker/run_01/unambiguous.request.json,outputs/raw/few_shot/GPT-5-Mini/PlanningPoker/run_01/unambiguous.request.json
229,da2961df4737362b416cd2748b63a69152f3d8df6246e760b342809fa9dd41c2,results/raw/few_shot/GPT-5-Mini/PlanningPoker/run_02/unambiguous.request.json,outputs/raw/few_shot/GPT-5-Mini/PlanningPoker/run_02/unambiguous.request.json
229,da2961df4737362b416cd2748b63a69152f3d8df6246e760b342809fa9dd41c2,results/raw/few_shot/GPT-5-Mini/PlanningPoker/run_03/unambiguous.request.json,outputs/raw/few_shot/GPT-5-Mini/PlanningPoker/run_03/unambiguous.request.json
229,da2961df4737362b416cd2748b63a69152f3d8df6246e760b342809fa9dd41c2,results/raw/few_shot/GPT-5-Mini/PlanningPoker/run_04/unambiguous.request.json,outputs/raw/few_shot/GPT-5-Mini/PlanningPoker/run_04/unambiguous.request.json
229,da2961df4737362b416cd2748b63a69152f3d8df6246e760b342809fa9dd41c2,results/raw/few_shot/GPT-5-Mini/PlanningPoker/run_05/unambiguous.request.json,outputs/raw/few_shot/GPT-5-Mini/PlanningPoker/run_05/unambiguous.request.json
230,825e372f82e771f75b8bdc220be1077c06d9d63f29f89d566e4924012d8c90f9,results/raw/few_shot/GPT-5-Mini/PlanningPoker/run_01/uniform.request.json,outputs/raw/few_shot/GPT-5-Mini/PlanningPoker/run_01/uniform.request.json
230,825e372f82e771f75b8bdc220be1077c06d9d63f29f89d566e4924012d8c90f9,results/raw/few_shot/GPT-5-Mini/PlanningPoker/run_02/uniform.request.json,outputs/raw/few_shot/GPT-5-Mini/PlanningPoker/run_02/uniform.request.json
230,825e372f82e771f75b8bdc220be1077c06d9d63f29f89d566e4924012d8c90f9,results/raw/few_shot/GPT-5-Mini/PlanningPoker/run_03/uniform.request.json,outputs/raw/few_shot/GPT-5-Mini/PlanningPoker/run_03/uniform.request.json
230,825e372f82e771f75b8bdc220be1077c06d9d63f29f89d566e4924012d8c90f9,results/raw/few_shot/GPT-5-Mini/PlanningPoker/run_04/uniform.request.json,outputs/raw/few_shot/GPT-5-Mini/PlanningPoker/run_04/uniform.request.json
230,825e372f82e771f75b8bdc220be1077c06d9d63f29f89d566e4924012d8c90f9,results/raw/few_shot/GPT-5-Mini/PlanningPoker/run_05/uniform.request.json,outputs/raw/few_shot/GPT-5-Mini/PlanningPoker/run_05/uniform.request.json
231,9d47bea2043d3df0362d828f679cc1bd21bb63ff4d485d0aa24b4fa795e7e00c,results/raw/few_shot/GPT-5-Mini/PlanningPoker/run_01/unique.request.json,outputs/raw/few_shot/GPT-5-Mini/PlanningPoker/run_01/unique.request.json
231,9d47bea2043d3df0362d828f679cc1bd21bb63ff4d485d0aa24b4fa795e7e00c,results/raw/few_shot/GPT-5-Mini/PlanningPoker/run_02/unique.request.json,outputs/raw/few_shot/GPT-5-Mini/PlanningPoker/run_02/unique.request.json
231,9d47bea2043d3df0362d828f679cc1bd21bb63ff4d485d0aa24b4fa795e7e00c,results/raw/few_shot/GPT-5-Mini/PlanningPoker/run_03/unique.request.json,outputs/raw/few_shot/GPT-5-Mini/PlanningPoker/run_03/unique.request.json
231,9d47bea2043d3df0362d828f679cc1bd21bb63ff4d485d0aa24b4fa795e7e00c,results/raw/few_shot/GPT-5-Mini/PlanningPoker/run_04/unique.request.json,outputs/raw/few_shot/GPT-5-Mini/PlanningPoker/run_04/unique.request.json
231,9d47bea2043d3df0362d828f679cc1bd21bb63ff4d485d0aa24b4fa795e7e00c,results/raw/few_shot/GPT-5-Mini/PlanningPoker/run_05/unique.request.json,outputs/raw/few_shot/GPT-5-Mini/PlanningPoker/run_05/unique.request.json
232,002110eeddceaf610bcea779fac0fdcd98bf62f309ab862de296e463c6da4168,results/raw/few_shot/GPT-5-Mini/PlanningPoker/run_01/well_formed.request.json,outputs/raw/few_shot/GPT-5-Mini/PlanningPoker/run_01/well_formed.request.json
232,002110eeddceaf610bcea779fac0fdcd98bf62f309ab862de296e463c6da4168,results/raw/few_shot/GPT-5-Mini/PlanningPoker/run_02/well_formed.request.json,outputs/raw/few_shot/GPT-5-Mini/PlanningPoker/run_02/well_formed.request.json
232,002110eeddceaf610bcea779fac0fdcd98bf62f309ab862de296e463c6da4168,results/raw/few_shot/GPT-5-Mini/PlanningPoker/run_03/well_formed.request.json,outputs/raw/few_shot/GPT-5-Mini/PlanningPoker/run_03/well_formed.request.json
232,002110eeddceaf610bcea779fac0fdcd98bf62f309ab862de296e463c6da4168,results/raw/few_shot/GPT-5-Mini/PlanningPoker/run_04/well_formed.request.json,outputs/raw/few_shot/GPT-5-Mini/PlanningPoker/run_04/well_formed.request.json
232,002110eeddceaf610bcea779fac0fdcd98bf62f309ab862de296e463c6da4168,results/raw/few_shot/GPT-5-Mini/PlanningPoker/run_05/well_formed.request.json,outputs/raw/few_shot/GPT-5-Mini/PlanningPoker/run_05/well_formed.request.json
233,18d7cc6363ee5a19603b907532de096d1735e13554a45b4661c6343ef3b40d99,results/raw/few_shot/GPT-5-Mini/Zooniverse/run_01/atomic.request.json,outputs/raw/few_shot/GPT-5-Mini/Zooniverse/run_01/atomic.request.json
233,18d7cc6363ee5a19603b907532de096d1735e13554a45b4661c6343ef3b40d99,results/raw/few_shot/GPT-5-Mini/Zooniverse/run_02/atomic.request.json,outputs/raw/few_shot/GPT-5-Mini/Zooniverse/run_02/atomic.request.json
233,18d7cc6363ee5a19603b907532de096d1735e13554a45b4661c6343ef3b40d99,results/raw/few_shot/GPT-5-Mini/Zooniverse/run_03/atomic.request.json,outputs/raw/few_shot/GPT-5-Mini/Zooniverse/run_03/atomic.request.json
233,18d7cc6363ee5a19603b907532de096d1735e13554a45b4661c6343ef3b40d99,results/raw/few_shot/GPT-5-Mini/Zooniverse/run_04/atomic.request.json,outputs/raw/few_shot/GPT-5-Mini/Zooniverse/run_04/atomic.request.json
233,18d7cc6363ee5a19603b907532de096d1735e13554a45b4661c6343ef3b40d99,results/raw/few_shot/GPT-5-Mini/Zooniverse/run_05/atomic.request.json,outputs/raw/few_shot/GPT-5-Mini/Zooniverse/run_05/atomic.request.json
234,fcae3b8fd9cc82cab2b61869e78c7bd8503493a18bc7489ff66736e4e4cb826c,results/raw/few_shot/GPT-5-Mini/Zooniverse/run_01/complete.request.json,outputs/raw/few_shot/GPT-5-Mini/Zooniverse/run_01/complete.request.json
234,fcae3b8fd9cc82cab2b61869e78c7bd8503493a18bc7489ff66736e4e4cb826c,results/raw/few_shot/GPT-5-Mini/Zooniverse/run_02/complete.request.json,outputs/raw/few_shot/GPT-5-Mini/Zooniverse/run_02/complete.request.json
234,fcae3b8fd9cc82cab2b61869e78c7bd8503493a18bc7489ff66736e4e4cb826c,results/raw/few_shot/GPT-5-Mini/Zooniverse/run_03/complete.request.json,outputs/raw/few_shot/GPT-5-Mini/Zooniverse/run_03/complete.request.json
234,fcae3b8fd9cc82cab2b61869e78c7bd8503493a18bc7489ff66736e4e4cb826c,results/raw/few_shot/GPT-5-Mini/Zooniverse/run_04/complete.request.json,outputs/raw/few_shot/GPT-5-Mini/Zooniverse/run_04/complete.request.json
234,fcae3b8fd9cc82cab2b61869e78c7bd8503493a18bc7489ff66736e4e4cb826c,results/raw/few_shot/GPT-5-Mini/Zooniverse/run_05/complete.request.json,outputs/raw/few_shot/GPT-5-Mini/Zooniverse/run_05/complete.request.json
235,1037ef425945556a3882912d31dfbe23e71fecce320bf829e7173429609f1e7c,results/raw/few_shot/GPT-5-Mini/Zooniverse/run_01/conceptually_sound.request.json,outputs/raw/few_shot/GPT-5-Mini/Zooniverse/run_01/conceptually_sound.request.json
235,1037ef425945556a3882912d31dfbe23e71fecce320bf829e7173429609f1e7c,results/raw/few_shot/GPT-5-Mini/Zooniverse/run_02/conceptually_sound.request.json,outputs/raw/few_shot/GPT-5-Mini/Zooniverse/run_02/conceptually_sound.request.json
235,1037ef425945556a3882912d31dfbe23e71fecce320bf829e7173429609f1e7c,results/raw/few_shot/GPT-5-Mini/Zooniverse/run_03/conceptually_sound.request.json,outputs/raw/few_shot/GPT-5-Mini/Zooniverse/run_03/conceptually_sound.request.json
235,1037ef425945556a3882912d31dfbe23e71fecce320bf829e7173429609f1e7c,results/raw/few_shot/GPT-5-Mini/Zooniverse/run_04/conceptually_sound.request.json,outputs/raw/few_shot/GPT-5-Mini/Zooniverse/run_04/conceptually_sound.request.json
235,1037ef425945556a3882912d31dfbe23e71fecce320bf829e7173429609f1e7c,results/raw/few_shot/GPT-5-Mini/Zooniverse/run_05/conceptually_sound.request.json,outputs/raw/few_shot/GPT-5-Mini/Zooniverse/run_05/conceptually_sound.request.json
236,fc61e296a758fca160ae89a45458c0614d7960c3e49ae05019f644bfa6edc8e0,results/raw/few_shot/GPT-5-Mini/Zooniverse/run_01/conflict_free.request.json,outputs/raw/few_shot/GPT-5-Mini/Zooniverse/run_01/conflict_free.request.json
236,fc61e296a758fca160ae89a45458c0614d7960c3e49ae05019f644bfa6edc8e0,results/raw/few_shot/GPT-5-Mini/Zooniverse/run_02/conflict_free.request.json,outputs/raw/few_shot/GPT-5-Mini/Zooniverse/run_02/conflict_free.request.json
236,fc61e296a758fca160ae89a45458c0614d7960c3e49ae05019f644bfa6edc8e0,results/raw/few_shot/GPT-5-Mini/Zooniverse/run_03/conflict_free.request.json,outputs/raw/few_shot/GPT-5-Mini/Zooniverse/run_03/conflict_free.request.json
236,fc61e296a758fca160ae89a45458c0614d7960c3e49ae05019f644bfa6edc8e0,results/raw/few_shot/GPT-5-Mini/Zooniverse/run_04/conflict_free.request.json,outputs/raw/few_shot/GPT-5-Mini/Zooniverse/run_04/conflict_free.request.json
236,fc61e296a758fca160ae89a45458c0614d7960c3e49ae05019f644bfa6edc8e0,results/raw/few_shot/GPT-5-Mini/Zooniverse/run_05/conflict_free.request.json,outputs/raw/few_shot/GPT-5-Mini/Zooniverse/run_05/conflict_free.request.json
237,70e8d13ccc90742e658f6f09b82f8a8564778c15a742b46304a92aea273228b9,results/raw/few_shot/GPT-5-Mini/Zooniverse/run_01/estimatable.request.json,outputs/raw/few_shot/GPT-5-Mini/Zooniverse/run_01/estimatable.request.json
237,70e8d13ccc90742e658f6f09b82f8a8564778c15a742b46304a92aea273228b9,results/raw/few_shot/GPT-5-Mini/Zooniverse/run_02/estimatable.request.json,outputs/raw/few_shot/GPT-5-Mini/Zooniverse/run_02/estimatable.request.json
237,70e8d13ccc90742e658f6f09b82f8a8564778c15a742b46304a92aea273228b9,results/raw/few_shot/GPT-5-Mini/Zooniverse/run_03/estimatable.request.json,outputs/raw/few_shot/GPT-5-Mini/Zooniverse/run_03/estimatable.request.json
237,70e8d13ccc90742e658f6f09b82f8a8564778c15a742b46304a92aea273228b9,results/raw/few_shot/GPT-5-Mini/Zooniverse/run_04/estimatable.request.json,outputs/raw/few_shot/GPT-5-Mini/Zooniverse/run_04/estimatable.request.json
237,70e8d13ccc90742e658f6f09b82f8a8564778c15a742b46304a92aea273228b9,results/raw/few_shot/GPT-5-Mini/Zooniverse/run_05/estimatable.request.json,outputs/raw/few_shot/GPT-5-Mini/Zooniverse/run_05/estimatable.request.json
238,826ee4b8d4949745b1d27d8ac6fb7666b94674629f0bf91544eb738fe554c8e8,results/raw/few_shot/GPT-5-Mini/Zooniverse/run_01/full_sentence.request.json,outputs/raw/few_shot/GPT-5-Mini/Zooniverse/run_01/full_sentence.request.json
238,826ee4b8d4949745b1d27d8ac6fb7666b94674629f0bf91544eb738fe554c8e8,results/raw/few_shot/GPT-5-Mini/Zooniverse/run_02/full_sentence.request.json,outputs/raw/few_shot/GPT-5-Mini/Zooniverse/run_02/full_sentence.request.json
238,826ee4b8d4949745b1d27d8ac6fb7666b94674629f0bf91544eb738fe554c8e8,results/raw/few_shot/GPT-5-Mini/Zooniverse/run_03/full_sentence.request.json,outputs/raw/few_shot/GPT-5-Mini/Zooniverse/run_03/full_sentence.request.json
238,826ee4b8d4949745b1d27d8ac6fb7666b94674629f0bf91544eb738fe554c8e8,results/raw/few_shot/GPT-5-Mini/Zooniverse/run_04/full_sentence.request.json,outputs/raw/few_shot/GPT-5-Mini/Zooniverse/run_04/full_sentence.request.json
238,826ee4b8d4949745b1d27d8ac6fb7666b94674629f0bf91544eb738fe554c8e8,results/raw/few_shot/GPT-5-Mini/Zooniverse/run_05/full_sentence.request.json,outputs/raw/few_shot/GPT-5-Mini/Zooniverse/run_05/full_sentence.request.json
239,7580b8fa7fbe8cc64100c1c1ed4d32472ec02b64fe93c6041a489e035b03941f,results/raw/few_shot/GPT-5-Mini/Zooniverse/run_01/independent.request.json,outputs/raw/few_shot/GPT-5-Mini/Zooniverse/run_01/independent.request.json
239,7580b8fa7fbe8cc64100c1c1ed4d32472ec02b64fe93c6041a489e035b03941f,results/raw/few_shot/GPT-5-Mini/Zooniverse/run_02/independent.request.json,outputs/raw/few_shot/GPT-5-Mini/Zooniverse/run_02/independent.request.json
239,7580b8fa7fbe8cc64100c1c1ed4d32472ec02b64fe93c6041a489e035b03941f,results/raw/few_shot/GPT-5-Mini/Zooniverse/run_03/independent.request.json,outputs/raw/few_shot/GPT-5-Mini/Zooniverse/run_03/independent.request.json
239,7580b8fa7fbe8cc64100c1c1ed4d32472ec02b64fe93c6041a489e035b03941f,results/raw/few_shot/GPT-5-Mini/Zooniverse/run_04/independent.request.json,outputs/raw/few_shot/GPT-5-Mini/Zooniverse/run_04/independent.request.json
239,7580b8fa7fbe8cc64100c1c1ed4d32472ec02b64fe93c6041a489e035b03941f,results/raw/few_shot/GPT-5-Mini/Zooniverse/run_05/independent.request.json,outputs/raw/few_shot/GPT-5-Mini/Zooniverse/run_05/independent.request.json
240,b3ed12ef62c346c31472c269b9eb91055a4a376928ffff0bb559d2ef87d1ab04,results/raw/few_shot/GPT-5-Mini/Zooniverse/run_01/minimal.request.json,outputs/raw/few_shot/GPT-5-Mini/Zooniverse/run_01/minimal.request.json
240,b3ed12ef62c346c31472c269b9eb91055a4a376928ffff0bb559d2ef87d1ab04,results/raw/few_shot/GPT-5-Mini/Zooniverse/run_02/minimal.request.json,outputs/raw/few_shot/GPT-5-Mini/Zooniverse/run_02/minimal.request.json
240,b3ed12ef62c346c31472c269b9eb91055a4a376928ffff0bb559d2ef87d1ab04,results/raw/few_shot/GPT-5-Mini/Zooniverse/run_03/minimal.request.json,outputs/raw/few_shot/GPT-5-Mini/Zooniverse/run_03/minimal.request.json
240,b3ed12ef62c346c31472c269b9eb91055a4a376928ffff0bb559d2ef87d1ab04,results/raw/few_shot/GPT-5-Mini/Zooniverse/run_04/minimal.request.json,outputs/raw/few_shot/GPT-5-Mini/Zooniverse/run_04/minimal.request.json
240,b3ed12ef62c346c31472c269b9eb91055a4a376928ffff0bb559d2ef87d1ab04,results/raw/few_shot/GPT-5-Mini/Zooniverse/run_05/minimal.request.json,outputs/raw/few_shot/GPT-5-Mini/Zooniverse/run_05/minimal.request.json
241,3b364b2acd011968e688cbe1c910f2957377a69d14dd88f7a3b3d58505f33316,results/raw/few_shot/GPT-5-Mini/Zooniverse/run_01/problem_oriented.request.json,outputs/raw/few_shot/GPT-5-Mini/Zooniverse/run_01/problem_oriented.request.json
241,3b364b2acd011968e688cbe1c910f2957377a69d14dd88f7a3b3d58505f33316,results/raw/few_shot/GPT-5-Mini/Zooniverse/run_02/problem_oriented.request.json,outputs/raw/few_shot/GPT-5-Mini/Zooniverse/run_02/problem_oriented.request.json
241,3b364b2acd011968e688cbe1c910f2957377a69d14dd88f7a3b3d58505f33316,results/raw/few_shot/GPT-5-Mini/Zooniverse/run_03/problem_oriented.request.json,outputs/raw/few_shot/GPT-5-Mini/Zooniverse/run_03/problem_oriented.request.json
241,3b364b2acd011968e688cbe1c910f2957377a69d14dd88f7a3b3d58505f33316,results/raw/few_shot/GPT-5-Mini/Zooniverse/run_04/problem_oriented.request.json,outputs/raw/few_shot/GPT-5-Mini/Zooniverse/run_04/problem_oriented.request.json
241,3b364b2acd011968e688cbe1c910f2957377a69d14dd88f7a3b3d58505f33316,results/raw/few_shot/GPT-5-Mini/Zooniverse/run_05/problem_oriented.request.json,outputs/raw/few_shot/GPT-5-Mini/Zooniverse/run_05/problem_oriented.request.json
242,45b0ac8d8f4aa53a72bc62736590a0efc6d18f22442f1f19c51828ead0025962,results/raw/few_shot/GPT-5-Mini/Zooniverse/run_01/unambiguous.request.json,outputs/raw/few_shot/GPT-5-Mini/Zooniverse/run_01/unambiguous.request.json
242,45b0ac8d8f4aa53a72bc62736590a0efc6d18f22442f1f19c51828ead0025962,results/raw/few_shot/GPT-5-Mini/Zooniverse/run_02/unambiguous.request.json,outputs/raw/few_shot/GPT-5-Mini/Zooniverse/run_02/unambiguous.request.json
242,45b0ac8d8f4aa53a72bc62736590a0efc6d18f22442f1f19c51828ead0025962,results/raw/few_shot/GPT-5-Mini/Zooniverse/run_03/unambiguous.request.json,outputs/raw/few_shot/GPT-5-Mini/Zooniverse/run_03/unambiguous.request.json
242,45b0ac8d8f4aa53a72bc62736590a0efc6d18f22442f1f19c51828ead0025962,results/raw/few_shot/GPT-5-Mini/Zooniverse/run_04/unambiguous.request.json,outputs/raw/few_shot/GPT-5-Mini/Zooniverse/run_04/unambiguous.request.json
242,45b0ac8d8f4aa53a72bc62736590a0efc6d18f22442f1f19c51828ead0025962,results/raw/few_shot/GPT-5-Mini/Zooniverse/run_05/unambiguous.request.json,outputs/raw/few_shot/GPT-5-Mini/Zooniverse/run_05/unambiguous.request.json
243,ae54c9344238165519ccdb022b785a3be9f2ab7c208918f874ab6fb857c3973b,results/raw/few_shot/GPT-5-Mini/Zooniverse/run_01/uniform.request.json,outputs/raw/few_shot/GPT-5-Mini/Zooniverse/run_01/uniform.request.json
243,ae54c9344238165519ccdb022b785a3be9f2ab7c208918f874ab6fb857c3973b,results/raw/few_shot/GPT-5-Mini/Zooniverse/run_02/uniform.request.json,outputs/raw/few_shot/GPT-5-Mini/Zooniverse/run_02/uniform.request.json
243,ae54c9344238165519ccdb022b785a3be9f2ab7c208918f874ab6fb857c3973b,results/raw/few_shot/GPT-5-Mini/Zooniverse/run_03/uniform.request.json,outputs/raw/few_shot/GPT-5-Mini/Zooniverse/run_03/uniform.request.json
243,ae54c9344238165519ccdb022b785a3be9f2ab7c208918f874ab6fb857c3973b,results/raw/few_shot/GPT-5-Mini/Zooniverse/run_04/uniform.request.json,outputs/raw/few_shot/GPT-5-Mini/Zooniverse/run_04/uniform.request.json
243,ae54c9344238165519ccdb022b785a3be9f2ab7c208918f874ab6fb857c3973b,results/raw/few_shot/GPT-5-Mini/Zooniverse/run_05/uniform.request.json,outputs/raw/few_shot/GPT-5-Mini/Zooniverse/run_05/uniform.request.json
244,15c223264670a1cde3dfac4829d504e56954c861d47c722515baaffaceb5cf24,results/raw/few_shot/GPT-5-Mini/Zooniverse/run_01/unique.request.json,outputs/raw/few_shot/GPT-5-Mini/Zooniverse/run_01/unique.request.json
244,15c223264670a1cde3dfac4829d504e56954c861d47c722515baaffaceb5cf24,results/raw/few_shot/GPT-5-Mini/Zooniverse/run_02/unique.request.json,outputs/raw/few_shot/GPT-5-Mini/Zooniverse/run_02/unique.request.json
244,15c223264670a1cde3dfac4829d504e56954c861d47c722515baaffaceb5cf24,results/raw/few_shot/GPT-5-Mini/Zooniverse/run_03/unique.request.json,outputs/raw/few_shot/GPT-5-Mini/Zooniverse/run_03/unique.request.json
244,15c223264670a1cde3dfac4829d504e56954c861d47c722515baaffaceb5cf24,results/raw/few_shot/GPT-5-Mini/Zooniverse/run_04/unique.request.json,outputs/raw/few_shot/GPT-5-Mini/Zooniverse/run_04/unique.request.json
244,15c223264670a1cde3dfac4829d504e56954c861d47c722515baaffaceb5cf24,results/raw/few_shot/GPT-5-Mini/Zooniverse/run_05/unique.request.json,outputs/raw/few_shot/GPT-5-Mini/Zooniverse/run_05/unique.request.json
245,88016caad7911fb9fdc1bd50d0ff93bedf08209d19be98f67a4d268b4869e5f5,results/raw/few_shot/GPT-5-Mini/Zooniverse/run_01/well_formed.request.json,outputs/raw/few_shot/GPT-5-Mini/Zooniverse/run_01/well_formed.request.json
245,88016caad7911fb9fdc1bd50d0ff93bedf08209d19be98f67a4d268b4869e5f5,results/raw/few_shot/GPT-5-Mini/Zooniverse/run_02/well_formed.request.json,outputs/raw/few_shot/GPT-5-Mini/Zooniverse/run_02/well_formed.request.json
245,88016caad7911fb9fdc1bd50d0ff93bedf08209d19be98f67a4d268b4869e5f5,results/raw/few_shot/GPT-5-Mini/Zooniverse/run_03/well_formed.request.json,outputs/raw/few_shot/GPT-5-Mini/Zooniverse/run_03/well_formed.request.json
245,88016caad7911fb9fdc1bd50d0ff93bedf08209d19be98f67a4d268b4869e5f5,results/raw/few_shot/GPT-5-Mini/Zooniverse/run_04/well_formed.request.json,outputs/raw/few_shot/GPT-5-Mini/Zooniverse/run_04/well_formed.request.json
245,88016caad7911fb9fdc1bd50d0ff93bedf08209d19be98f67a4d268b4869e5f5,results/raw/few_shot/GPT-5-Mini/Zooniverse/run_05/well_formed.request.json,outputs/raw/few_shot/GPT-5-Mini/Zooniverse/run_05/well_formed.request.json
246,88dc433bf8aa5de9adb4af5935174d7174e623ac5efa1e2e1802305b1dda96da,results/raw/few_shot/Gemini-3.1-Pro-Preview/BADCamp/run_01/atomic.request.json,outputs/raw/few_shot/Gemini-3.1-Pro-Preview/BADCamp/run_01/atomic.request.json
246,88dc433bf8aa5de9adb4af5935174d7174e623ac5efa1e2e1802305b1dda96da,results/raw/few_shot/Gemini-3.1-Pro-Preview/BADCamp/run_02/atomic.request.json,outputs/raw/few_shot/Gemini-3.1-Pro-Preview/BADCamp/run_02/atomic.request.json
246,88dc433bf8aa5de9adb4af5935174d7174e623ac5efa1e2e1802305b1dda96da,results/raw/few_shot/Gemini-3.1-Pro-Preview/BADCamp/run_03/atomic.request.json,outputs/raw/few_shot/Gemini-3.1-Pro-Preview/BADCamp/run_03/atomic.request.json
246,88dc433bf8aa5de9adb4af5935174d7174e623ac5efa1e2e1802305b1dda96da,results/raw/few_shot/Gemini-3.1-Pro-Preview/BADCamp/run_04/atomic.request.json,outputs/raw/few_shot/Gemini-3.1-Pro-Preview/BADCamp/run_04/atomic.request.json
246,88dc433bf8aa5de9adb4af5935174d7174e623ac5efa1e2e1802305b1dda96da,results/raw/few_shot/Gemini-3.1-Pro-Preview/BADCamp/run_05/atomic.request.json,outputs/raw/few_shot/Gemini-3.1-Pro-Preview/BADCamp/run_05/atomic.request.json
247,9b02fd23fba9fc4d00efb9547d971dfe17ed29f6df59631510519ab7224dbac9,results/raw/few_shot/Gemini-3.1-Pro-Preview/BADCamp/run_01/complete.request.json,outputs/raw/few_shot/Gemini-3.1-Pro-Preview/BADCamp/run_01/complete.request.json
247,9b02fd23fba9fc4d00efb9547d971dfe17ed29f6df59631510519ab7224dbac9,results/raw/few_shot/Gemini-3.1-Pro-Preview/BADCamp/run_02/complete.request.json,outputs/raw/few_shot/Gemini-3.1-Pro-Preview/BADCamp/run_02/complete.request.json
247,9b02fd23fba9fc4d00efb9547d971dfe17ed29f6df59631510519ab7224dbac9,results/raw/few_shot/Gemini-3.1-Pro-Preview/BADCamp/run_03/complete.request.json,outputs/raw/few_shot/Gemini-3.1-Pro-Preview/BADCamp/run_03/complete.request.json
247,9b02fd23fba9fc4d00efb9547d971dfe17ed29f6df59631510519ab7224dbac9,results/raw/few_shot/Gemini-3.1-Pro-Preview/BADCamp/run_04/complete.request.json,outputs/raw/few_shot/Gemini-3.1-Pro-Preview/BADCamp/run_04/complete.request.json
247,9b02fd23fba9fc4d00efb9547d971dfe17ed29f6df59631510519ab7224dbac9,results/raw/few_shot/Gemini-3.1-Pro-Preview/BADCamp/run_05/complete.request.json,outputs/raw/few_shot/Gemini-3.1-Pro-Preview/BADCamp/run_05/complete.request.json
248,f46d936b85e12c7aabff41532ebab29083f3484f78612349878e3eb082fd8c63,results/raw/few_shot/Gemini-3.1-Pro-Preview/BADCamp/run_01/conceptually_sound.request.json,outputs/raw/few_shot/Gemini-3.1-Pro-Preview/BADCamp/run_01/conceptually_sound.request.json
248,f46d936b85e12c7aabff41532ebab29083f3484f78612349878e3eb082fd8c63,results/raw/few_shot/Gemini-3.1-Pro-Preview/BADCamp/run_02/conceptually_sound.request.json,outputs/raw/few_shot/Gemini-3.1-Pro-Preview/BADCamp/run_02/conceptually_sound.request.json
248,f46d936b85e12c7aabff41532ebab29083f3484f78612349878e3eb082fd8c63,results/raw/few_shot/Gemini-3.1-Pro-Preview/BADCamp/run_03/conceptually_sound.request.json,outputs/raw/few_shot/Gemini-3.1-Pro-Preview/BADCamp/run_03/conceptually_sound.request.json
248,f46d936b85e12c7aabff41532ebab29083f3484f78612349878e3eb082fd8c63,results/raw/few_shot/Gemini-3.1-Pro-Preview/BADCamp/run_04/conceptually_sound.request.json,outputs/raw/few_shot/Gemini-3.1-Pro-Preview/BADCamp/run_04/conceptually_sound.request.json
248,f46d936b85e12c7aabff41532ebab29083f3484f78612349878e3eb082fd8c63,results/raw/few_shot/Gemini-3.1-Pro-Preview/BADCamp/run_05/conceptually_sound.request.json,outputs/raw/few_shot/Gemini-3.1-Pro-Preview/BADCamp/run_05/conceptually_sound.request.json
249,cfc2ed38ae1ae6821190db5a49c80967de3a5ec4fce82e9d36378ba673c89818,results/raw/few_shot/Gemini-3.1-Pro-Preview/BADCamp/run_01/conflict_free.request.json,outputs/raw/few_shot/Gemini-3.1-Pro-Preview/BADCamp/run_01/conflict_free.request.json
249,cfc2ed38ae1ae6821190db5a49c80967de3a5ec4fce82e9d36378ba673c89818,results/raw/few_shot/Gemini-3.1-Pro-Preview/BADCamp/run_02/conflict_free.request.json,outputs/raw/few_shot/Gemini-3.1-Pro-Preview/BADCamp/run_02/conflict_free.request.json
249,cfc2ed38ae1ae6821190db5a49c80967de3a5ec4fce82e9d36378ba673c89818,results/raw/few_shot/Gemini-3.1-Pro-Preview/BADCamp/run_03/conflict_free.request.json,outputs/raw/few_shot/Gemini-3.1-Pro-Preview/BADCamp/run_03/conflict_free.request.json
249,cfc2ed38ae1ae6821190db5a49c80967de3a5ec4fce82e9d36378ba673c89818,results/raw/few_shot/Gemini-3.1-Pro-Preview/BADCamp/run_04/conflict_free.request.json,outputs/raw/few_shot/Gemini-3.1-Pro-Preview/BADCamp/run_04/conflict_free.request.json
249,cfc2ed38ae1ae6821190db5a49c80967de3a5ec4fce82e9d36378ba673c89818,results/raw/few_shot/Gemini-3.1-Pro-Preview/BADCamp/run_05/conflict_free.request.json,outputs/raw/few_shot/Gemini-3.1-Pro-Preview/BADCamp/run_05/conflict_free.request.json
250,d7467bdd0ff38601781dcf27628d944633ab7fb8231aa0829d0ce5ae0a7013cf,results/raw/few_shot/Gemini-3.1-Pro-Preview/BADCamp/run_01/estimatable.request.json,outputs/raw/few_shot/Gemini-3.1-Pro-Preview/BADCamp/run_01/estimatable.request.json
250,d7467bdd0ff38601781dcf27628d944633ab7fb8231aa0829d0ce5ae0a7013cf,results/raw/few_shot/Gemini-3.1-Pro-Preview/BADCamp/run_02/estimatable.request.json,outputs/raw/few_shot/Gemini-3.1-Pro-Preview/BADCamp/run_02/estimatable.request.json
250,d7467bdd0ff38601781dcf27628d944633ab7fb8231aa0829d0ce5ae0a7013cf,results/raw/few_shot/Gemini-3.1-Pro-Preview/BADCamp/run_03/estimatable.request.json,outputs/raw/few_shot/Gemini-3.1-Pro-Preview/BADCamp/run_03/estimatable.request.json
250,d7467bdd0ff38601781dcf27628d944633ab7fb8231aa0829d0ce5ae0a7013cf,results/raw/few_shot/Gemini-3.1-Pro-Preview/BADCamp/run_04/estimatable.request.json,outputs/raw/few_shot/Gemini-3.1-Pro-Preview/BADCamp/run_04/estimatable.request.json
250,d7467bdd0ff38601781dcf27628d944633ab7fb8231aa0829d0ce5ae0a7013cf,results/raw/few_shot/Gemini-3.1-Pro-Preview/BADCamp/run_05/estimatable.request.json,outputs/raw/few_shot/Gemini-3.1-Pro-Preview/BADCamp/run_05/estimatable.request.json
251,0599a17fa52a59e4e392b8b4ad75d8c01789622f751730341c86b64cbb7dd8ca,results/raw/few_shot/Gemini-3.1-Pro-Preview/BADCamp/run_01/full_sentence.request.json,outputs/raw/few_shot/Gemini-3.1-Pro-Preview/BADCamp/run_01/full_sentence.request.json
251,0599a17fa52a59e4e392b8b4ad75d8c01789622f751730341c86b64cbb7dd8ca,results/raw/few_shot/Gemini-3.1-Pro-Preview/BADCamp/run_02/full_sentence.request.json,outputs/raw/few_shot/Gemini-3.1-Pro-Preview/BADCamp/run_02/full_sentence.request.json
251,0599a17fa52a59e4e392b8b4ad75d8c01789622f751730341c86b64cbb7dd8ca,results/raw/few_shot/Gemini-3.1-Pro-Preview/BADCamp/run_03/full_sentence.request.json,outputs/raw/few_shot/Gemini-3.1-Pro-Preview/BADCamp/run_03/full_sentence.request.json
251,0599a17fa52a59e4e392b8b4ad75d8c01789622f751730341c86b64cbb7dd8ca,results/raw/few_shot/Gemini-3.1-Pro-Preview/BADCamp/run_04/full_sentence.request.json,outputs/raw/few_shot/Gemini-3.1-Pro-Preview/BADCamp/run_04/full_sentence.request.json
251,0599a17fa52a59e4e392b8b4ad75d8c01789622f751730341c86b64cbb7dd8ca,results/raw/few_shot/Gemini-3.1-Pro-Preview/BADCamp/run_05/full_sentence.request.json,outputs/raw/few_shot/Gemini-3.1-Pro-Preview/BADCamp/run_05/full_sentence.request.json
252,f654f5025a4efaf05305bffdbede837da88f6a7f4e8d85ba9edea324f336d9ae,results/raw/few_shot/Gemini-3.1-Pro-Preview/BADCamp/run_01/independent.request.json,outputs/raw/few_shot/Gemini-3.1-Pro-Preview/BADCamp/run_01/independent.request.json
252,f654f5025a4efaf05305bffdbede837da88f6a7f4e8d85ba9edea324f336d9ae,results/raw/few_shot/Gemini-3.1-Pro-Preview/BADCamp/run_02/independent.request.json,outputs/raw/few_shot/Gemini-3.1-Pro-Preview/BADCamp/run_02/independent.request.json
252,f654f5025a4efaf05305bffdbede837da88f6a7f4e8d85ba9edea324f336d9ae,results/raw/few_shot/Gemini-3.1-Pro-Preview/BADCamp/run_03/independent.request.json,outputs/raw/few_shot/Gemini-3.1-Pro-Preview/BADCamp/run_03/independent.request.json
252,f654f5025a4efaf05305bffdbede837da88f6a7f4e8d85ba9edea324f336d9ae,results/raw/few_shot/Gemini-3.1-Pro-Preview/BADCamp/run_04/independent.request.json,outputs/raw/few_shot/Gemini-3.1-Pro-Preview/BADCamp/run_04/independent.request.json
252,f654f5025a4efaf05305bffdbede837da88f6a7f4e8d85ba9edea324f336d9ae,results/raw/few_shot/Gemini-3.1-Pro-Preview/BADCamp/run_05/independent.request.json,outputs/raw/few_shot/Gemini-3.1-Pro-Preview/BADCamp/run_05/independent.request.json
253,893fd15f306ef24fe67a711629ebcd18bb3fe5880d690b71bdcf03391a1e8a16,results/raw/few_shot/Gemini-3.1-Pro-Preview/BADCamp/run_01/minimal.request.json,outputs/raw/few_shot/Gemini-3.1-Pro-Preview/BADCamp/run_01/minimal.request.json
253,893fd15f306ef24fe67a711629ebcd18bb3fe5880d690b71bdcf03391a1e8a16,results/raw/few_shot/Gemini-3.1-Pro-Preview/BADCamp/run_02/minimal.request.json,outputs/raw/few_shot/Gemini-3.1-Pro-Preview/BADCamp/run_02/minimal.request.json
253,893fd15f306ef24fe67a711629ebcd18bb3fe5880d690b71bdcf03391a1e8a16,results/raw/few_shot/Gemini-3.1-Pro-Preview/BADCamp/run_03/minimal.request.json,outputs/raw/few_shot/Gemini-3.1-Pro-Preview/BADCamp/run_03/minimal.request.json
253,893fd15f306ef24fe67a711629ebcd18bb3fe5880d690b71bdcf03391a1e8a16,results/raw/few_shot/Gemini-3.1-Pro-Preview/BADCamp/run_04/minimal.request.json,outputs/raw/few_shot/Gemini-3.1-Pro-Preview/BADCamp/run_04/minimal.request.json
253,893fd15f306ef24fe67a711629ebcd18bb3fe5880d690b71bdcf03391a1e8a16,results/raw/few_shot/Gemini-3.1-Pro-Preview/BADCamp/run_05/minimal.request.json,outputs/raw/few_shot/Gemini-3.1-Pro-Preview/BADCamp/run_05/minimal.request.json
254,faa277ff921216821133f829d3fc916c2f7a8dc8a21a4cb6075382b1c92df33f,results/raw/few_shot/Gemini-3.1-Pro-Preview/BADCamp/run_01/problem_oriented.request.json,outputs/raw/few_shot/Gemini-3.1-Pro-Preview/BADCamp/run_01/problem_oriented.request.json
254,faa277ff921216821133f829d3fc916c2f7a8dc8a21a4cb6075382b1c92df33f,results/raw/few_shot/Gemini-3.1-Pro-Preview/BADCamp/run_02/problem_oriented.request.json,outputs/raw/few_shot/Gemini-3.1-Pro-Preview/BADCamp/run_02/problem_oriented.request.json
254,faa277ff921216821133f829d3fc916c2f7a8dc8a21a4cb6075382b1c92df33f,results/raw/few_shot/Gemini-3.1-Pro-Preview/BADCamp/run_03/problem_oriented.request.json,outputs/raw/few_shot/Gemini-3.1-Pro-Preview/BADCamp/run_03/problem_oriented.request.json
254,faa277ff921216821133f829d3fc916c2f7a8dc8a21a4cb6075382b1c92df33f,results/raw/few_shot/Gemini-3.1-Pro-Preview/BADCamp/run_04/problem_oriented.request.json,outputs/raw/few_shot/Gemini-3.1-Pro-Preview/BADCamp/run_04/problem_oriented.request.json
254,faa277ff921216821133f829d3fc916c2f7a8dc8a21a4cb6075382b1c92df33f,results/raw/few_shot/Gemini-3.1-Pro-Preview/BADCamp/run_05/problem_oriented.request.json,outputs/raw/few_shot/Gemini-3.1-Pro-Preview/BADCamp/run_05/problem_oriented.request.json
255,320e7a124977aa2e01d68b5c47d04557e3eefdba8d38fff65f2ea5f516aa3686,results/raw/few_shot/Gemini-3.1-Pro-Preview/BADCamp/run_01/unambiguous.request.json,outputs/raw/few_shot/Gemini-3.1-Pro-Preview/BADCamp/run_01/unambiguous.request.json
255,320e7a124977aa2e01d68b5c47d04557e3eefdba8d38fff65f2ea5f516aa3686,results/raw/few_shot/Gemini-3.1-Pro-Preview/BADCamp/run_02/unambiguous.request.json,outputs/raw/few_shot/Gemini-3.1-Pro-Preview/BADCamp/run_02/unambiguous.request.json
255,320e7a124977aa2e01d68b5c47d04557e3eefdba8d38fff65f2ea5f516aa3686,results/raw/few_shot/Gemini-3.1-Pro-Preview/BADCamp/run_03/unambiguous.request.json,outputs/raw/few_shot/Gemini-3.1-Pro-Preview/BADCamp/run_03/unambiguous.request.json
255,320e7a124977aa2e01d68b5c47d04557e3eefdba8d38fff65f2ea5f516aa3686,results/raw/few_shot/Gemini-3.1-Pro-Preview/BADCamp/run_04/unambiguous.request.json,outputs/raw/few_shot/Gemini-3.1-Pro-Preview/BADCamp/run_04/unambiguous.request.json
255,320e7a124977aa2e01d68b5c47d04557e3eefdba8d38fff65f2ea5f516aa3686,results/raw/few_shot/Gemini-3.1-Pro-Preview/BADCamp/run_05/unambiguous.request.json,outputs/raw/few_shot/Gemini-3.1-Pro-Preview/BADCamp/run_05/unambiguous.request.json
256,7f2f43119dddda0c195cc3d18f0bd88f59f1286822405683b3fedb5da844121b,results/raw/few_shot/Gemini-3.1-Pro-Preview/BADCamp/run_01/uniform.request.json,outputs/raw/few_shot/Gemini-3.1-Pro-Preview/BADCamp/run_01/uniform.request.json
256,7f2f43119dddda0c195cc3d18f0bd88f59f1286822405683b3fedb5da844121b,results/raw/few_shot/Gemini-3.1-Pro-Preview/BADCamp/run_02/uniform.request.json,outputs/raw/few_shot/Gemini-3.1-Pro-Preview/BADCamp/run_02/uniform.request.json
256,7f2f43119dddda0c195cc3d18f0bd88f59f1286822405683b3fedb5da844121b,results/raw/few_shot/Gemini-3.1-Pro-Preview/BADCamp/run_03/uniform.request.json,outputs/raw/few_shot/Gemini-3.1-Pro-Preview/BADCamp/run_03/uniform.request.json
256,7f2f43119dddda0c195cc3d18f0bd88f59f1286822405683b3fedb5da844121b,results/raw/few_shot/Gemini-3.1-Pro-Preview/BADCamp/run_04/uniform.request.json,outputs/raw/few_shot/Gemini-3.1-Pro-Preview/BADCamp/run_04/uniform.request.json
256,7f2f43119dddda0c195cc3d18f0bd88f59f1286822405683b3fedb5da844121b,results/raw/few_shot/Gemini-3.1-Pro-Preview/BADCamp/run_05/uniform.request.json,outputs/raw/few_shot/Gemini-3.1-Pro-Preview/BADCamp/run_05/uniform.request.json
257,730a244bd397d282c855cc6c61d6812e17a83425f185c9ed744aa7572031e22f,results/raw/few_shot/Gemini-3.1-Pro-Preview/BADCamp/run_01/unique.request.json,outputs/raw/few_shot/Gemini-3.1-Pro-Preview/BADCamp/run_01/unique.request.json
257,730a244bd397d282c855cc6c61d6812e17a83425f185c9ed744aa7572031e22f,results/raw/few_shot/Gemini-3.1-Pro-Preview/BADCamp/run_02/unique.request.json,outputs/raw/few_shot/Gemini-3.1-Pro-Preview/BADCamp/run_02/unique.request.json
257,730a244bd397d282c855cc6c61d6812e17a83425f185c9ed744aa7572031e22f,results/raw/few_shot/Gemini-3.1-Pro-Preview/BADCamp/run_03/unique.request.json,outputs/raw/few_shot/Gemini-3.1-Pro-Preview/BADCamp/run_03/unique.request.json
257,730a244bd397d282c855cc6c61d6812e17a83425f185c9ed744aa7572031e22f,results/raw/few_shot/Gemini-3.1-Pro-Preview/BADCamp/run_04/unique.request.json,outputs/raw/few_shot/Gemini-3.1-Pro-Preview/BADCamp/run_04/unique.request.json
257,730a244bd397d282c855cc6c61d6812e17a83425f185c9ed744aa7572031e22f,results/raw/few_shot/Gemini-3.1-Pro-Preview/BADCamp/run_05/unique.request.json,outputs/raw/few_shot/Gemini-3.1-Pro-Preview/BADCamp/run_05/unique.request.json
258,7e237672d1bb0cf0eda2fedcdf7c3352188b5c87934e4f607d8ea90edd510d0b,results/raw/few_shot/Gemini-3.1-Pro-Preview/BADCamp/run_01/well_formed.request.json,outputs/raw/few_shot/Gemini-3.1-Pro-Preview/BADCamp/run_01/well_formed.request.json
258,7e237672d1bb0cf0eda2fedcdf7c3352188b5c87934e4f607d8ea90edd510d0b,results/raw/few_shot/Gemini-3.1-Pro-Preview/BADCamp/run_02/well_formed.request.json,outputs/raw/few_shot/Gemini-3.1-Pro-Preview/BADCamp/run_02/well_formed.request.json
258,7e237672d1bb0cf0eda2fedcdf7c3352188b5c87934e4f607d8ea90edd510d0b,results/raw/few_shot/Gemini-3.1-Pro-Preview/BADCamp/run_03/well_formed.request.json,outputs/raw/few_shot/Gemini-3.1-Pro-Preview/BADCamp/run_03/well_formed.request.json
258,7e237672d1bb0cf0eda2fedcdf7c3352188b5c87934e4f607d8ea90edd510d0b,results/raw/few_shot/Gemini-3.1-Pro-Preview/BADCamp/run_04/well_formed.request.json,outputs/raw/few_shot/Gemini-3.1-Pro-Preview/BADCamp/run_04/well_formed.request.json
258,7e237672d1bb0cf0eda2fedcdf7c3352188b5c87934e4f607d8ea90edd510d0b,results/raw/few_shot/Gemini-3.1-Pro-Preview/BADCamp/run_05/well_formed.request.json,outputs/raw/few_shot/Gemini-3.1-Pro-Preview/BADCamp/run_05/well_formed.request.json
259,afa3a62f7838fdcc9acfc3f6a7f13991e99fc966080c80a301a538bc122042a7,results/raw/few_shot/Gemini-3.1-Pro-Preview/PlanningPoker/run_01/atomic.request.json,outputs/raw/few_shot/Gemini-3.1-Pro-Preview/PlanningPoker/run_01/atomic.request.json
259,afa3a62f7838fdcc9acfc3f6a7f13991e99fc966080c80a301a538bc122042a7,results/raw/few_shot/Gemini-3.1-Pro-Preview/PlanningPoker/run_02/atomic.request.json,outputs/raw/few_shot/Gemini-3.1-Pro-Preview/PlanningPoker/run_02/atomic.request.json
259,afa3a62f7838fdcc9acfc3f6a7f13991e99fc966080c80a301a538bc122042a7,results/raw/few_shot/Gemini-3.1-Pro-Preview/PlanningPoker/run_03/atomic.request.json,outputs/raw/few_shot/Gemini-3.1-Pro-Preview/PlanningPoker/run_03/atomic.request.json
259,afa3a62f7838fdcc9acfc3f6a7f13991e99fc966080c80a301a538bc122042a7,results/raw/few_shot/Gemini-3.1-Pro-Preview/PlanningPoker/run_04/atomic.request.json,outputs/raw/few_shot/Gemini-3.1-Pro-Preview/PlanningPoker/run_04/atomic.request.json
259,afa3a62f7838fdcc9acfc3f6a7f13991e99fc966080c80a301a538bc122042a7,results/raw/few_shot/Gemini-3.1-Pro-Preview/PlanningPoker/run_05/atomic.request.json,outputs/raw/few_shot/Gemini-3.1-Pro-Preview/PlanningPoker/run_05/atomic.request.json
260,fb8bceff7e00efc094d36dd82505295f6cd355e5b754f204b3769d0191950f66,results/raw/few_shot/Gemini-3.1-Pro-Preview/PlanningPoker/run_01/complete.request.json,outputs/raw/few_shot/Gemini-3.1-Pro-Preview/PlanningPoker/run_01/complete.request.json
260,fb8bceff7e00efc094d36dd82505295f6cd355e5b754f204b3769d0191950f66,results/raw/few_shot/Gemini-3.1-Pro-Preview/PlanningPoker/run_02/complete.request.json,outputs/raw/few_shot/Gemini-3.1-Pro-Preview/PlanningPoker/run_02/complete.request.json
260,fb8bceff7e00efc094d36dd82505295f6cd355e5b754f204b3769d0191950f66,results/raw/few_shot/Gemini-3.1-Pro-Preview/PlanningPoker/run_03/complete.request.json,outputs/raw/few_shot/Gemini-3.1-Pro-Preview/PlanningPoker/run_03/complete.request.json
260,fb8bceff7e00efc094d36dd82505295f6cd355e5b754f204b3769d0191950f66,results/raw/few_shot/Gemini-3.1-Pro-Preview/PlanningPoker/run_04/complete.request.json,outputs/raw/few_shot/Gemini-3.1-Pro-Preview/PlanningPoker/run_04/complete.request.json
260,fb8bceff7e00efc094d36dd82505295f6cd355e5b754f204b3769d0191950f66,results/raw/few_shot/Gemini-3.1-Pro-Preview/PlanningPoker/run_05/complete.request.json,outputs/raw/few_shot/Gemini-3.1-Pro-Preview/PlanningPoker/run_05/complete.request.json
261,6471ebca296fa91e024f178b0e0cc9d31cd1708332a1ac09e1e4492ff24f8635,results/raw/few_shot/Gemini-3.1-Pro-Preview/PlanningPoker/run_01/conceptually_sound.request.json,outputs/raw/few_shot/Gemini-3.1-Pro-Preview/PlanningPoker/run_01/conceptually_sound.request.json
261,6471ebca296fa91e024f178b0e0cc9d31cd1708332a1ac09e1e4492ff24f8635,results/raw/few_shot/Gemini-3.1-Pro-Preview/PlanningPoker/run_02/conceptually_sound.request.json,outputs/raw/few_shot/Gemini-3.1-Pro-Preview/PlanningPoker/run_02/conceptually_sound.request.json
261,6471ebca296fa91e024f178b0e0cc9d31cd1708332a1ac09e1e4492ff24f8635,results/raw/few_shot/Gemini-3.1-Pro-Preview/PlanningPoker/run_03/conceptually_sound.request.json,outputs/raw/few_shot/Gemini-3.1-Pro-Preview/PlanningPoker/run_03/conceptually_sound.request.json
261,6471ebca296fa91e024f178b0e0cc9d31cd1708332a1ac09e1e4492ff24f8635,results/raw/few_shot/Gemini-3.1-Pro-Preview/PlanningPoker/run_04/conceptually_sound.request.json,outputs/raw/few_shot/Gemini-3.1-Pro-Preview/PlanningPoker/run_04/conceptually_sound.request.json
261,6471ebca296fa91e024f178b0e0cc9d31cd1708332a1ac09e1e4492ff24f8635,results/raw/few_shot/Gemini-3.1-Pro-Preview/PlanningPoker/run_05/conceptually_sound.request.json,outputs/raw/few_shot/Gemini-3.1-Pro-Preview/PlanningPoker/run_05/conceptually_sound.request.json
262,ed7a0e802b64fd7723501fbcf783722241e59b21fe161c7266edbce132fdf8c2,results/raw/few_shot/Gemini-3.1-Pro-Preview/PlanningPoker/run_01/conflict_free.request.json,outputs/raw/few_shot/Gemini-3.1-Pro-Preview/PlanningPoker/run_01/conflict_free.request.json
262,ed7a0e802b64fd7723501fbcf783722241e59b21fe161c7266edbce132fdf8c2,results/raw/few_shot/Gemini-3.1-Pro-Preview/PlanningPoker/run_02/conflict_free.request.json,outputs/raw/few_shot/Gemini-3.1-Pro-Preview/PlanningPoker/run_02/conflict_free.request.json
262,ed7a0e802b64fd7723501fbcf783722241e59b21fe161c7266edbce132fdf8c2,results/raw/few_shot/Gemini-3.1-Pro-Preview/PlanningPoker/run_03/conflict_free.request.json,outputs/raw/few_shot/Gemini-3.1-Pro-Preview/PlanningPoker/run_03/conflict_free.request.json
262,ed7a0e802b64fd7723501fbcf783722241e59b21fe161c7266edbce132fdf8c2,results/raw/few_shot/Gemini-3.1-Pro-Preview/PlanningPoker/run_04/conflict_free.request.json,outputs/raw/few_shot/Gemini-3.1-Pro-Preview/PlanningPoker/run_04/conflict_free.request.json
262,ed7a0e802b64fd7723501fbcf783722241e59b21fe161c7266edbce132fdf8c2,results/raw/few_shot/Gemini-3.1-Pro-Preview/PlanningPoker/run_05/conflict_free.request.json,outputs/raw/few_shot/Gemini-3.1-Pro-Preview/PlanningPoker/run_05/conflict_free.request.json
263,547e1c94fdd24da4719ec044c7f7b8428f402aa7216770207900b2843dfc7a5b,results/raw/few_shot/Gemini-3.1-Pro-Preview/PlanningPoker/run_01/estimatable.request.json,outputs/raw/few_shot/Gemini-3.1-Pro-Preview/PlanningPoker/run_01/estimatable.request.json
263,547e1c94fdd24da4719ec044c7f7b8428f402aa7216770207900b2843dfc7a5b,results/raw/few_shot/Gemini-3.1-Pro-Preview/PlanningPoker/run_02/estimatable.request.json,outputs/raw/few_shot/Gemini-3.1-Pro-Preview/PlanningPoker/run_02/estimatable.request.json
263,547e1c94fdd24da4719ec044c7f7b8428f402aa7216770207900b2843dfc7a5b,results/raw/few_shot/Gemini-3.1-Pro-Preview/PlanningPoker/run_03/estimatable.request.json,outputs/raw/few_shot/Gemini-3.1-Pro-Preview/PlanningPoker/run_03/estimatable.request.json
263,547e1c94fdd24da4719ec044c7f7b8428f402aa7216770207900b2843dfc7a5b,results/raw/few_shot/Gemini-3.1-Pro-Preview/PlanningPoker/run_04/estimatable.request.json,outputs/raw/few_shot/Gemini-3.1-Pro-Preview/PlanningPoker/run_04/estimatable.request.json
263,547e1c94fdd24da4719ec044c7f7b8428f402aa7216770207900b2843dfc7a5b,results/raw/few_shot/Gemini-3.1-Pro-Preview/PlanningPoker/run_05/estimatable.request.json,outputs/raw/few_shot/Gemini-3.1-Pro-Preview/PlanningPoker/run_05/estimatable.request.json
264,6904642a2228c67be52162cadba616b2071a524025a7ad4499d6d86e697bc4d7,results/raw/few_shot/Gemini-3.1-Pro-Preview/PlanningPoker/run_01/full_sentence.request.json,outputs/raw/few_shot/Gemini-3.1-Pro-Preview/PlanningPoker/run_01/full_sentence.request.json
264,6904642a2228c67be52162cadba616b2071a524025a7ad4499d6d86e697bc4d7,results/raw/few_shot/Gemini-3.1-Pro-Preview/PlanningPoker/run_02/full_sentence.request.json,outputs/raw/few_shot/Gemini-3.1-Pro-Preview/PlanningPoker/run_02/full_sentence.request.json
264,6904642a2228c67be52162cadba616b2071a524025a7ad4499d6d86e697bc4d7,results/raw/few_shot/Gemini-3.1-Pro-Preview/PlanningPoker/run_03/full_sentence.request.json,outputs/raw/few_shot/Gemini-3.1-Pro-Preview/PlanningPoker/run_03/full_sentence.request.json
264,6904642a2228c67be52162cadba616b2071a524025a7ad4499d6d86e697bc4d7,results/raw/few_shot/Gemini-3.1-Pro-Preview/PlanningPoker/run_04/full_sentence.request.json,outputs/raw/few_shot/Gemini-3.1-Pro-Preview/PlanningPoker/run_04/full_sentence.request.json
264,6904642a2228c67be52162cadba616b2071a524025a7ad4499d6d86e697bc4d7,results/raw/few_shot/Gemini-3.1-Pro-Preview/PlanningPoker/run_05/full_sentence.request.json,outputs/raw/few_shot/Gemini-3.1-Pro-Preview/PlanningPoker/run_05/full_sentence.request.json
265,105e56f6ab8127a72c7f0f5cbd7c6296a2a65b9b9d08ab09fc639608ddf61fbd,results/raw/few_shot/Gemini-3.1-Pro-Preview/PlanningPoker/run_01/independent.request.json,outputs/raw/few_shot/Gemini-3.1-Pro-Preview/PlanningPoker/run_01/independent.request.json
265,105e56f6ab8127a72c7f0f5cbd7c6296a2a65b9b9d08ab09fc639608ddf61fbd,results/raw/few_shot/Gemini-3.1-Pro-Preview/PlanningPoker/run_02/independent.request.json,outputs/raw/few_shot/Gemini-3.1-Pro-Preview/PlanningPoker/run_02/independent.request.json
265,105e56f6ab8127a72c7f0f5cbd7c6296a2a65b9b9d08ab09fc639608ddf61fbd,results/raw/few_shot/Gemini-3.1-Pro-Preview/PlanningPoker/run_03/independent.request.json,outputs/raw/few_shot/Gemini-3.1-Pro-Preview/PlanningPoker/run_03/independent.request.json
265,105e56f6ab8127a72c7f0f5cbd7c6296a2a65b9b9d08ab09fc639608ddf61fbd,results/raw/few_shot/Gemini-3.1-Pro-Preview/PlanningPoker/run_04/independent.request.json,outputs/raw/few_shot/Gemini-3.1-Pro-Preview/PlanningPoker/run_04/independent.request.json
265,105e56f6ab8127a72c7f0f5cbd7c6296a2a65b9b9d08ab09fc639608ddf61fbd,results/raw/few_shot/Gemini-3.1-Pro-Preview/PlanningPoker/run_05/independent.request.json,outputs/raw/few_shot/Gemini-3.1-Pro-Preview/PlanningPoker/run_05/independent.request.json
266,ac7f7c613a88ef061ede161d32dc01a682e8776f7a7105c0b125d60c01a572f6,results/raw/few_shot/Gemini-3.1-Pro-Preview/PlanningPoker/run_01/minimal.request.json,outputs/raw/few_shot/Gemini-3.1-Pro-Preview/PlanningPoker/run_01/minimal.request.json
266,ac7f7c613a88ef061ede161d32dc01a682e8776f7a7105c0b125d60c01a572f6,results/raw/few_shot/Gemini-3.1-Pro-Preview/PlanningPoker/run_02/minimal.request.json,outputs/raw/few_shot/Gemini-3.1-Pro-Preview/PlanningPoker/run_02/minimal.request.json
266,ac7f7c613a88ef061ede161d32dc01a682e8776f7a7105c0b125d60c01a572f6,results/raw/few_shot/Gemini-3.1-Pro-Preview/PlanningPoker/run_03/minimal.request.json,outputs/raw/few_shot/Gemini-3.1-Pro-Preview/PlanningPoker/run_03/minimal.request.json
266,ac7f7c613a88ef061ede161d32dc01a682e8776f7a7105c0b125d60c01a572f6,results/raw/few_shot/Gemini-3.1-Pro-Preview/PlanningPoker/run_04/minimal.request.json,outputs/raw/few_shot/Gemini-3.1-Pro-Preview/PlanningPoker/run_04/minimal.request.json
266,ac7f7c613a88ef061ede161d32dc01a682e8776f7a7105c0b125d60c01a572f6,results/raw/few_shot/Gemini-3.1-Pro-Preview/PlanningPoker/run_05/minimal.request.json,outputs/raw/few_shot/Gemini-3.1-Pro-Preview/PlanningPoker/run_05/minimal.request.json
267,9fe44e48135f156505d3ab3ec950e7657aa130c8699911d8fcb3a11f47d1f598,results/raw/few_shot/Gemini-3.1-Pro-Preview/PlanningPoker/run_01/problem_oriented.request.json,outputs/raw/few_shot/Gemini-3.1-Pro-Preview/PlanningPoker/run_01/problem_oriented.request.json
267,9fe44e48135f156505d3ab3ec950e7657aa130c8699911d8fcb3a11f47d1f598,results/raw/few_shot/Gemini-3.1-Pro-Preview/PlanningPoker/run_02/problem_oriented.request.json,outputs/raw/few_shot/Gemini-3.1-Pro-Preview/PlanningPoker/run_02/problem_oriented.request.json
267,9fe44e48135f156505d3ab3ec950e7657aa130c8699911d8fcb3a11f47d1f598,results/raw/few_shot/Gemini-3.1-Pro-Preview/PlanningPoker/run_03/problem_oriented.request.json,outputs/raw/few_shot/Gemini-3.1-Pro-Preview/PlanningPoker/run_03/problem_oriented.request.json
267,9fe44e48135f156505d3ab3ec950e7657aa130c8699911d8fcb3a11f47d1f598,results/raw/few_shot/Gemini-3.1-Pro-Preview/PlanningPoker/run_04/problem_oriented.request.json,outputs/raw/few_shot/Gemini-3.1-Pro-Preview/PlanningPoker/run_04/problem_oriented.request.json
267,9fe44e48135f156505d3ab3ec950e7657aa130c8699911d8fcb3a11f47d1f598,results/raw/few_shot/Gemini-3.1-Pro-Preview/PlanningPoker/run_05/problem_oriented.request.json,outputs/raw/few_shot/Gemini-3.1-Pro-Preview/PlanningPoker/run_05/problem_oriented.request.json
268,c089c477a4ab956b25092dcee4677beda1475c29c9a23e71dd7b607f7cf0a193,results/raw/few_shot/Gemini-3.1-Pro-Preview/PlanningPoker/run_01/unambiguous.request.json,outputs/raw/few_shot/Gemini-3.1-Pro-Preview/PlanningPoker/run_01/unambiguous.request.json
268,c089c477a4ab956b25092dcee4677beda1475c29c9a23e71dd7b607f7cf0a193,results/raw/few_shot/Gemini-3.1-Pro-Preview/PlanningPoker/run_02/unambiguous.request.json,outputs/raw/few_shot/Gemini-3.1-Pro-Preview/PlanningPoker/run_02/unambiguous.request.json
268,c089c477a4ab956b25092dcee4677beda1475c29c9a23e71dd7b607f7cf0a193,results/raw/few_shot/Gemini-3.1-Pro-Preview/PlanningPoker/run_03/unambiguous.request.json,outputs/raw/few_shot/Gemini-3.1-Pro-Preview/PlanningPoker/run_03/unambiguous.request.json
268,c089c477a4ab956b25092dcee4677beda1475c29c9a23e71dd7b607f7cf0a193,results/raw/few_shot/Gemini-3.1-Pro-Preview/PlanningPoker/run_04/unambiguous.request.json,outputs/raw/few_shot/Gemini-3.1-Pro-Preview/PlanningPoker/run_04/unambiguous.request.json
268,c089c477a4ab956b25092dcee4677beda1475c29c9a23e71dd7b607f7cf0a193,results/raw/few_shot/Gemini-3.1-Pro-Preview/PlanningPoker/run_05/unambiguous.request.json,outputs/raw/few_shot/Gemini-3.1-Pro-Preview/PlanningPoker/run_05/unambiguous.request.json
269,502f22e73e47844a24f850ecf121ca15b85aa40516d5df9677cabf4e4f9b5274,results/raw/few_shot/Gemini-3.1-Pro-Preview/PlanningPoker/run_01/uniform.request.json,outputs/raw/few_shot/Gemini-3.1-Pro-Preview/PlanningPoker/run_01/uniform.request.json
269,502f22e73e47844a24f850ecf121ca15b85aa40516d5df9677cabf4e4f9b5274,results/raw/few_shot/Gemini-3.1-Pro-Preview/PlanningPoker/run_02/uniform.request.json,outputs/raw/few_shot/Gemini-3.1-Pro-Preview/PlanningPoker/run_02/uniform.request.json
269,502f22e73e47844a24f850ecf121ca15b85aa40516d5df9677cabf4e4f9b5274,results/raw/few_shot/Gemini-3.1-Pro-Preview/PlanningPoker/run_03/uniform.request.json,outputs/raw/few_shot/Gemini-3.1-Pro-Preview/PlanningPoker/run_03/uniform.request.json
269,502f22e73e47844a24f850ecf121ca15b85aa40516d5df9677cabf4e4f9b5274,results/raw/few_shot/Gemini-3.1-Pro-Preview/PlanningPoker/run_04/uniform.request.json,outputs/raw/few_shot/Gemini-3.1-Pro-Preview/PlanningPoker/run_04/uniform.request.json
269,502f22e73e47844a24f850ecf121ca15b85aa40516d5df9677cabf4e4f9b5274,results/raw/few_shot/Gemini-3.1-Pro-Preview/PlanningPoker/run_05/uniform.request.json,outputs/raw/few_shot/Gemini-3.1-Pro-Preview/PlanningPoker/run_05/uniform.request.json
270,cf4758e44a6fa44182ad3021c3459013c150225bfc52a8b89f0fec6c1da5ca64,results/raw/few_shot/Gemini-3.1-Pro-Preview/PlanningPoker/run_01/unique.request.json,outputs/raw/few_shot/Gemini-3.1-Pro-Preview/PlanningPoker/run_01/unique.request.json
270,cf4758e44a6fa44182ad3021c3459013c150225bfc52a8b89f0fec6c1da5ca64,results/raw/few_shot/Gemini-3.1-Pro-Preview/PlanningPoker/run_02/unique.request.json,outputs/raw/few_shot/Gemini-3.1-Pro-Preview/PlanningPoker/run_02/unique.request.json
270,cf4758e44a6fa44182ad3021c3459013c150225bfc52a8b89f0fec6c1da5ca64,results/raw/few_shot/Gemini-3.1-Pro-Preview/PlanningPoker/run_03/unique.request.json,outputs/raw/few_shot/Gemini-3.1-Pro-Preview/PlanningPoker/run_03/unique.request.json
270,cf4758e44a6fa44182ad3021c3459013c150225bfc52a8b89f0fec6c1da5ca64,results/raw/few_shot/Gemini-3.1-Pro-Preview/PlanningPoker/run_04/unique.request.json,outputs/raw/few_shot/Gemini-3.1-Pro-Preview/PlanningPoker/run_04/unique.request.json
270,cf4758e44a6fa44182ad3021c3459013c150225bfc52a8b89f0fec6c1da5ca64,results/raw/few_shot/Gemini-3.1-Pro-Preview/PlanningPoker/run_05/unique.request.json,outputs/raw/few_shot/Gemini-3.1-Pro-Preview/PlanningPoker/run_05/unique.request.json
271,d49c148d4a675c981ef2c190a0f42497ead1cbbacf494ecc2357c587f32f87e4,results/raw/few_shot/Gemini-3.1-Pro-Preview/PlanningPoker/run_01/well_formed.request.json,outputs/raw/few_shot/Gemini-3.1-Pro-Preview/PlanningPoker/run_01/well_formed.request.json
271,d49c148d4a675c981ef2c190a0f42497ead1cbbacf494ecc2357c587f32f87e4,results/raw/few_shot/Gemini-3.1-Pro-Preview/PlanningPoker/run_02/well_formed.request.json,outputs/raw/few_shot/Gemini-3.1-Pro-Preview/PlanningPoker/run_02/well_formed.request.json
271,d49c148d4a675c981ef2c190a0f42497ead1cbbacf494ecc2357c587f32f87e4,results/raw/few_shot/Gemini-3.1-Pro-Preview/PlanningPoker/run_03/well_formed.request.json,outputs/raw/few_shot/Gemini-3.1-Pro-Preview/PlanningPoker/run_03/well_formed.request.json
271,d49c148d4a675c981ef2c190a0f42497ead1cbbacf494ecc2357c587f32f87e4,results/raw/few_shot/Gemini-3.1-Pro-Preview/PlanningPoker/run_04/well_formed.request.json,outputs/raw/few_shot/Gemini-3.1-Pro-Preview/PlanningPoker/run_04/well_formed.request.json
271,d49c148d4a675c981ef2c190a0f42497ead1cbbacf494ecc2357c587f32f87e4,results/raw/few_shot/Gemini-3.1-Pro-Preview/PlanningPoker/run_05/well_formed.request.json,outputs/raw/few_shot/Gemini-3.1-Pro-Preview/PlanningPoker/run_05/well_formed.request.json
272,607a2248be5aca3876b16197e58b35849b80077be2a84da14cbab15ecd687dd4,results/raw/few_shot/Gemini-3.1-Pro-Preview/Zooniverse/run_01/atomic.request.json,outputs/raw/few_shot/Gemini-3.1-Pro-Preview/Zooniverse/run_01/atomic.request.json
272,607a2248be5aca3876b16197e58b35849b80077be2a84da14cbab15ecd687dd4,results/raw/few_shot/Gemini-3.1-Pro-Preview/Zooniverse/run_02/atomic.request.json,outputs/raw/few_shot/Gemini-3.1-Pro-Preview/Zooniverse/run_02/atomic.request.json
272,607a2248be5aca3876b16197e58b35849b80077be2a84da14cbab15ecd687dd4,results/raw/few_shot/Gemini-3.1-Pro-Preview/Zooniverse/run_03/atomic.request.json,outputs/raw/few_shot/Gemini-3.1-Pro-Preview/Zooniverse/run_03/atomic.request.json
272,607a2248be5aca3876b16197e58b35849b80077be2a84da14cbab15ecd687dd4,results/raw/few_shot/Gemini-3.1-Pro-Preview/Zooniverse/run_04/atomic.request.json,outputs/raw/few_shot/Gemini-3.1-Pro-Preview/Zooniverse/run_04/atomic.request.json
272,607a2248be5aca3876b16197e58b35849b80077be2a84da14cbab15ecd687dd4,results/raw/few_shot/Gemini-3.1-Pro-Preview/Zooniverse/run_05/atomic.request.json,outputs/raw/few_shot/Gemini-3.1-Pro-Preview/Zooniverse/run_05/atomic.request.json
273,8f7d6d0311720b0af907fda679d694e89d620c0b7ebb4f1e621fa2718c613872,results/raw/few_shot/Gemini-3.1-Pro-Preview/Zooniverse/run_01/complete.request.json,outputs/raw/few_shot/Gemini-3.1-Pro-Preview/Zooniverse/run_01/complete.request.json
273,8f7d6d0311720b0af907fda679d694e89d620c0b7ebb4f1e621fa2718c613872,results/raw/few_shot/Gemini-3.1-Pro-Preview/Zooniverse/run_02/complete.request.json,outputs/raw/few_shot/Gemini-3.1-Pro-Preview/Zooniverse/run_02/complete.request.json
273,8f7d6d0311720b0af907fda679d694e89d620c0b7ebb4f1e621fa2718c613872,results/raw/few_shot/Gemini-3.1-Pro-Preview/Zooniverse/run_03/complete.request.json,outputs/raw/few_shot/Gemini-3.1-Pro-Preview/Zooniverse/run_03/complete.request.json
273,8f7d6d0311720b0af907fda679d694e89d620c0b7ebb4f1e621fa2718c613872,results/raw/few_shot/Gemini-3.1-Pro-Preview/Zooniverse/run_04/complete.request.json,outputs/raw/few_shot/Gemini-3.1-Pro-Preview/Zooniverse/run_04/complete.request.json
273,8f7d6d0311720b0af907fda679d694e89d620c0b7ebb4f1e621fa2718c613872,results/raw/few_shot/Gemini-3.1-Pro-Preview/Zooniverse/run_05/complete.request.json,outputs/raw/few_shot/Gemini-3.1-Pro-Preview/Zooniverse/run_05/complete.request.json
274,59a99f00ab473b726a38ff897452d233cb78e8b8c26a0d3be6fb360e476bff9a,results/raw/few_shot/Gemini-3.1-Pro-Preview/Zooniverse/run_01/conceptually_sound.request.json,outputs/raw/few_shot/Gemini-3.1-Pro-Preview/Zooniverse/run_01/conceptually_sound.request.json
274,59a99f00ab473b726a38ff897452d233cb78e8b8c26a0d3be6fb360e476bff9a,results/raw/few_shot/Gemini-3.1-Pro-Preview/Zooniverse/run_02/conceptually_sound.request.json,outputs/raw/few_shot/Gemini-3.1-Pro-Preview/Zooniverse/run_02/conceptually_sound.request.json
274,59a99f00ab473b726a38ff897452d233cb78e8b8c26a0d3be6fb360e476bff9a,results/raw/few_shot/Gemini-3.1-Pro-Preview/Zooniverse/run_03/conceptually_sound.request.json,outputs/raw/few_shot/Gemini-3.1-Pro-Preview/Zooniverse/run_03/conceptually_sound.request.json
274,59a99f00ab473b726a38ff897452d233cb78e8b8c26a0d3be6fb360e476bff9a,results/raw/few_shot/Gemini-3.1-Pro-Preview/Zooniverse/run_04/conceptually_sound.request.json,outputs/raw/few_shot/Gemini-3.1-Pro-Preview/Zooniverse/run_04/conceptually_sound.request.json
274,59a99f00ab473b726a38ff897452d233cb78e8b8c26a0d3be6fb360e476bff9a,results/raw/few_shot/Gemini-3.1-Pro-Preview/Zooniverse/run_05/conceptually_sound.request.json,outputs/raw/few_shot/Gemini-3.1-Pro-Preview/Zooniverse/run_05/conceptually_sound.request.json
275,39cdb6f29185b6c621495817fbdb5392d15b4c34db39d997beb6171cdd733dc7,results/raw/few_shot/Gemini-3.1-Pro-Preview/Zooniverse/run_01/conflict_free.request.json,outputs/raw/few_shot/Gemini-3.1-Pro-Preview/Zooniverse/run_01/conflict_free.request.json
275,39cdb6f29185b6c621495817fbdb5392d15b4c34db39d997beb6171cdd733dc7,results/raw/few_shot/Gemini-3.1-Pro-Preview/Zooniverse/run_02/conflict_free.request.json,outputs/raw/few_shot/Gemini-3.1-Pro-Preview/Zooniverse/run_02/conflict_free.request.json
275,39cdb6f29185b6c621495817fbdb5392d15b4c34db39d997beb6171cdd733dc7,results/raw/few_shot/Gemini-3.1-Pro-Preview/Zooniverse/run_03/conflict_free.request.json,outputs/raw/few_shot/Gemini-3.1-Pro-Preview/Zooniverse/run_03/conflict_free.request.json
275,39cdb6f29185b6c621495817fbdb5392d15b4c34db39d997beb6171cdd733dc7,results/raw/few_shot/Gemini-3.1-Pro-Preview/Zooniverse/run_04/conflict_free.request.json,outputs/raw/few_shot/Gemini-3.1-Pro-Preview/Zooniverse/run_04/conflict_free.request.json
275,39cdb6f29185b6c621495817fbdb5392d15b4c34db39d997beb6171cdd733dc7,results/raw/few_shot/Gemini-3.1-Pro-Preview/Zooniverse/run_05/conflict_free.request.json,outputs/raw/few_shot/Gemini-3.1-Pro-Preview/Zooniverse/run_05/conflict_free.request.json
276,5d96d2c364a2e0ef6101f63c374124d452b17e620aad9bc2d3464685b168a1de,results/raw/few_shot/Gemini-3.1-Pro-Preview/Zooniverse/run_01/estimatable.request.json,outputs/raw/few_shot/Gemini-3.1-Pro-Preview/Zooniverse/run_01/estimatable.request.json
276,5d96d2c364a2e0ef6101f63c374124d452b17e620aad9bc2d3464685b168a1de,results/raw/few_shot/Gemini-3.1-Pro-Preview/Zooniverse/run_02/estimatable.request.json,outputs/raw/few_shot/Gemini-3.1-Pro-Preview/Zooniverse/run_02/estimatable.request.json
276,5d96d2c364a2e0ef6101f63c374124d452b17e620aad9bc2d3464685b168a1de,results/raw/few_shot/Gemini-3.1-Pro-Preview/Zooniverse/run_03/estimatable.request.json,outputs/raw/few_shot/Gemini-3.1-Pro-Preview/Zooniverse/run_03/estimatable.request.json
276,5d96d2c364a2e0ef6101f63c374124d452b17e620aad9bc2d3464685b168a1de,results/raw/few_shot/Gemini-3.1-Pro-Preview/Zooniverse/run_04/estimatable.request.json,outputs/raw/few_shot/Gemini-3.1-Pro-Preview/Zooniverse/run_04/estimatable.request.json
276,5d96d2c364a2e0ef6101f63c374124d452b17e620aad9bc2d3464685b168a1de,results/raw/few_shot/Gemini-3.1-Pro-Preview/Zooniverse/run_05/estimatable.request.json,outputs/raw/few_shot/Gemini-3.1-Pro-Preview/Zooniverse/run_05/estimatable.request.json
277,7368f04b3234b34ca9ff0e1d78730c7303db228ab8cc961ae47170d4a2a974ef,results/raw/few_shot/Gemini-3.1-Pro-Preview/Zooniverse/run_01/full_sentence.request.json,outputs/raw/few_shot/Gemini-3.1-Pro-Preview/Zooniverse/run_01/full_sentence.request.json
277,7368f04b3234b34ca9ff0e1d78730c7303db228ab8cc961ae47170d4a2a974ef,results/raw/few_shot/Gemini-3.1-Pro-Preview/Zooniverse/run_02/full_sentence.request.json,outputs/raw/few_shot/Gemini-3.1-Pro-Preview/Zooniverse/run_02/full_sentence.request.json
277,7368f04b3234b34ca9ff0e1d78730c7303db228ab8cc961ae47170d4a2a974ef,results/raw/few_shot/Gemini-3.1-Pro-Preview/Zooniverse/run_03/full_sentence.request.json,outputs/raw/few_shot/Gemini-3.1-Pro-Preview/Zooniverse/run_03/full_sentence.request.json
277,7368f04b3234b34ca9ff0e1d78730c7303db228ab8cc961ae47170d4a2a974ef,results/raw/few_shot/Gemini-3.1-Pro-Preview/Zooniverse/run_04/full_sentence.request.json,outputs/raw/few_shot/Gemini-3.1-Pro-Preview/Zooniverse/run_04/full_sentence.request.json
277,7368f04b3234b34ca9ff0e1d78730c7303db228ab8cc961ae47170d4a2a974ef,results/raw/few_shot/Gemini-3.1-Pro-Preview/Zooniverse/run_05/full_sentence.request.json,outputs/raw/few_shot/Gemini-3.1-Pro-Preview/Zooniverse/run_05/full_sentence.request.json
278,e12d5a201c2df6522e7d79708131eaaa3818ce9746955eb4c0323c611e49e66a,results/raw/few_shot/Gemini-3.1-Pro-Preview/Zooniverse/run_01/independent.request.json,outputs/raw/few_shot/Gemini-3.1-Pro-Preview/Zooniverse/run_01/independent.request.json
278,e12d5a201c2df6522e7d79708131eaaa3818ce9746955eb4c0323c611e49e66a,results/raw/few_shot/Gemini-3.1-Pro-Preview/Zooniverse/run_02/independent.request.json,outputs/raw/few_shot/Gemini-3.1-Pro-Preview/Zooniverse/run_02/independent.request.json
278,e12d5a201c2df6522e7d79708131eaaa3818ce9746955eb4c0323c611e49e66a,results/raw/few_shot/Gemini-3.1-Pro-Preview/Zooniverse/run_03/independent.request.json,outputs/raw/few_shot/Gemini-3.1-Pro-Preview/Zooniverse/run_03/independent.request.json
278,e12d5a201c2df6522e7d79708131eaaa3818ce9746955eb4c0323c611e49e66a,results/raw/few_shot/Gemini-3.1-Pro-Preview/Zooniverse/run_04/independent.request.json,outputs/raw/few_shot/Gemini-3.1-Pro-Preview/Zooniverse/run_04/independent.request.json
278,e12d5a201c2df6522e7d79708131eaaa3818ce9746955eb4c0323c611e49e66a,results/raw/few_shot/Gemini-3.1-Pro-Preview/Zooniverse/run_05/independent.request.json,outputs/raw/few_shot/Gemini-3.1-Pro-Preview/Zooniverse/run_05/independent.request.json
279,3fb8b4f775d5d8b4dac8b63d7fe6c0d51d4f36d3d092097f207008f448a0aa11,results/raw/few_shot/Gemini-3.1-Pro-Preview/Zooniverse/run_01/minimal.request.json,outputs/raw/few_shot/Gemini-3.1-Pro-Preview/Zooniverse/run_01/minimal.request.json
279,3fb8b4f775d5d8b4dac8b63d7fe6c0d51d4f36d3d092097f207008f448a0aa11,results/raw/few_shot/Gemini-3.1-Pro-Preview/Zooniverse/run_02/minimal.request.json,outputs/raw/few_shot/Gemini-3.1-Pro-Preview/Zooniverse/run_02/minimal.request.json
279,3fb8b4f775d5d8b4dac8b63d7fe6c0d51d4f36d3d092097f207008f448a0aa11,results/raw/few_shot/Gemini-3.1-Pro-Preview/Zooniverse/run_03/minimal.request.json,outputs/raw/few_shot/Gemini-3.1-Pro-Preview/Zooniverse/run_03/minimal.request.json
279,3fb8b4f775d5d8b4dac8b63d7fe6c0d51d4f36d3d092097f207008f448a0aa11,results/raw/few_shot/Gemini-3.1-Pro-Preview/Zooniverse/run_04/minimal.request.json,outputs/raw/few_shot/Gemini-3.1-Pro-Preview/Zooniverse/run_04/minimal.request.json
279,3fb8b4f775d5d8b4dac8b63d7fe6c0d51d4f36d3d092097f207008f448a0aa11,results/raw/few_shot/Gemini-3.1-Pro-Preview/Zooniverse/run_05/minimal.request.json,outputs/raw/few_shot/Gemini-3.1-Pro-Preview/Zooniverse/run_05/minimal.request.json
280,55db82c76bdab3c44adcf817fe5fb9d5c942f97e34dc0cec231008b7e5dbe937,results/raw/few_shot/Gemini-3.1-Pro-Preview/Zooniverse/run_01/problem_oriented.request.json,outputs/raw/few_shot/Gemini-3.1-Pro-Preview/Zooniverse/run_01/problem_oriented.request.json
280,55db82c76bdab3c44adcf817fe5fb9d5c942f97e34dc0cec231008b7e5dbe937,results/raw/few_shot/Gemini-3.1-Pro-Preview/Zooniverse/run_02/problem_oriented.request.json,outputs/raw/few_shot/Gemini-3.1-Pro-Preview/Zooniverse/run_02/problem_oriented.request.json
280,55db82c76bdab3c44adcf817fe5fb9d5c942f97e34dc0cec231008b7e5dbe937,results/raw/few_shot/Gemini-3.1-Pro-Preview/Zooniverse/run_03/problem_oriented.request.json,outputs/raw/few_shot/Gemini-3.1-Pro-Preview/Zooniverse/run_03/problem_oriented.request.json
280,55db82c76bdab3c44adcf817fe5fb9d5c942f97e34dc0cec231008b7e5dbe937,results/raw/few_shot/Gemini-3.1-Pro-Preview/Zooniverse/run_04/problem_oriented.request.json,outputs/raw/few_shot/Gemini-3.1-Pro-Preview/Zooniverse/run_04/problem_oriented.request.json
280,55db82c76bdab3c44adcf817fe5fb9d5c942f97e34dc0cec231008b7e5dbe937,results/raw/few_shot/Gemini-3.1-Pro-Preview/Zooniverse/run_05/problem_oriented.request.json,outputs/raw/few_shot/Gemini-3.1-Pro-Preview/Zooniverse/run_05/problem_oriented.request.json
281,905d55709928fbe0d2ca9074bd65f55e6594d025fa98936242457da28b766cf6,results/raw/few_shot/Gemini-3.1-Pro-Preview/Zooniverse/run_01/unambiguous.request.json,outputs/raw/few_shot/Gemini-3.1-Pro-Preview/Zooniverse/run_01/unambiguous.request.json
281,905d55709928fbe0d2ca9074bd65f55e6594d025fa98936242457da28b766cf6,results/raw/few_shot/Gemini-3.1-Pro-Preview/Zooniverse/run_02/unambiguous.request.json,outputs/raw/few_shot/Gemini-3.1-Pro-Preview/Zooniverse/run_02/unambiguous.request.json
281,905d55709928fbe0d2ca9074bd65f55e6594d025fa98936242457da28b766cf6,results/raw/few_shot/Gemini-3.1-Pro-Preview/Zooniverse/run_03/unambiguous.request.json,outputs/raw/few_shot/Gemini-3.1-Pro-Preview/Zooniverse/run_03/unambiguous.request.json
281,905d55709928fbe0d2ca9074bd65f55e6594d025fa98936242457da28b766cf6,results/raw/few_shot/Gemini-3.1-Pro-Preview/Zooniverse/run_04/unambiguous.request.json,outputs/raw/few_shot/Gemini-3.1-Pro-Preview/Zooniverse/run_04/unambiguous.request.json
281,905d55709928fbe0d2ca9074bd65f55e6594d025fa98936242457da28b766cf6,results/raw/few_shot/Gemini-3.1-Pro-Preview/Zooniverse/run_05/unambiguous.request.json,outputs/raw/few_shot/Gemini-3.1-Pro-Preview/Zooniverse/run_05/unambiguous.request.json
282,c89209171fe952189c2684f916d8e7e20f3f803e9321a59d820fb0fe26c2486a,results/raw/few_shot/Gemini-3.1-Pro-Preview/Zooniverse/run_01/uniform.request.json,outputs/raw/few_shot/Gemini-3.1-Pro-Preview/Zooniverse/run_01/uniform.request.json
282,c89209171fe952189c2684f916d8e7e20f3f803e9321a59d820fb0fe26c2486a,results/raw/few_shot/Gemini-3.1-Pro-Preview/Zooniverse/run_02/uniform.request.json,outputs/raw/few_shot/Gemini-3.1-Pro-Preview/Zooniverse/run_02/uniform.request.json
282,c89209171fe952189c2684f916d8e7e20f3f803e9321a59d820fb0fe26c2486a,results/raw/few_shot/Gemini-3.1-Pro-Preview/Zooniverse/run_03/uniform.request.json,outputs/raw/few_shot/Gemini-3.1-Pro-Preview/Zooniverse/run_03/uniform.request.json
282,c89209171fe952189c2684f916d8e7e20f3f803e9321a59d820fb0fe26c2486a,results/raw/few_shot/Gemini-3.1-Pro-Preview/Zooniverse/run_04/uniform.request.json,outputs/raw/few_shot/Gemini-3.1-Pro-Preview/Zooniverse/run_04/uniform.request.json
282,c89209171fe952189c2684f916d8e7e20f3f803e9321a59d820fb0fe26c2486a,results/raw/few_shot/Gemini-3.1-Pro-Preview/Zooniverse/run_05/uniform.request.json,outputs/raw/few_shot/Gemini-3.1-Pro-Preview/Zooniverse/run_05/uniform.request.json
283,5260fa142caf47cfd0a415147d6e66f906a24a14ec7481e80c6ba0312b1e53c5,results/raw/few_shot/Gemini-3.1-Pro-Preview/Zooniverse/run_01/unique.request.json,outputs/raw/few_shot/Gemini-3.1-Pro-Preview/Zooniverse/run_01/unique.request.json
283,5260fa142caf47cfd0a415147d6e66f906a24a14ec7481e80c6ba0312b1e53c5,results/raw/few_shot/Gemini-3.1-Pro-Preview/Zooniverse/run_02/unique.request.json,outputs/raw/few_shot/Gemini-3.1-Pro-Preview/Zooniverse/run_02/unique.request.json
283,5260fa142caf47cfd0a415147d6e66f906a24a14ec7481e80c6ba0312b1e53c5,results/raw/few_shot/Gemini-3.1-Pro-Preview/Zooniverse/run_03/unique.request.json,outputs/raw/few_shot/Gemini-3.1-Pro-Preview/Zooniverse/run_03/unique.request.json
283,5260fa142caf47cfd0a415147d6e66f906a24a14ec7481e80c6ba0312b1e53c5,results/raw/few_shot/Gemini-3.1-Pro-Preview/Zooniverse/run_04/unique.request.json,outputs/raw/few_shot/Gemini-3.1-Pro-Preview/Zooniverse/run_04/unique.request.json
283,5260fa142caf47cfd0a415147d6e66f906a24a14ec7481e80c6ba0312b1e53c5,results/raw/few_shot/Gemini-3.1-Pro-Preview/Zooniverse/run_05/unique.request.json,outputs/raw/few_shot/Gemini-3.1-Pro-Preview/Zooniverse/run_05/unique.request.json
284,b185678ee421cb5be4c39b4458702422588a258abc0de27aa8e09877a516d7f5,results/raw/few_shot/Gemini-3.1-Pro-Preview/Zooniverse/run_01/well_formed.request.json,outputs/raw/few_shot/Gemini-3.1-Pro-Preview/Zooniverse/run_01/well_formed.request.json
284,b185678ee421cb5be4c39b4458702422588a258abc0de27aa8e09877a516d7f5,results/raw/few_shot/Gemini-3.1-Pro-Preview/Zooniverse/run_02/well_formed.request.json,outputs/raw/few_shot/Gemini-3.1-Pro-Preview/Zooniverse/run_02/well_formed.request.json
284,b185678ee421cb5be4c39b4458702422588a258abc0de27aa8e09877a516d7f5,results/raw/few_shot/Gemini-3.1-Pro-Preview/Zooniverse/run_03/well_formed.request.json,outputs/raw/few_shot/Gemini-3.1-Pro-Preview/Zooniverse/run_03/well_formed.request.json
284,b185678ee421cb5be4c39b4458702422588a258abc0de27aa8e09877a516d7f5,results/raw/few_shot/Gemini-3.1-Pro-Preview/Zooniverse/run_04/well_formed.request.json,outputs/raw/few_shot/Gemini-3.1-Pro-Preview/Zooniverse/run_04/well_formed.request.json
284,b185678ee421cb5be4c39b4458702422588a258abc0de27aa8e09877a516d7f5,results/raw/few_shot/Gemini-3.1-Pro-Preview/Zooniverse/run_05/well_formed.request.json,outputs/raw/few_shot/Gemini-3.1-Pro-Preview/Zooniverse/run_05/well_formed.request.json
285,965fc211ad3480f98bf29f87ac43eb700826734cfe6286b7361493a9adb31f6c,results/raw/one_shot/DeepSeek-V4-Pro/BADCamp/run_01/atomic.request.json,outputs/raw/one_shot/DeepSeek-V4-Pro/BADCamp/run_01/atomic.request.json
285,965fc211ad3480f98bf29f87ac43eb700826734cfe6286b7361493a9adb31f6c,results/raw/one_shot/DeepSeek-V4-Pro/BADCamp/run_02/atomic.request.json,outputs/raw/one_shot/DeepSeek-V4-Pro/BADCamp/run_02/atomic.request.json
285,965fc211ad3480f98bf29f87ac43eb700826734cfe6286b7361493a9adb31f6c,results/raw/one_shot/DeepSeek-V4-Pro/BADCamp/run_03/atomic.request.json,outputs/raw/one_shot/DeepSeek-V4-Pro/BADCamp/run_03/atomic.request.json
285,965fc211ad3480f98bf29f87ac43eb700826734cfe6286b7361493a9adb31f6c,results/raw/one_shot/DeepSeek-V4-Pro/BADCamp/run_04/atomic.request.json,outputs/raw/one_shot/DeepSeek-V4-Pro/BADCamp/run_04/atomic.request.json
285,965fc211ad3480f98bf29f87ac43eb700826734cfe6286b7361493a9adb31f6c,results/raw/one_shot/DeepSeek-V4-Pro/BADCamp/run_05/atomic.request.json,outputs/raw/one_shot/DeepSeek-V4-Pro/BADCamp/run_05/atomic.request.json
286,cb725686b6c9ce027068241ef27b1bac1c02ecb61808108c6cc79232c5ebe597,results/raw/one_shot/DeepSeek-V4-Pro/BADCamp/run_01/complete.request.json,outputs/raw/one_shot/DeepSeek-V4-Pro/BADCamp/run_01/complete.request.json
286,cb725686b6c9ce027068241ef27b1bac1c02ecb61808108c6cc79232c5ebe597,results/raw/one_shot/DeepSeek-V4-Pro/BADCamp/run_02/complete.request.json,outputs/raw/one_shot/DeepSeek-V4-Pro/BADCamp/run_02/complete.request.json
286,cb725686b6c9ce027068241ef27b1bac1c02ecb61808108c6cc79232c5ebe597,results/raw/one_shot/DeepSeek-V4-Pro/BADCamp/run_03/complete.request.json,outputs/raw/one_shot/DeepSeek-V4-Pro/BADCamp/run_03/complete.request.json
286,cb725686b6c9ce027068241ef27b1bac1c02ecb61808108c6cc79232c5ebe597,results/raw/one_shot/DeepSeek-V4-Pro/BADCamp/run_04/complete.request.json,outputs/raw/one_shot/DeepSeek-V4-Pro/BADCamp/run_04/complete.request.json
286,cb725686b6c9ce027068241ef27b1bac1c02ecb61808108c6cc79232c5ebe597,results/raw/one_shot/DeepSeek-V4-Pro/BADCamp/run_05/complete.request.json,outputs/raw/one_shot/DeepSeek-V4-Pro/BADCamp/run_05/complete.request.json
287,4e5d94f56a5125295ef6b5c5ddae4a4181a133d849c58339a70bb284f5a88f1f,results/raw/one_shot/DeepSeek-V4-Pro/BADCamp/run_01/conceptually_sound.request.json,outputs/raw/one_shot/DeepSeek-V4-Pro/BADCamp/run_01/conceptually_sound.request.json
287,4e5d94f56a5125295ef6b5c5ddae4a4181a133d849c58339a70bb284f5a88f1f,results/raw/one_shot/DeepSeek-V4-Pro/BADCamp/run_02/conceptually_sound.request.json,outputs/raw/one_shot/DeepSeek-V4-Pro/BADCamp/run_02/conceptually_sound.request.json
287,4e5d94f56a5125295ef6b5c5ddae4a4181a133d849c58339a70bb284f5a88f1f,results/raw/one_shot/DeepSeek-V4-Pro/BADCamp/run_03/conceptually_sound.request.json,outputs/raw/one_shot/DeepSeek-V4-Pro/BADCamp/run_03/conceptually_sound.request.json
287,4e5d94f56a5125295ef6b5c5ddae4a4181a133d849c58339a70bb284f5a88f1f,results/raw/one_shot/DeepSeek-V4-Pro/BADCamp/run_04/conceptually_sound.request.json,outputs/raw/one_shot/DeepSeek-V4-Pro/BADCamp/run_04/conceptually_sound.request.json
287,4e5d94f56a5125295ef6b5c5ddae4a4181a133d849c58339a70bb284f5a88f1f,results/raw/one_shot/DeepSeek-V4-Pro/BADCamp/run_05/conceptually_sound.request.json,outputs/raw/one_shot/DeepSeek-V4-Pro/BADCamp/run_05/conceptually_sound.request.json
288,a21492550f1101c77a00e24d747f94fc91d8998a89d1d29615ad165cff799879,results/raw/one_shot/DeepSeek-V4-Pro/BADCamp/run_01/conflict_free.request.json,outputs/raw/one_shot/DeepSeek-V4-Pro/BADCamp/run_01/conflict_free.request.json
288,a21492550f1101c77a00e24d747f94fc91d8998a89d1d29615ad165cff799879,results/raw/one_shot/DeepSeek-V4-Pro/BADCamp/run_02/conflict_free.request.json,outputs/raw/one_shot/DeepSeek-V4-Pro/BADCamp/run_02/conflict_free.request.json
288,a21492550f1101c77a00e24d747f94fc91d8998a89d1d29615ad165cff799879,results/raw/one_shot/DeepSeek-V4-Pro/BADCamp/run_03/conflict_free.request.json,outputs/raw/one_shot/DeepSeek-V4-Pro/BADCamp/run_03/conflict_free.request.json
288,a21492550f1101c77a00e24d747f94fc91d8998a89d1d29615ad165cff799879,results/raw/one_shot/DeepSeek-V4-Pro/BADCamp/run_04/conflict_free.request.json,outputs/raw/one_shot/DeepSeek-V4-Pro/BADCamp/run_04/conflict_free.request.json
288,a21492550f1101c77a00e24d747f94fc91d8998a89d1d29615ad165cff799879,results/raw/one_shot/DeepSeek-V4-Pro/BADCamp/run_05/conflict_free.request.json,outputs/raw/one_shot/DeepSeek-V4-Pro/BADCamp/run_05/conflict_free.request.json
289,8d5a8c8c6aeb559201b24ed8db635d88bc7f73f6b12bbeea02eb23a88b0d51ac,results/raw/one_shot/DeepSeek-V4-Pro/BADCamp/run_01/estimatable.request.json,outputs/raw/one_shot/DeepSeek-V4-Pro/BADCamp/run_01/estimatable.request.json
289,8d5a8c8c6aeb559201b24ed8db635d88bc7f73f6b12bbeea02eb23a88b0d51ac,results/raw/one_shot/DeepSeek-V4-Pro/BADCamp/run_02/estimatable.request.json,outputs/raw/one_shot/DeepSeek-V4-Pro/BADCamp/run_02/estimatable.request.json
289,8d5a8c8c6aeb559201b24ed8db635d88bc7f73f6b12bbeea02eb23a88b0d51ac,results/raw/one_shot/DeepSeek-V4-Pro/BADCamp/run_03/estimatable.request.json,outputs/raw/one_shot/DeepSeek-V4-Pro/BADCamp/run_03/estimatable.request.json
289,8d5a8c8c6aeb559201b24ed8db635d88bc7f73f6b12bbeea02eb23a88b0d51ac,results/raw/one_shot/DeepSeek-V4-Pro/BADCamp/run_04/estimatable.request.json,outputs/raw/one_shot/DeepSeek-V4-Pro/BADCamp/run_04/estimatable.request.json
289,8d5a8c8c6aeb559201b24ed8db635d88bc7f73f6b12bbeea02eb23a88b0d51ac,results/raw/one_shot/DeepSeek-V4-Pro/BADCamp/run_05/estimatable.request.json,outputs/raw/one_shot/DeepSeek-V4-Pro/BADCamp/run_05/estimatable.request.json
290,1f916f6dff9d775d4834bbe0639494edb363d06d6ce057d64113e234b4165bbc,results/raw/one_shot/DeepSeek-V4-Pro/BADCamp/run_01/full_sentence.request.json,outputs/raw/one_shot/DeepSeek-V4-Pro/BADCamp/run_01/full_sentence.request.json
290,1f916f6dff9d775d4834bbe0639494edb363d06d6ce057d64113e234b4165bbc,results/raw/one_shot/DeepSeek-V4-Pro/BADCamp/run_02/full_sentence.request.json,outputs/raw/one_shot/DeepSeek-V4-Pro/BADCamp/run_02/full_sentence.request.json
290,1f916f6dff9d775d4834bbe0639494edb363d06d6ce057d64113e234b4165bbc,results/raw/one_shot/DeepSeek-V4-Pro/BADCamp/run_03/full_sentence.request.json,outputs/raw/one_shot/DeepSeek-V4-Pro/BADCamp/run_03/full_sentence.request.json
290,1f916f6dff9d775d4834bbe0639494edb363d06d6ce057d64113e234b4165bbc,results/raw/one_shot/DeepSeek-V4-Pro/BADCamp/run_04/full_sentence.request.json,outputs/raw/one_shot/DeepSeek-V4-Pro/BADCamp/run_04/full_sentence.request.json
290,1f916f6dff9d775d4834bbe0639494edb363d06d6ce057d64113e234b4165bbc,results/raw/one_shot/DeepSeek-V4-Pro/BADCamp/run_05/full_sentence.request.json,outputs/raw/one_shot/DeepSeek-V4-Pro/BADCamp/run_05/full_sentence.request.json
291,6823b159595f0c549f46684c12a01b45723639809ca05cbca7e639124449d0ce,results/raw/one_shot/DeepSeek-V4-Pro/BADCamp/run_01/independent.request.json,outputs/raw/one_shot/DeepSeek-V4-Pro/BADCamp/run_01/independent.request.json
291,6823b159595f0c549f46684c12a01b45723639809ca05cbca7e639124449d0ce,results/raw/one_shot/DeepSeek-V4-Pro/BADCamp/run_02/independent.request.json,outputs/raw/one_shot/DeepSeek-V4-Pro/BADCamp/run_02/independent.request.json
291,6823b159595f0c549f46684c12a01b45723639809ca05cbca7e639124449d0ce,results/raw/one_shot/DeepSeek-V4-Pro/BADCamp/run_03/independent.request.json,outputs/raw/one_shot/DeepSeek-V4-Pro/BADCamp/run_03/independent.request.json
291,6823b159595f0c549f46684c12a01b45723639809ca05cbca7e639124449d0ce,results/raw/one_shot/DeepSeek-V4-Pro/BADCamp/run_04/independent.request.json,outputs/raw/one_shot/DeepSeek-V4-Pro/BADCamp/run_04/independent.request.json
291,6823b159595f0c549f46684c12a01b45723639809ca05cbca7e639124449d0ce,results/raw/one_shot/DeepSeek-V4-Pro/BADCamp/run_05/independent.request.json,outputs/raw/one_shot/DeepSeek-V4-Pro/BADCamp/run_05/independent.request.json
292,4b1025c67766028eb18a527b3acebce030fe2e565034cf205ff5642048aa7dda,results/raw/one_shot/DeepSeek-V4-Pro/BADCamp/run_01/minimal.request.json,outputs/raw/one_shot/DeepSeek-V4-Pro/BADCamp/run_01/minimal.request.json
292,4b1025c67766028eb18a527b3acebce030fe2e565034cf205ff5642048aa7dda,results/raw/one_shot/DeepSeek-V4-Pro/BADCamp/run_02/minimal.request.json,outputs/raw/one_shot/DeepSeek-V4-Pro/BADCamp/run_02/minimal.request.json
292,4b1025c67766028eb18a527b3acebce030fe2e565034cf205ff5642048aa7dda,results/raw/one_shot/DeepSeek-V4-Pro/BADCamp/run_03/minimal.request.json,outputs/raw/one_shot/DeepSeek-V4-Pro/BADCamp/run_03/minimal.request.json
292,4b1025c67766028eb18a527b3acebce030fe2e565034cf205ff5642048aa7dda,results/raw/one_shot/DeepSeek-V4-Pro/BADCamp/run_04/minimal.request.json,outputs/raw/one_shot/DeepSeek-V4-Pro/BADCamp/run_04/minimal.request.json
292,4b1025c67766028eb18a527b3acebce030fe2e565034cf205ff5642048aa7dda,results/raw/one_shot/DeepSeek-V4-Pro/BADCamp/run_05/minimal.request.json,outputs/raw/one_shot/DeepSeek-V4-Pro/BADCamp/run_05/minimal.request.json
293,c86d2a1d8c671a0413a121620986f1cce8e73e86b00243ba27f2a7781f335586,results/raw/one_shot/DeepSeek-V4-Pro/BADCamp/run_01/problem_oriented.request.json,outputs/raw/one_shot/DeepSeek-V4-Pro/BADCamp/run_01/problem_oriented.request.json
293,c86d2a1d8c671a0413a121620986f1cce8e73e86b00243ba27f2a7781f335586,results/raw/one_shot/DeepSeek-V4-Pro/BADCamp/run_02/problem_oriented.request.json,outputs/raw/one_shot/DeepSeek-V4-Pro/BADCamp/run_02/problem_oriented.request.json
293,c86d2a1d8c671a0413a121620986f1cce8e73e86b00243ba27f2a7781f335586,results/raw/one_shot/DeepSeek-V4-Pro/BADCamp/run_03/problem_oriented.request.json,outputs/raw/one_shot/DeepSeek-V4-Pro/BADCamp/run_03/problem_oriented.request.json
293,c86d2a1d8c671a0413a121620986f1cce8e73e86b00243ba27f2a7781f335586,results/raw/one_shot/DeepSeek-V4-Pro/BADCamp/run_04/problem_oriented.request.json,outputs/raw/one_shot/DeepSeek-V4-Pro/BADCamp/run_04/problem_oriented.request.json
293,c86d2a1d8c671a0413a121620986f1cce8e73e86b00243ba27f2a7781f335586,results/raw/one_shot/DeepSeek-V4-Pro/BADCamp/run_05/problem_oriented.request.json,outputs/raw/one_shot/DeepSeek-V4-Pro/BADCamp/run_05/problem_oriented.request.json
294,a6e60862e4076355b88e2ccbef5418dbcdc4131575d569d72843a50673ee7ff1,results/raw/one_shot/DeepSeek-V4-Pro/BADCamp/run_01/unambiguous.request.json,outputs/raw/one_shot/DeepSeek-V4-Pro/BADCamp/run_01/unambiguous.request.json
294,a6e60862e4076355b88e2ccbef5418dbcdc4131575d569d72843a50673ee7ff1,results/raw/one_shot/DeepSeek-V4-Pro/BADCamp/run_02/unambiguous.request.json,outputs/raw/one_shot/DeepSeek-V4-Pro/BADCamp/run_02/unambiguous.request.json
294,a6e60862e4076355b88e2ccbef5418dbcdc4131575d569d72843a50673ee7ff1,results/raw/one_shot/DeepSeek-V4-Pro/BADCamp/run_03/unambiguous.request.json,outputs/raw/one_shot/DeepSeek-V4-Pro/BADCamp/run_03/unambiguous.request.json
294,a6e60862e4076355b88e2ccbef5418dbcdc4131575d569d72843a50673ee7ff1,results/raw/one_shot/DeepSeek-V4-Pro/BADCamp/run_04/unambiguous.request.json,outputs/raw/one_shot/DeepSeek-V4-Pro/BADCamp/run_04/unambiguous.request.json
294,a6e60862e4076355b88e2ccbef5418dbcdc4131575d569d72843a50673ee7ff1,results/raw/one_shot/DeepSeek-V4-Pro/BADCamp/run_05/unambiguous.request.json,outputs/raw/one_shot/DeepSeek-V4-Pro/BADCamp/run_05/unambiguous.request.json
295,0831d557a02ec22caba9ef47e60456bc7bc45575c06bd221da58ef20a5a756ff,results/raw/one_shot/DeepSeek-V4-Pro/BADCamp/run_01/uniform.request.json,outputs/raw/one_shot/DeepSeek-V4-Pro/BADCamp/run_01/uniform.request.json
295,0831d557a02ec22caba9ef47e60456bc7bc45575c06bd221da58ef20a5a756ff,results/raw/one_shot/DeepSeek-V4-Pro/BADCamp/run_02/uniform.request.json,outputs/raw/one_shot/DeepSeek-V4-Pro/BADCamp/run_02/uniform.request.json
295,0831d557a02ec22caba9ef47e60456bc7bc45575c06bd221da58ef20a5a756ff,results/raw/one_shot/DeepSeek-V4-Pro/BADCamp/run_03/uniform.request.json,outputs/raw/one_shot/DeepSeek-V4-Pro/BADCamp/run_03/uniform.request.json
295,0831d557a02ec22caba9ef47e60456bc7bc45575c06bd221da58ef20a5a756ff,results/raw/one_shot/DeepSeek-V4-Pro/BADCamp/run_04/uniform.request.json,outputs/raw/one_shot/DeepSeek-V4-Pro/BADCamp/run_04/uniform.request.json
295,0831d557a02ec22caba9ef47e60456bc7bc45575c06bd221da58ef20a5a756ff,results/raw/one_shot/DeepSeek-V4-Pro/BADCamp/run_05/uniform.request.json,outputs/raw/one_shot/DeepSeek-V4-Pro/BADCamp/run_05/uniform.request.json
296,bee56080bc438247ee98dba0940fe49216ce7d0a9caf7974d9a1b06431cce930,results/raw/one_shot/DeepSeek-V4-Pro/BADCamp/run_01/unique.request.json,outputs/raw/one_shot/DeepSeek-V4-Pro/BADCamp/run_01/unique.request.json
296,bee56080bc438247ee98dba0940fe49216ce7d0a9caf7974d9a1b06431cce930,results/raw/one_shot/DeepSeek-V4-Pro/BADCamp/run_02/unique.request.json,outputs/raw/one_shot/DeepSeek-V4-Pro/BADCamp/run_02/unique.request.json
296,bee56080bc438247ee98dba0940fe49216ce7d0a9caf7974d9a1b06431cce930,results/raw/one_shot/DeepSeek-V4-Pro/BADCamp/run_03/unique.request.json,outputs/raw/one_shot/DeepSeek-V4-Pro/BADCamp/run_03/unique.request.json
296,bee56080bc438247ee98dba0940fe49216ce7d0a9caf7974d9a1b06431cce930,results/raw/one_shot/DeepSeek-V4-Pro/BADCamp/run_04/unique.request.json,outputs/raw/one_shot/DeepSeek-V4-Pro/BADCamp/run_04/unique.request.json
296,bee56080bc438247ee98dba0940fe49216ce7d0a9caf7974d9a1b06431cce930,results/raw/one_shot/DeepSeek-V4-Pro/BADCamp/run_05/unique.request.json,outputs/raw/one_shot/DeepSeek-V4-Pro/BADCamp/run_05/unique.request.json
297,4efe62c86faeeb0567bb0cba485056ab74cdd5182375e4598d907bb1398b187d,results/raw/one_shot/DeepSeek-V4-Pro/BADCamp/run_01/well_formed.request.json,outputs/raw/one_shot/DeepSeek-V4-Pro/BADCamp/run_01/well_formed.request.json
297,4efe62c86faeeb0567bb0cba485056ab74cdd5182375e4598d907bb1398b187d,results/raw/one_shot/DeepSeek-V4-Pro/BADCamp/run_02/well_formed.request.json,outputs/raw/one_shot/DeepSeek-V4-Pro/BADCamp/run_02/well_formed.request.json
297,4efe62c86faeeb0567bb0cba485056ab74cdd5182375e4598d907bb1398b187d,results/raw/one_shot/DeepSeek-V4-Pro/BADCamp/run_03/well_formed.request.json,outputs/raw/one_shot/DeepSeek-V4-Pro/BADCamp/run_03/well_formed.request.json
297,4efe62c86faeeb0567bb0cba485056ab74cdd5182375e4598d907bb1398b187d,results/raw/one_shot/DeepSeek-V4-Pro/BADCamp/run_04/well_formed.request.json,outputs/raw/one_shot/DeepSeek-V4-Pro/BADCamp/run_04/well_formed.request.json
297,4efe62c86faeeb0567bb0cba485056ab74cdd5182375e4598d907bb1398b187d,results/raw/one_shot/DeepSeek-V4-Pro/BADCamp/run_05/well_formed.request.json,outputs/raw/one_shot/DeepSeek-V4-Pro/BADCamp/run_05/well_formed.request.json
298,99698169f290be0f1a6dba0ac351d96a02f9650e7b46d5b6640f70a1dfbe0da2,results/raw/one_shot/DeepSeek-V4-Pro/PlanningPoker/run_01/atomic.request.json,outputs/raw/one_shot/DeepSeek-V4-Pro/PlanningPoker/run_01/atomic.request.json
298,99698169f290be0f1a6dba0ac351d96a02f9650e7b46d5b6640f70a1dfbe0da2,results/raw/one_shot/DeepSeek-V4-Pro/PlanningPoker/run_02/atomic.request.json,outputs/raw/one_shot/DeepSeek-V4-Pro/PlanningPoker/run_02/atomic.request.json
298,99698169f290be0f1a6dba0ac351d96a02f9650e7b46d5b6640f70a1dfbe0da2,results/raw/one_shot/DeepSeek-V4-Pro/PlanningPoker/run_03/atomic.request.json,outputs/raw/one_shot/DeepSeek-V4-Pro/PlanningPoker/run_03/atomic.request.json
298,99698169f290be0f1a6dba0ac351d96a02f9650e7b46d5b6640f70a1dfbe0da2,results/raw/one_shot/DeepSeek-V4-Pro/PlanningPoker/run_04/atomic.request.json,outputs/raw/one_shot/DeepSeek-V4-Pro/PlanningPoker/run_04/atomic.request.json
298,99698169f290be0f1a6dba0ac351d96a02f9650e7b46d5b6640f70a1dfbe0da2,results/raw/one_shot/DeepSeek-V4-Pro/PlanningPoker/run_05/atomic.request.json,outputs/raw/one_shot/DeepSeek-V4-Pro/PlanningPoker/run_05/atomic.request.json
299,6c55c4b26bd53306eae8b3865892c15b9d20b639a7794058cc643ecfbc2995d9,results/raw/one_shot/DeepSeek-V4-Pro/PlanningPoker/run_01/complete.request.json,outputs/raw/one_shot/DeepSeek-V4-Pro/PlanningPoker/run_01/complete.request.json
299,6c55c4b26bd53306eae8b3865892c15b9d20b639a7794058cc643ecfbc2995d9,results/raw/one_shot/DeepSeek-V4-Pro/PlanningPoker/run_02/complete.request.json,outputs/raw/one_shot/DeepSeek-V4-Pro/PlanningPoker/run_02/complete.request.json
299,6c55c4b26bd53306eae8b3865892c15b9d20b639a7794058cc643ecfbc2995d9,results/raw/one_shot/DeepSeek-V4-Pro/PlanningPoker/run_03/complete.request.json,outputs/raw/one_shot/DeepSeek-V4-Pro/PlanningPoker/run_03/complete.request.json
299,6c55c4b26bd53306eae8b3865892c15b9d20b639a7794058cc643ecfbc2995d9,results/raw/one_shot/DeepSeek-V4-Pro/PlanningPoker/run_04/complete.request.json,outputs/raw/one_shot/DeepSeek-V4-Pro/PlanningPoker/run_04/complete.request.json
299,6c55c4b26bd53306eae8b3865892c15b9d20b639a7794058cc643ecfbc2995d9,results/raw/one_shot/DeepSeek-V4-Pro/PlanningPoker/run_05/complete.request.json,outputs/raw/one_shot/DeepSeek-V4-Pro/PlanningPoker/run_05/complete.request.json
300,bbbfd933aea7e1d93c421fad80bfd3d8670ff141b4feb23faf4d0919a600faa2,results/raw/one_shot/DeepSeek-V4-Pro/PlanningPoker/run_01/conceptually_sound.request.json,outputs/raw/one_shot/DeepSeek-V4-Pro/PlanningPoker/run_01/conceptually_sound.request.json
300,bbbfd933aea7e1d93c421fad80bfd3d8670ff141b4feb23faf4d0919a600faa2,results/raw/one_shot/DeepSeek-V4-Pro/PlanningPoker/run_02/conceptually_sound.request.json,outputs/raw/one_shot/DeepSeek-V4-Pro/PlanningPoker/run_02/conceptually_sound.request.json
300,bbbfd933aea7e1d93c421fad80bfd3d8670ff141b4feb23faf4d0919a600faa2,results/raw/one_shot/DeepSeek-V4-Pro/PlanningPoker/run_03/conceptually_sound.request.json,outputs/raw/one_shot/DeepSeek-V4-Pro/PlanningPoker/run_03/conceptually_sound.request.json
300,bbbfd933aea7e1d93c421fad80bfd3d8670ff141b4feb23faf4d0919a600faa2,results/raw/one_shot/DeepSeek-V4-Pro/PlanningPoker/run_04/conceptually_sound.request.json,outputs/raw/one_shot/DeepSeek-V4-Pro/PlanningPoker/run_04/conceptually_sound.request.json
300,bbbfd933aea7e1d93c421fad80bfd3d8670ff141b4feb23faf4d0919a600faa2,results/raw/one_shot/DeepSeek-V4-Pro/PlanningPoker/run_05/conceptually_sound.request.json,outputs/raw/one_shot/DeepSeek-V4-Pro/PlanningPoker/run_05/conceptually_sound.request.json
301,81342d94d1324de626a53e60863040e94e4683f77a0b91f64c88cea1a2491575,results/raw/one_shot/DeepSeek-V4-Pro/PlanningPoker/run_01/conflict_free.request.json,outputs/raw/one_shot/DeepSeek-V4-Pro/PlanningPoker/run_01/conflict_free.request.json
301,81342d94d1324de626a53e60863040e94e4683f77a0b91f64c88cea1a2491575,results/raw/one_shot/DeepSeek-V4-Pro/PlanningPoker/run_02/conflict_free.request.json,outputs/raw/one_shot/DeepSeek-V4-Pro/PlanningPoker/run_02/conflict_free.request.json
301,81342d94d1324de626a53e60863040e94e4683f77a0b91f64c88cea1a2491575,results/raw/one_shot/DeepSeek-V4-Pro/PlanningPoker/run_03/conflict_free.request.json,outputs/raw/one_shot/DeepSeek-V4-Pro/PlanningPoker/run_03/conflict_free.request.json
301,81342d94d1324de626a53e60863040e94e4683f77a0b91f64c88cea1a2491575,results/raw/one_shot/DeepSeek-V4-Pro/PlanningPoker/run_04/conflict_free.request.json,outputs/raw/one_shot/DeepSeek-V4-Pro/PlanningPoker/run_04/conflict_free.request.json
301,81342d94d1324de626a53e60863040e94e4683f77a0b91f64c88cea1a2491575,results/raw/one_shot/DeepSeek-V4-Pro/PlanningPoker/run_05/conflict_free.request.json,outputs/raw/one_shot/DeepSeek-V4-Pro/PlanningPoker/run_05/conflict_free.request.json
302,fdca5490ca8a0fb9ba4ccf5a1fe1e62e4366a58c9c69e3dff953dd57a2376ea0,results/raw/one_shot/DeepSeek-V4-Pro/PlanningPoker/run_01/estimatable.request.json,outputs/raw/one_shot/DeepSeek-V4-Pro/PlanningPoker/run_01/estimatable.request.json
302,fdca5490ca8a0fb9ba4ccf5a1fe1e62e4366a58c9c69e3dff953dd57a2376ea0,results/raw/one_shot/DeepSeek-V4-Pro/PlanningPoker/run_02/estimatable.request.json,outputs/raw/one_shot/DeepSeek-V4-Pro/PlanningPoker/run_02/estimatable.request.json
302,fdca5490ca8a0fb9ba4ccf5a1fe1e62e4366a58c9c69e3dff953dd57a2376ea0,results/raw/one_shot/DeepSeek-V4-Pro/PlanningPoker/run_03/estimatable.request.json,outputs/raw/one_shot/DeepSeek-V4-Pro/PlanningPoker/run_03/estimatable.request.json
302,fdca5490ca8a0fb9ba4ccf5a1fe1e62e4366a58c9c69e3dff953dd57a2376ea0,results/raw/one_shot/DeepSeek-V4-Pro/PlanningPoker/run_04/estimatable.request.json,outputs/raw/one_shot/DeepSeek-V4-Pro/PlanningPoker/run_04/estimatable.request.json
302,fdca5490ca8a0fb9ba4ccf5a1fe1e62e4366a58c9c69e3dff953dd57a2376ea0,results/raw/one_shot/DeepSeek-V4-Pro/PlanningPoker/run_05/estimatable.request.json,outputs/raw/one_shot/DeepSeek-V4-Pro/PlanningPoker/run_05/estimatable.request.json
303,f735a0b2a852df76f3ed20af282d5a528f0058e8147ea7917bdade5cd3d7bbcb,results/raw/one_shot/DeepSeek-V4-Pro/PlanningPoker/run_01/full_sentence.request.json,outputs/raw/one_shot/DeepSeek-V4-Pro/PlanningPoker/run_01/full_sentence.request.json
303,f735a0b2a852df76f3ed20af282d5a528f0058e8147ea7917bdade5cd3d7bbcb,results/raw/one_shot/DeepSeek-V4-Pro/PlanningPoker/run_02/full_sentence.request.json,outputs/raw/one_shot/DeepSeek-V4-Pro/PlanningPoker/run_02/full_sentence.request.json
303,f735a0b2a852df76f3ed20af282d5a528f0058e8147ea7917bdade5cd3d7bbcb,results/raw/one_shot/DeepSeek-V4-Pro/PlanningPoker/run_03/full_sentence.request.json,outputs/raw/one_shot/DeepSeek-V4-Pro/PlanningPoker/run_03/full_sentence.request.json
303,f735a0b2a852df76f3ed20af282d5a528f0058e8147ea7917bdade5cd3d7bbcb,results/raw/one_shot/DeepSeek-V4-Pro/PlanningPoker/run_04/full_sentence.request.json,outputs/raw/one_shot/DeepSeek-V4-Pro/PlanningPoker/run_04/full_sentence.request.json
303,f735a0b2a852df76f3ed20af282d5a528f0058e8147ea7917bdade5cd3d7bbcb,results/raw/one_shot/DeepSeek-V4-Pro/PlanningPoker/run_05/full_sentence.request.json,outputs/raw/one_shot/DeepSeek-V4-Pro/PlanningPoker/run_05/full_sentence.request.json
304,4e0c388c1e69522b6a9e169a0ac245449a6a34390644747c6cc92ccaa118ed3c,results/raw/one_shot/DeepSeek-V4-Pro/PlanningPoker/run_01/independent.request.json,outputs/raw/one_shot/DeepSeek-V4-Pro/PlanningPoker/run_01/independent.request.json
304,4e0c388c1e69522b6a9e169a0ac245449a6a34390644747c6cc92ccaa118ed3c,results/raw/one_shot/DeepSeek-V4-Pro/PlanningPoker/run_02/independent.request.json,outputs/raw/one_shot/DeepSeek-V4-Pro/PlanningPoker/run_02/independent.request.json
304,4e0c388c1e69522b6a9e169a0ac245449a6a34390644747c6cc92ccaa118ed3c,results/raw/one_shot/DeepSeek-V4-Pro/PlanningPoker/run_03/independent.request.json,outputs/raw/one_shot/DeepSeek-V4-Pro/PlanningPoker/run_03/independent.request.json
304,4e0c388c1e69522b6a9e169a0ac245449a6a34390644747c6cc92ccaa118ed3c,results/raw/one_shot/DeepSeek-V4-Pro/PlanningPoker/run_04/independent.request.json,outputs/raw/one_shot/DeepSeek-V4-Pro/PlanningPoker/run_04/independent.request.json
304,4e0c388c1e69522b6a9e169a0ac245449a6a34390644747c6cc92ccaa118ed3c,results/raw/one_shot/DeepSeek-V4-Pro/PlanningPoker/run_05/independent.request.json,outputs/raw/one_shot/DeepSeek-V4-Pro/PlanningPoker/run_05/independent.request.json
305,47e3c2b2c4ba397cd17c9301be3e27f6aa9d80b86107be641ec68e43fc445176,results/raw/one_shot/DeepSeek-V4-Pro/PlanningPoker/run_01/minimal.request.json,outputs/raw/one_shot/DeepSeek-V4-Pro/PlanningPoker/run_01/minimal.request.json
305,47e3c2b2c4ba397cd17c9301be3e27f6aa9d80b86107be641ec68e43fc445176,results/raw/one_shot/DeepSeek-V4-Pro/PlanningPoker/run_02/minimal.request.json,outputs/raw/one_shot/DeepSeek-V4-Pro/PlanningPoker/run_02/minimal.request.json
305,47e3c2b2c4ba397cd17c9301be3e27f6aa9d80b86107be641ec68e43fc445176,results/raw/one_shot/DeepSeek-V4-Pro/PlanningPoker/run_03/minimal.request.json,outputs/raw/one_shot/DeepSeek-V4-Pro/PlanningPoker/run_03/minimal.request.json
305,47e3c2b2c4ba397cd17c9301be3e27f6aa9d80b86107be641ec68e43fc445176,results/raw/one_shot/DeepSeek-V4-Pro/PlanningPoker/run_04/minimal.request.json,outputs/raw/one_shot/DeepSeek-V4-Pro/PlanningPoker/run_04/minimal.request.json
305,47e3c2b2c4ba397cd17c9301be3e27f6aa9d80b86107be641ec68e43fc445176,results/raw/one_shot/DeepSeek-V4-Pro/PlanningPoker/run_05/minimal.request.json,outputs/raw/one_shot/DeepSeek-V4-Pro/PlanningPoker/run_05/minimal.request.json
306,5baa9be8fc46ede20064250b80e805480abd028cbc4deda861aac86fab7bd40e,results/raw/one_shot/DeepSeek-V4-Pro/PlanningPoker/run_01/problem_oriented.request.json,outputs/raw/one_shot/DeepSeek-V4-Pro/PlanningPoker/run_01/problem_oriented.request.json
306,5baa9be8fc46ede20064250b80e805480abd028cbc4deda861aac86fab7bd40e,results/raw/one_shot/DeepSeek-V4-Pro/PlanningPoker/run_02/problem_oriented.request.json,outputs/raw/one_shot/DeepSeek-V4-Pro/PlanningPoker/run_02/problem_oriented.request.json
306,5baa9be8fc46ede20064250b80e805480abd028cbc4deda861aac86fab7bd40e,results/raw/one_shot/DeepSeek-V4-Pro/PlanningPoker/run_03/problem_oriented.request.json,outputs/raw/one_shot/DeepSeek-V4-Pro/PlanningPoker/run_03/problem_oriented.request.json
306,5baa9be8fc46ede20064250b80e805480abd028cbc4deda861aac86fab7bd40e,results/raw/one_shot/DeepSeek-V4-Pro/PlanningPoker/run_04/problem_oriented.request.json,outputs/raw/one_shot/DeepSeek-V4-Pro/PlanningPoker/run_04/problem_oriented.request.json
306,5baa9be8fc46ede20064250b80e805480abd028cbc4deda861aac86fab7bd40e,results/raw/one_shot/DeepSeek-V4-Pro/PlanningPoker/run_05/problem_oriented.request.json,outputs/raw/one_shot/DeepSeek-V4-Pro/PlanningPoker/run_05/problem_oriented.request.json
307,33d084dedd121188183125c7ec4dbab8804ffe1b7588ad5fa68cc81e3ea9c1a0,results/raw/one_shot/DeepSeek-V4-Pro/PlanningPoker/run_01/unambiguous.request.json,outputs/raw/one_shot/DeepSeek-V4-Pro/PlanningPoker/run_01/unambiguous.request.json
307,33d084dedd121188183125c7ec4dbab8804ffe1b7588ad5fa68cc81e3ea9c1a0,results/raw/one_shot/DeepSeek-V4-Pro/PlanningPoker/run_02/unambiguous.request.json,outputs/raw/one_shot/DeepSeek-V4-Pro/PlanningPoker/run_02/unambiguous.request.json
307,33d084dedd121188183125c7ec4dbab8804ffe1b7588ad5fa68cc81e3ea9c1a0,results/raw/one_shot/DeepSeek-V4-Pro/PlanningPoker/run_03/unambiguous.request.json,outputs/raw/one_shot/DeepSeek-V4-Pro/PlanningPoker/run_03/unambiguous.request.json
307,33d084dedd121188183125c7ec4dbab8804ffe1b7588ad5fa68cc81e3ea9c1a0,results/raw/one_shot/DeepSeek-V4-Pro/PlanningPoker/run_04/unambiguous.request.json,outputs/raw/one_shot/DeepSeek-V4-Pro/PlanningPoker/run_04/unambiguous.request.json
307,33d084dedd121188183125c7ec4dbab8804ffe1b7588ad5fa68cc81e3ea9c1a0,results/raw/one_shot/DeepSeek-V4-Pro/PlanningPoker/run_05/unambiguous.request.json,outputs/raw/one_shot/DeepSeek-V4-Pro/PlanningPoker/run_05/unambiguous.request.json
308,29a9410e68d6c94d6012683b1cf2605ca6527219b5c302e1adffab32d4d03e87,results/raw/one_shot/DeepSeek-V4-Pro/PlanningPoker/run_01/uniform.request.json,outputs/raw/one_shot/DeepSeek-V4-Pro/PlanningPoker/run_01/uniform.request.json
308,29a9410e68d6c94d6012683b1cf2605ca6527219b5c302e1adffab32d4d03e87,results/raw/one_shot/DeepSeek-V4-Pro/PlanningPoker/run_02/uniform.request.json,outputs/raw/one_shot/DeepSeek-V4-Pro/PlanningPoker/run_02/uniform.request.json
308,29a9410e68d6c94d6012683b1cf2605ca6527219b5c302e1adffab32d4d03e87,results/raw/one_shot/DeepSeek-V4-Pro/PlanningPoker/run_03/uniform.request.json,outputs/raw/one_shot/DeepSeek-V4-Pro/PlanningPoker/run_03/uniform.request.json
308,29a9410e68d6c94d6012683b1cf2605ca6527219b5c302e1adffab32d4d03e87,results/raw/one_shot/DeepSeek-V4-Pro/PlanningPoker/run_04/uniform.request.json,outputs/raw/one_shot/DeepSeek-V4-Pro/PlanningPoker/run_04/uniform.request.json
308,29a9410e68d6c94d6012683b1cf2605ca6527219b5c302e1adffab32d4d03e87,results/raw/one_shot/DeepSeek-V4-Pro/PlanningPoker/run_05/uniform.request.json,outputs/raw/one_shot/DeepSeek-V4-Pro/PlanningPoker/run_05/uniform.request.json
309,72ed807584419615070aec526b95a0e06c6045962f33dd0bb2e451507a2a517d,results/raw/one_shot/DeepSeek-V4-Pro/PlanningPoker/run_01/unique.request.json,outputs/raw/one_shot/DeepSeek-V4-Pro/PlanningPoker/run_01/unique.request.json
309,72ed807584419615070aec526b95a0e06c6045962f33dd0bb2e451507a2a517d,results/raw/one_shot/DeepSeek-V4-Pro/PlanningPoker/run_02/unique.request.json,outputs/raw/one_shot/DeepSeek-V4-Pro/PlanningPoker/run_02/unique.request.json
309,72ed807584419615070aec526b95a0e06c6045962f33dd0bb2e451507a2a517d,results/raw/one_shot/DeepSeek-V4-Pro/PlanningPoker/run_03/unique.request.json,outputs/raw/one_shot/DeepSeek-V4-Pro/PlanningPoker/run_03/unique.request.json
309,72ed807584419615070aec526b95a0e06c6045962f33dd0bb2e451507a2a517d,results/raw/one_shot/DeepSeek-V4-Pro/PlanningPoker/run_04/unique.request.json,outputs/raw/one_shot/DeepSeek-V4-Pro/PlanningPoker/run_04/unique.request.json
309,72ed807584419615070aec526b95a0e06c6045962f33dd0bb2e451507a2a517d,results/raw/one_shot/DeepSeek-V4-Pro/PlanningPoker/run_05/unique.request.json,outputs/raw/one_shot/DeepSeek-V4-Pro/PlanningPoker/run_05/unique.request.json
310,80a48b44f6c3ca87efe77f6997a10b750d43c840f12cf6867ed11eca5376bcab,results/raw/one_shot/DeepSeek-V4-Pro/PlanningPoker/run_01/well_formed.request.json,outputs/raw/one_shot/DeepSeek-V4-Pro/PlanningPoker/run_01/well_formed.request.json
310,80a48b44f6c3ca87efe77f6997a10b750d43c840f12cf6867ed11eca5376bcab,results/raw/one_shot/DeepSeek-V4-Pro/PlanningPoker/run_02/well_formed.request.json,outputs/raw/one_shot/DeepSeek-V4-Pro/PlanningPoker/run_02/well_formed.request.json
310,80a48b44f6c3ca87efe77f6997a10b750d43c840f12cf6867ed11eca5376bcab,results/raw/one_shot/DeepSeek-V4-Pro/PlanningPoker/run_03/well_formed.request.json,outputs/raw/one_shot/DeepSeek-V4-Pro/PlanningPoker/run_03/well_formed.request.json
310,80a48b44f6c3ca87efe77f6997a10b750d43c840f12cf6867ed11eca5376bcab,results/raw/one_shot/DeepSeek-V4-Pro/PlanningPoker/run_04/well_formed.request.json,outputs/raw/one_shot/DeepSeek-V4-Pro/PlanningPoker/run_04/well_formed.request.json
310,80a48b44f6c3ca87efe77f6997a10b750d43c840f12cf6867ed11eca5376bcab,results/raw/one_shot/DeepSeek-V4-Pro/PlanningPoker/run_05/well_formed.request.json,outputs/raw/one_shot/DeepSeek-V4-Pro/PlanningPoker/run_05/well_formed.request.json
311,7967f48eb83b99403d381d429c54669de29203421aaf986ca21ccabe0f4b44a0,results/raw/one_shot/DeepSeek-V4-Pro/Zooniverse/run_01/atomic.request.json,outputs/raw/one_shot/DeepSeek-V4-Pro/Zooniverse/run_01/atomic.request.json
311,7967f48eb83b99403d381d429c54669de29203421aaf986ca21ccabe0f4b44a0,results/raw/one_shot/DeepSeek-V4-Pro/Zooniverse/run_02/atomic.request.json,outputs/raw/one_shot/DeepSeek-V4-Pro/Zooniverse/run_02/atomic.request.json
311,7967f48eb83b99403d381d429c54669de29203421aaf986ca21ccabe0f4b44a0,results/raw/one_shot/DeepSeek-V4-Pro/Zooniverse/run_03/atomic.request.json,outputs/raw/one_shot/DeepSeek-V4-Pro/Zooniverse/run_03/atomic.request.json
311,7967f48eb83b99403d381d429c54669de29203421aaf986ca21ccabe0f4b44a0,results/raw/one_shot/DeepSeek-V4-Pro/Zooniverse/run_04/atomic.request.json,outputs/raw/one_shot/DeepSeek-V4-Pro/Zooniverse/run_04/atomic.request.json
311,7967f48eb83b99403d381d429c54669de29203421aaf986ca21ccabe0f4b44a0,results/raw/one_shot/DeepSeek-V4-Pro/Zooniverse/run_05/atomic.request.json,outputs/raw/one_shot/DeepSeek-V4-Pro/Zooniverse/run_05/atomic.request.json
312,ff008142607404cc33880b40d864570fd55553d767d602c295a900494b29b8dd,results/raw/one_shot/DeepSeek-V4-Pro/Zooniverse/run_01/complete.request.json,outputs/raw/one_shot/DeepSeek-V4-Pro/Zooniverse/run_01/complete.request.json
312,ff008142607404cc33880b40d864570fd55553d767d602c295a900494b29b8dd,results/raw/one_shot/DeepSeek-V4-Pro/Zooniverse/run_02/complete.request.json,outputs/raw/one_shot/DeepSeek-V4-Pro/Zooniverse/run_02/complete.request.json
312,ff008142607404cc33880b40d864570fd55553d767d602c295a900494b29b8dd,results/raw/one_shot/DeepSeek-V4-Pro/Zooniverse/run_03/complete.request.json,outputs/raw/one_shot/DeepSeek-V4-Pro/Zooniverse/run_03/complete.request.json
312,ff008142607404cc33880b40d864570fd55553d767d602c295a900494b29b8dd,results/raw/one_shot/DeepSeek-V4-Pro/Zooniverse/run_04/complete.request.json,outputs/raw/one_shot/DeepSeek-V4-Pro/Zooniverse/run_04/complete.request.json
312,ff008142607404cc33880b40d864570fd55553d767d602c295a900494b29b8dd,results/raw/one_shot/DeepSeek-V4-Pro/Zooniverse/run_05/complete.request.json,outputs/raw/one_shot/DeepSeek-V4-Pro/Zooniverse/run_05/complete.request.json
313,2135a08903e45b8ff027cec053f39f5f8f9b37f442b3339a1624a95b536e9117,results/raw/one_shot/DeepSeek-V4-Pro/Zooniverse/run_01/conceptually_sound.request.json,outputs/raw/one_shot/DeepSeek-V4-Pro/Zooniverse/run_01/conceptually_sound.request.json
313,2135a08903e45b8ff027cec053f39f5f8f9b37f442b3339a1624a95b536e9117,results/raw/one_shot/DeepSeek-V4-Pro/Zooniverse/run_02/conceptually_sound.request.json,outputs/raw/one_shot/DeepSeek-V4-Pro/Zooniverse/run_02/conceptually_sound.request.json
313,2135a08903e45b8ff027cec053f39f5f8f9b37f442b3339a1624a95b536e9117,results/raw/one_shot/DeepSeek-V4-Pro/Zooniverse/run_03/conceptually_sound.request.json,outputs/raw/one_shot/DeepSeek-V4-Pro/Zooniverse/run_03/conceptually_sound.request.json
313,2135a08903e45b8ff027cec053f39f5f8f9b37f442b3339a1624a95b536e9117,results/raw/one_shot/DeepSeek-V4-Pro/Zooniverse/run_04/conceptually_sound.request.json,outputs/raw/one_shot/DeepSeek-V4-Pro/Zooniverse/run_04/conceptually_sound.request.json
313,2135a08903e45b8ff027cec053f39f5f8f9b37f442b3339a1624a95b536e9117,results/raw/one_shot/DeepSeek-V4-Pro/Zooniverse/run_05/conceptually_sound.request.json,outputs/raw/one_shot/DeepSeek-V4-Pro/Zooniverse/run_05/conceptually_sound.request.json
314,94b864790d86a42bfeb409147928435e03e4979d1bf6c54e0be8c175ae7c05b8,results/raw/one_shot/DeepSeek-V4-Pro/Zooniverse/run_01/conflict_free.request.json,outputs/raw/one_shot/DeepSeek-V4-Pro/Zooniverse/run_01/conflict_free.request.json
314,94b864790d86a42bfeb409147928435e03e4979d1bf6c54e0be8c175ae7c05b8,results/raw/one_shot/DeepSeek-V4-Pro/Zooniverse/run_02/conflict_free.request.json,outputs/raw/one_shot/DeepSeek-V4-Pro/Zooniverse/run_02/conflict_free.request.json
314,94b864790d86a42bfeb409147928435e03e4979d1bf6c54e0be8c175ae7c05b8,results/raw/one_shot/DeepSeek-V4-Pro/Zooniverse/run_03/conflict_free.request.json,outputs/raw/one_shot/DeepSeek-V4-Pro/Zooniverse/run_03/conflict_free.request.json
314,94b864790d86a42bfeb409147928435e03e4979d1bf6c54e0be8c175ae7c05b8,results/raw/one_shot/DeepSeek-V4-Pro/Zooniverse/run_04/conflict_free.request.json,outputs/raw/one_shot/DeepSeek-V4-Pro/Zooniverse/run_04/conflict_free.request.json
314,94b864790d86a42bfeb409147928435e03e4979d1bf6c54e0be8c175ae7c05b8,results/raw/one_shot/DeepSeek-V4-Pro/Zooniverse/run_05/conflict_free.request.json,outputs/raw/one_shot/DeepSeek-V4-Pro/Zooniverse/run_05/conflict_free.request.json
315,3d6f88285886d47b12bba47af9ee12d6e3613a98653882c1212e0e50babad098,results/raw/one_shot/DeepSeek-V4-Pro/Zooniverse/run_01/estimatable.request.json,outputs/raw/one_shot/DeepSeek-V4-Pro/Zooniverse/run_01/estimatable.request.json
315,3d6f88285886d47b12bba47af9ee12d6e3613a98653882c1212e0e50babad098,results/raw/one_shot/DeepSeek-V4-Pro/Zooniverse/run_02/estimatable.request.json,outputs/raw/one_shot/DeepSeek-V4-Pro/Zooniverse/run_02/estimatable.request.json
315,3d6f88285886d47b12bba47af9ee12d6e3613a98653882c1212e0e50babad098,results/raw/one_shot/DeepSeek-V4-Pro/Zooniverse/run_03/estimatable.request.json,outputs/raw/one_shot/DeepSeek-V4-Pro/Zooniverse/run_03/estimatable.request.json
315,3d6f88285886d47b12bba47af9ee12d6e3613a98653882c1212e0e50babad098,results/raw/one_shot/DeepSeek-V4-Pro/Zooniverse/run_04/estimatable.request.json,outputs/raw/one_shot/DeepSeek-V4-Pro/Zooniverse/run_04/estimatable.request.json
315,3d6f88285886d47b12bba47af9ee12d6e3613a98653882c1212e0e50babad098,results/raw/one_shot/DeepSeek-V4-Pro/Zooniverse/run_05/estimatable.request.json,outputs/raw/one_shot/DeepSeek-V4-Pro/Zooniverse/run_05/estimatable.request.json
316,cacb54c19727c9a1d216e6509a2798e54ca8e4a547e6d9902fbd9f49714b7376,results/raw/one_shot/DeepSeek-V4-Pro/Zooniverse/run_01/full_sentence.request.json,outputs/raw/one_shot/DeepSeek-V4-Pro/Zooniverse/run_01/full_sentence.request.json
316,cacb54c19727c9a1d216e6509a2798e54ca8e4a547e6d9902fbd9f49714b7376,results/raw/one_shot/DeepSeek-V4-Pro/Zooniverse/run_02/full_sentence.request.json,outputs/raw/one_shot/DeepSeek-V4-Pro/Zooniverse/run_02/full_sentence.request.json
316,cacb54c19727c9a1d216e6509a2798e54ca8e4a547e6d9902fbd9f49714b7376,results/raw/one_shot/DeepSeek-V4-Pro/Zooniverse/run_03/full_sentence.request.json,outputs/raw/one_shot/DeepSeek-V4-Pro/Zooniverse/run_03/full_sentence.request.json
316,cacb54c19727c9a1d216e6509a2798e54ca8e4a547e6d9902fbd9f49714b7376,results/raw/one_shot/DeepSeek-V4-Pro/Zooniverse/run_04/full_sentence.request.json,outputs/raw/one_shot/DeepSeek-V4-Pro/Zooniverse/run_04/full_sentence.request.json
316,cacb54c19727c9a1d216e6509a2798e54ca8e4a547e6d9902fbd9f49714b7376,results/raw/one_shot/DeepSeek-V4-Pro/Zooniverse/run_05/full_sentence.request.json,outputs/raw/one_shot/DeepSeek-V4-Pro/Zooniverse/run_05/full_sentence.request.json
317,6472430322387b69265da037a135936e3b3644a583a6671eef2438ecdd42c4ca,results/raw/one_shot/DeepSeek-V4-Pro/Zooniverse/run_01/independent.request.json,outputs/raw/one_shot/DeepSeek-V4-Pro/Zooniverse/run_01/independent.request.json
317,6472430322387b69265da037a135936e3b3644a583a6671eef2438ecdd42c4ca,results/raw/one_shot/DeepSeek-V4-Pro/Zooniverse/run_02/independent.request.json,outputs/raw/one_shot/DeepSeek-V4-Pro/Zooniverse/run_02/independent.request.json
317,6472430322387b69265da037a135936e3b3644a583a6671eef2438ecdd42c4ca,results/raw/one_shot/DeepSeek-V4-Pro/Zooniverse/run_03/independent.request.json,outputs/raw/one_shot/DeepSeek-V4-Pro/Zooniverse/run_03/independent.request.json
317,6472430322387b69265da037a135936e3b3644a583a6671eef2438ecdd42c4ca,results/raw/one_shot/DeepSeek-V4-Pro/Zooniverse/run_04/independent.request.json,outputs/raw/one_shot/DeepSeek-V4-Pro/Zooniverse/run_04/independent.request.json
317,6472430322387b69265da037a135936e3b3644a583a6671eef2438ecdd42c4ca,results/raw/one_shot/DeepSeek-V4-Pro/Zooniverse/run_05/independent.request.json,outputs/raw/one_shot/DeepSeek-V4-Pro/Zooniverse/run_05/independent.request.json
318,b1565f49281fe04ca43f00d1f2f47c71b0c6ce202383a196ba4873b6e3bd0f0a,results/raw/one_shot/DeepSeek-V4-Pro/Zooniverse/run_01/minimal.request.json,outputs/raw/one_shot/DeepSeek-V4-Pro/Zooniverse/run_01/minimal.request.json
318,b1565f49281fe04ca43f00d1f2f47c71b0c6ce202383a196ba4873b6e3bd0f0a,results/raw/one_shot/DeepSeek-V4-Pro/Zooniverse/run_02/minimal.request.json,outputs/raw/one_shot/DeepSeek-V4-Pro/Zooniverse/run_02/minimal.request.json
318,b1565f49281fe04ca43f00d1f2f47c71b0c6ce202383a196ba4873b6e3bd0f0a,results/raw/one_shot/DeepSeek-V4-Pro/Zooniverse/run_03/minimal.request.json,outputs/raw/one_shot/DeepSeek-V4-Pro/Zooniverse/run_03/minimal.request.json
318,b1565f49281fe04ca43f00d1f2f47c71b0c6ce202383a196ba4873b6e3bd0f0a,results/raw/one_shot/DeepSeek-V4-Pro/Zooniverse/run_04/minimal.request.json,outputs/raw/one_shot/DeepSeek-V4-Pro/Zooniverse/run_04/minimal.request.json
318,b1565f49281fe04ca43f00d1f2f47c71b0c6ce202383a196ba4873b6e3bd0f0a,results/raw/one_shot/DeepSeek-V4-Pro/Zooniverse/run_05/minimal.request.json,outputs/raw/one_shot/DeepSeek-V4-Pro/Zooniverse/run_05/minimal.request.json
319,31af7e457f454fffe95a1d6f462bb4f6125c3f0991d79a262b7f58cf28c9ee40,results/raw/one_shot/DeepSeek-V4-Pro/Zooniverse/run_01/problem_oriented.request.json,outputs/raw/one_shot/DeepSeek-V4-Pro/Zooniverse/run_01/problem_oriented.request.json
319,31af7e457f454fffe95a1d6f462bb4f6125c3f0991d79a262b7f58cf28c9ee40,results/raw/one_shot/DeepSeek-V4-Pro/Zooniverse/run_02/problem_oriented.request.json,outputs/raw/one_shot/DeepSeek-V4-Pro/Zooniverse/run_02/problem_oriented.request.json
319,31af7e457f454fffe95a1d6f462bb4f6125c3f0991d79a262b7f58cf28c9ee40,results/raw/one_shot/DeepSeek-V4-Pro/Zooniverse/run_03/problem_oriented.request.json,outputs/raw/one_shot/DeepSeek-V4-Pro/Zooniverse/run_03/problem_oriented.request.json
319,31af7e457f454fffe95a1d6f462bb4f6125c3f0991d79a262b7f58cf28c9ee40,results/raw/one_shot/DeepSeek-V4-Pro/Zooniverse/run_04/problem_oriented.request.json,outputs/raw/one_shot/DeepSeek-V4-Pro/Zooniverse/run_04/problem_oriented.request.json
319,31af7e457f454fffe95a1d6f462bb4f6125c3f0991d79a262b7f58cf28c9ee40,results/raw/one_shot/DeepSeek-V4-Pro/Zooniverse/run_05/problem_oriented.request.json,outputs/raw/one_shot/DeepSeek-V4-Pro/Zooniverse/run_05/problem_oriented.request.json
320,30bc2465ff202000a2c9b63f2802742e20c413cabeebcb35aca4615c2449e706,results/raw/one_shot/DeepSeek-V4-Pro/Zooniverse/run_01/unambiguous.request.json,outputs/raw/one_shot/DeepSeek-V4-Pro/Zooniverse/run_01/unambiguous.request.json
320,30bc2465ff202000a2c9b63f2802742e20c413cabeebcb35aca4615c2449e706,results/raw/one_shot/DeepSeek-V4-Pro/Zooniverse/run_02/unambiguous.request.json,outputs/raw/one_shot/DeepSeek-V4-Pro/Zooniverse/run_02/unambiguous.request.json
320,30bc2465ff202000a2c9b63f2802742e20c413cabeebcb35aca4615c2449e706,results/raw/one_shot/DeepSeek-V4-Pro/Zooniverse/run_03/unambiguous.request.json,outputs/raw/one_shot/DeepSeek-V4-Pro/Zooniverse/run_03/unambiguous.request.json
320,30bc2465ff202000a2c9b63f2802742e20c413cabeebcb35aca4615c2449e706,results/raw/one_shot/DeepSeek-V4-Pro/Zooniverse/run_04/unambiguous.request.json,outputs/raw/one_shot/DeepSeek-V4-Pro/Zooniverse/run_04/unambiguous.request.json
320,30bc2465ff202000a2c9b63f2802742e20c413cabeebcb35aca4615c2449e706,results/raw/one_shot/DeepSeek-V4-Pro/Zooniverse/run_05/unambiguous.request.json,outputs/raw/one_shot/DeepSeek-V4-Pro/Zooniverse/run_05/unambiguous.request.json
321,53ab9539c842cb9f4deeb674aec55d1508a8ecb7fe61ec4f4151916f54ea9a38,results/raw/one_shot/DeepSeek-V4-Pro/Zooniverse/run_01/uniform.request.json,outputs/raw/one_shot/DeepSeek-V4-Pro/Zooniverse/run_01/uniform.request.json
321,53ab9539c842cb9f4deeb674aec55d1508a8ecb7fe61ec4f4151916f54ea9a38,results/raw/one_shot/DeepSeek-V4-Pro/Zooniverse/run_02/uniform.request.json,outputs/raw/one_shot/DeepSeek-V4-Pro/Zooniverse/run_02/uniform.request.json
321,53ab9539c842cb9f4deeb674aec55d1508a8ecb7fe61ec4f4151916f54ea9a38,results/raw/one_shot/DeepSeek-V4-Pro/Zooniverse/run_03/uniform.request.json,outputs/raw/one_shot/DeepSeek-V4-Pro/Zooniverse/run_03/uniform.request.json
321,53ab9539c842cb9f4deeb674aec55d1508a8ecb7fe61ec4f4151916f54ea9a38,results/raw/one_shot/DeepSeek-V4-Pro/Zooniverse/run_04/uniform.request.json,outputs/raw/one_shot/DeepSeek-V4-Pro/Zooniverse/run_04/uniform.request.json
321,53ab9539c842cb9f4deeb674aec55d1508a8ecb7fe61ec4f4151916f54ea9a38,results/raw/one_shot/DeepSeek-V4-Pro/Zooniverse/run_05/uniform.request.json,outputs/raw/one_shot/DeepSeek-V4-Pro/Zooniverse/run_05/uniform.request.json
322,560a602cb2d23888d7185795551fcbc1c2a16b056cf82baba58b7c807d66a75c,results/raw/one_shot/DeepSeek-V4-Pro/Zooniverse/run_01/unique.request.json,outputs/raw/one_shot/DeepSeek-V4-Pro/Zooniverse/run_01/unique.request.json
322,560a602cb2d23888d7185795551fcbc1c2a16b056cf82baba58b7c807d66a75c,results/raw/one_shot/DeepSeek-V4-Pro/Zooniverse/run_02/unique.request.json,outputs/raw/one_shot/DeepSeek-V4-Pro/Zooniverse/run_02/unique.request.json
322,560a602cb2d23888d7185795551fcbc1c2a16b056cf82baba58b7c807d66a75c,results/raw/one_shot/DeepSeek-V4-Pro/Zooniverse/run_03/unique.request.json,outputs/raw/one_shot/DeepSeek-V4-Pro/Zooniverse/run_03/unique.request.json
322,560a602cb2d23888d7185795551fcbc1c2a16b056cf82baba58b7c807d66a75c,results/raw/one_shot/DeepSeek-V4-Pro/Zooniverse/run_04/unique.request.json,outputs/raw/one_shot/DeepSeek-V4-Pro/Zooniverse/run_04/unique.request.json
322,560a602cb2d23888d7185795551fcbc1c2a16b056cf82baba58b7c807d66a75c,results/raw/one_shot/DeepSeek-V4-Pro/Zooniverse/run_05/unique.request.json,outputs/raw/one_shot/DeepSeek-V4-Pro/Zooniverse/run_05/unique.request.json
323,592c500881ea17df68094d5059f153a97ecd30d9c6b4124c5280929e4ca05ecb,results/raw/one_shot/DeepSeek-V4-Pro/Zooniverse/run_01/well_formed.request.json,outputs/raw/one_shot/DeepSeek-V4-Pro/Zooniverse/run_01/well_formed.request.json
323,592c500881ea17df68094d5059f153a97ecd30d9c6b4124c5280929e4ca05ecb,results/raw/one_shot/DeepSeek-V4-Pro/Zooniverse/run_02/well_formed.request.json,outputs/raw/one_shot/DeepSeek-V4-Pro/Zooniverse/run_02/well_formed.request.json
323,592c500881ea17df68094d5059f153a97ecd30d9c6b4124c5280929e4ca05ecb,results/raw/one_shot/DeepSeek-V4-Pro/Zooniverse/run_03/well_formed.request.json,outputs/raw/one_shot/DeepSeek-V4-Pro/Zooniverse/run_03/well_formed.request.json
323,592c500881ea17df68094d5059f153a97ecd30d9c6b4124c5280929e4ca05ecb,results/raw/one_shot/DeepSeek-V4-Pro/Zooniverse/run_04/well_formed.request.json,outputs/raw/one_shot/DeepSeek-V4-Pro/Zooniverse/run_04/well_formed.request.json
323,592c500881ea17df68094d5059f153a97ecd30d9c6b4124c5280929e4ca05ecb,results/raw/one_shot/DeepSeek-V4-Pro/Zooniverse/run_05/well_formed.request.json,outputs/raw/one_shot/DeepSeek-V4-Pro/Zooniverse/run_05/well_formed.request.json
324,b9bb1e6149f6bc75430e5629ca09995a961f7e872e75966fe07d3a6873ec7636,results/raw/one_shot/GPT-5-Mini/BADCamp/run_01/atomic.request.json,outputs/raw/one_shot/GPT-5-Mini/BADCamp/run_01/atomic.request.json
324,b9bb1e6149f6bc75430e5629ca09995a961f7e872e75966fe07d3a6873ec7636,results/raw/one_shot/GPT-5-Mini/BADCamp/run_02/atomic.request.json,outputs/raw/one_shot/GPT-5-Mini/BADCamp/run_02/atomic.request.json
324,b9bb1e6149f6bc75430e5629ca09995a961f7e872e75966fe07d3a6873ec7636,results/raw/one_shot/GPT-5-Mini/BADCamp/run_03/atomic.request.json,outputs/raw/one_shot/GPT-5-Mini/BADCamp/run_03/atomic.request.json
324,b9bb1e6149f6bc75430e5629ca09995a961f7e872e75966fe07d3a6873ec7636,results/raw/one_shot/GPT-5-Mini/BADCamp/run_04/atomic.request.json,outputs/raw/one_shot/GPT-5-Mini/BADCamp/run_04/atomic.request.json
324,b9bb1e6149f6bc75430e5629ca09995a961f7e872e75966fe07d3a6873ec7636,results/raw/one_shot/GPT-5-Mini/BADCamp/run_05/atomic.request.json,outputs/raw/one_shot/GPT-5-Mini/BADCamp/run_05/atomic.request.json
325,da5a0584ec9d2338a729550fd42534094150a26d40b549e2ae99bb8a024263a7,results/raw/one_shot/GPT-5-Mini/BADCamp/run_01/complete.request.json,outputs/raw/one_shot/GPT-5-Mini/BADCamp/run_01/complete.request.json
325,da5a0584ec9d2338a729550fd42534094150a26d40b549e2ae99bb8a024263a7,results/raw/one_shot/GPT-5-Mini/BADCamp/run_02/complete.request.json,outputs/raw/one_shot/GPT-5-Mini/BADCamp/run_02/complete.request.json
325,da5a0584ec9d2338a729550fd42534094150a26d40b549e2ae99bb8a024263a7,results/raw/one_shot/GPT-5-Mini/BADCamp/run_03/complete.request.json,outputs/raw/one_shot/GPT-5-Mini/BADCamp/run_03/complete.request.json
325,da5a0584ec9d2338a729550fd42534094150a26d40b549e2ae99bb8a024263a7,results/raw/one_shot/GPT-5-Mini/BADCamp/run_04/complete.request.json,outputs/raw/one_shot/GPT-5-Mini/BADCamp/run_04/complete.request.json
325,da5a0584ec9d2338a729550fd42534094150a26d40b549e2ae99bb8a024263a7,results/raw/one_shot/GPT-5-Mini/BADCamp/run_05/complete.request.json,outputs/raw/one_shot/GPT-5-Mini/BADCamp/run_05/complete.request.json
326,0f35622c881cfec2b05b51282b7d794cc25024719f8890a2299e28affd40c0a6,results/raw/one_shot/GPT-5-Mini/BADCamp/run_01/conceptually_sound.request.json,outputs/raw/one_shot/GPT-5-Mini/BADCamp/run_01/conceptually_sound.request.json
326,0f35622c881cfec2b05b51282b7d794cc25024719f8890a2299e28affd40c0a6,results/raw/one_shot/GPT-5-Mini/BADCamp/run_02/conceptually_sound.request.json,outputs/raw/one_shot/GPT-5-Mini/BADCamp/run_02/conceptually_sound.request.json
326,0f35622c881cfec2b05b51282b7d794cc25024719f8890a2299e28affd40c0a6,results/raw/one_shot/GPT-5-Mini/BADCamp/run_03/conceptually_sound.request.json,outputs/raw/one_shot/GPT-5-Mini/BADCamp/run_03/conceptually_sound.request.json
326,0f35622c881cfec2b05b51282b7d794cc25024719f8890a2299e28affd40c0a6,results/raw/one_shot/GPT-5-Mini/BADCamp/run_04/conceptually_sound.request.json,outputs/raw/one_shot/GPT-5-Mini/BADCamp/run_04/conceptually_sound.request.json
326,0f35622c881cfec2b05b51282b7d794cc25024719f8890a2299e28affd40c0a6,results/raw/one_shot/GPT-5-Mini/BADCamp/run_05/conceptually_sound.request.json,outputs/raw/one_shot/GPT-5-Mini/BADCamp/run_05/conceptually_sound.request.json
327,bdb5556da0d607afa8893e8622c03ab886b0439947032cffafd3aba6dd1ff140,results/raw/one_shot/GPT-5-Mini/BADCamp/run_01/conflict_free.request.json,outputs/raw/one_shot/GPT-5-Mini/BADCamp/run_01/conflict_free.request.json
327,bdb5556da0d607afa8893e8622c03ab886b0439947032cffafd3aba6dd1ff140,results/raw/one_shot/GPT-5-Mini/BADCamp/run_02/conflict_free.request.json,outputs/raw/one_shot/GPT-5-Mini/BADCamp/run_02/conflict_free.request.json
327,bdb5556da0d607afa8893e8622c03ab886b0439947032cffafd3aba6dd1ff140,results/raw/one_shot/GPT-5-Mini/BADCamp/run_03/conflict_free.request.json,outputs/raw/one_shot/GPT-5-Mini/BADCamp/run_03/conflict_free.request.json
327,bdb5556da0d607afa8893e8622c03ab886b0439947032cffafd3aba6dd1ff140,results/raw/one_shot/GPT-5-Mini/BADCamp/run_04/conflict_free.request.json,outputs/raw/one_shot/GPT-5-Mini/BADCamp/run_04/conflict_free.request.json
327,bdb5556da0d607afa8893e8622c03ab886b0439947032cffafd3aba6dd1ff140,results/raw/one_shot/GPT-5-Mini/BADCamp/run_05/conflict_free.request.json,outputs/raw/one_shot/GPT-5-Mini/BADCamp/run_05/conflict_free.request.json
328,d2b85d84ce7b1264e3f0189fbb6cc311dc04acebd188d6f57a988d7616c9bdd9,results/raw/one_shot/GPT-5-Mini/BADCamp/run_01/estimatable.request.json,outputs/raw/one_shot/GPT-5-Mini/BADCamp/run_01/estimatable.request.json
328,d2b85d84ce7b1264e3f0189fbb6cc311dc04acebd188d6f57a988d7616c9bdd9,results/raw/one_shot/GPT-5-Mini/BADCamp/run_02/estimatable.request.json,outputs/raw/one_shot/GPT-5-Mini/BADCamp/run_02/estimatable.request.json
328,d2b85d84ce7b1264e3f0189fbb6cc311dc04acebd188d6f57a988d7616c9bdd9,results/raw/one_shot/GPT-5-Mini/BADCamp/run_03/estimatable.request.json,outputs/raw/one_shot/GPT-5-Mini/BADCamp/run_03/estimatable.request.json
328,d2b85d84ce7b1264e3f0189fbb6cc311dc04acebd188d6f57a988d7616c9bdd9,results/raw/one_shot/GPT-5-Mini/BADCamp/run_04/estimatable.request.json,outputs/raw/one_shot/GPT-5-Mini/BADCamp/run_04/estimatable.request.json
328,d2b85d84ce7b1264e3f0189fbb6cc311dc04acebd188d6f57a988d7616c9bdd9,results/raw/one_shot/GPT-5-Mini/BADCamp/run_05/estimatable.request.json,outputs/raw/one_shot/GPT-5-Mini/BADCamp/run_05/estimatable.request.json
329,f84db9420cc00958cde57ed9f32e23f6a2479332054f60ef10464d28fb9fdf21,results/raw/one_shot/GPT-5-Mini/BADCamp/run_01/full_sentence.request.json,outputs/raw/one_shot/GPT-5-Mini/BADCamp/run_01/full_sentence.request.json
329,f84db9420cc00958cde57ed9f32e23f6a2479332054f60ef10464d28fb9fdf21,results/raw/one_shot/GPT-5-Mini/BADCamp/run_02/full_sentence.request.json,outputs/raw/one_shot/GPT-5-Mini/BADCamp/run_02/full_sentence.request.json
329,f84db9420cc00958cde57ed9f32e23f6a2479332054f60ef10464d28fb9fdf21,results/raw/one_shot/GPT-5-Mini/BADCamp/run_03/full_sentence.request.json,outputs/raw/one_shot/GPT-5-Mini/BADCamp/run_03/full_sentence.request.json
329,f84db9420cc00958cde57ed9f32e23f6a2479332054f60ef10464d28fb9fdf21,results/raw/one_shot/GPT-5-Mini/BADCamp/run_04/full_sentence.request.json,outputs/raw/one_shot/GPT-5-Mini/BADCamp/run_04/full_sentence.request.json
329,f84db9420cc00958cde57ed9f32e23f6a2479332054f60ef10464d28fb9fdf21,results/raw/one_shot/GPT-5-Mini/BADCamp/run_05/full_sentence.request.json,outputs/raw/one_shot/GPT-5-Mini/BADCamp/run_05/full_sentence.request.json
330,94c1a44eefcc6997cae8bba19797076de76107d8abaacb85869960f6dcd83ec4,results/raw/one_shot/GPT-5-Mini/BADCamp/run_01/independent.request.json,outputs/raw/one_shot/GPT-5-Mini/BADCamp/run_01/independent.request.json
330,94c1a44eefcc6997cae8bba19797076de76107d8abaacb85869960f6dcd83ec4,results/raw/one_shot/GPT-5-Mini/BADCamp/run_02/independent.request.json,outputs/raw/one_shot/GPT-5-Mini/BADCamp/run_02/independent.request.json
330,94c1a44eefcc6997cae8bba19797076de76107d8abaacb85869960f6dcd83ec4,results/raw/one_shot/GPT-5-Mini/BADCamp/run_03/independent.request.json,outputs/raw/one_shot/GPT-5-Mini/BADCamp/run_03/independent.request.json
330,94c1a44eefcc6997cae8bba19797076de76107d8abaacb85869960f6dcd83ec4,results/raw/one_shot/GPT-5-Mini/BADCamp/run_04/independent.request.json,outputs/raw/one_shot/GPT-5-Mini/BADCamp/run_04/independent.request.json
330,94c1a44eefcc6997cae8bba19797076de76107d8abaacb85869960f6dcd83ec4,results/raw/one_shot/GPT-5-Mini/BADCamp/run_05/independent.request.json,outputs/raw/one_shot/GPT-5-Mini/BADCamp/run_05/independent.request.json
331,df014605f731f7ce4b1d6c3fcb40fb739f1c81a4bf9d3470f3b81a0fda155811,results/raw/one_shot/GPT-5-Mini/BADCamp/run_01/minimal.request.json,outputs/raw/one_shot/GPT-5-Mini/BADCamp/run_01/minimal.request.json
331,df014605f731f7ce4b1d6c3fcb40fb739f1c81a4bf9d3470f3b81a0fda155811,results/raw/one_shot/GPT-5-Mini/BADCamp/run_02/minimal.request.json,outputs/raw/one_shot/GPT-5-Mini/BADCamp/run_02/minimal.request.json
331,df014605f731f7ce4b1d6c3fcb40fb739f1c81a4bf9d3470f3b81a0fda155811,results/raw/one_shot/GPT-5-Mini/BADCamp/run_03/minimal.request.json,outputs/raw/one_shot/GPT-5-Mini/BADCamp/run_03/minimal.request.json
331,df014605f731f7ce4b1d6c3fcb40fb739f1c81a4bf9d3470f3b81a0fda155811,results/raw/one_shot/GPT-5-Mini/BADCamp/run_04/minimal.request.json,outputs/raw/one_shot/GPT-5-Mini/BADCamp/run_04/minimal.request.json
331,df014605f731f7ce4b1d6c3fcb40fb739f1c81a4bf9d3470f3b81a0fda155811,results/raw/one_shot/GPT-5-Mini/BADCamp/run_05/minimal.request.json,outputs/raw/one_shot/GPT-5-Mini/BADCamp/run_05/minimal.request.json
332,4a4e17c1798b1c38b1fa39ee6d556b34453eb2e0a40211a4ada6af7a2216d725,results/raw/one_shot/GPT-5-Mini/BADCamp/run_01/problem_oriented.request.json,outputs/raw/one_shot/GPT-5-Mini/BADCamp/run_01/problem_oriented.request.json
332,4a4e17c1798b1c38b1fa39ee6d556b34453eb2e0a40211a4ada6af7a2216d725,results/raw/one_shot/GPT-5-Mini/BADCamp/run_02/problem_oriented.request.json,outputs/raw/one_shot/GPT-5-Mini/BADCamp/run_02/problem_oriented.request.json
332,4a4e17c1798b1c38b1fa39ee6d556b34453eb2e0a40211a4ada6af7a2216d725,results/raw/one_shot/GPT-5-Mini/BADCamp/run_03/problem_oriented.request.json,outputs/raw/one_shot/GPT-5-Mini/BADCamp/run_03/problem_oriented.request.json
332,4a4e17c1798b1c38b1fa39ee6d556b34453eb2e0a40211a4ada6af7a2216d725,results/raw/one_shot/GPT-5-Mini/BADCamp/run_04/problem_oriented.request.json,outputs/raw/one_shot/GPT-5-Mini/BADCamp/run_04/problem_oriented.request.json
332,4a4e17c1798b1c38b1fa39ee6d556b34453eb2e0a40211a4ada6af7a2216d725,results/raw/one_shot/GPT-5-Mini/BADCamp/run_05/problem_oriented.request.json,outputs/raw/one_shot/GPT-5-Mini/BADCamp/run_05/problem_oriented.request.json
333,7b16a8aa5f882757c3ec92bb78e8f363e33d209325fee73c3e639d0c3f0a74e4,results/raw/one_shot/GPT-5-Mini/BADCamp/run_01/unambiguous.request.json,outputs/raw/one_shot/GPT-5-Mini/BADCamp/run_01/unambiguous.request.json
333,7b16a8aa5f882757c3ec92bb78e8f363e33d209325fee73c3e639d0c3f0a74e4,results/raw/one_shot/GPT-5-Mini/BADCamp/run_02/unambiguous.request.json,outputs/raw/one_shot/GPT-5-Mini/BADCamp/run_02/unambiguous.request.json
333,7b16a8aa5f882757c3ec92bb78e8f363e33d209325fee73c3e639d0c3f0a74e4,results/raw/one_shot/GPT-5-Mini/BADCamp/run_03/unambiguous.request.json,outputs/raw/one_shot/GPT-5-Mini/BADCamp/run_03/unambiguous.request.json
333,7b16a8aa5f882757c3ec92bb78e8f363e33d209325fee73c3e639d0c3f0a74e4,results/raw/one_shot/GPT-5-Mini/BADCamp/run_04/unambiguous.request.json,outputs/raw/one_shot/GPT-5-Mini/BADCamp/run_04/unambiguous.request.json
333,7b16a8aa5f882757c3ec92bb78e8f363e33d209325fee73c3e639d0c3f0a74e4,results/raw/one_shot/GPT-5-Mini/BADCamp/run_05/unambiguous.request.json,outputs/raw/one_shot/GPT-5-Mini/BADCamp/run_05/unambiguous.request.json
334,4b3baa8e8e9722a3c5515b1df13ad77607f3d52b0fba9f7e3e28d033200c39ba,results/raw/one_shot/GPT-5-Mini/BADCamp/run_01/uniform.request.json,outputs/raw/one_shot/GPT-5-Mini/BADCamp/run_01/uniform.request.json
334,4b3baa8e8e9722a3c5515b1df13ad77607f3d52b0fba9f7e3e28d033200c39ba,results/raw/one_shot/GPT-5-Mini/BADCamp/run_02/uniform.request.json,outputs/raw/one_shot/GPT-5-Mini/BADCamp/run_02/uniform.request.json
334,4b3baa8e8e9722a3c5515b1df13ad77607f3d52b0fba9f7e3e28d033200c39ba,results/raw/one_shot/GPT-5-Mini/BADCamp/run_03/uniform.request.json,outputs/raw/one_shot/GPT-5-Mini/BADCamp/run_03/uniform.request.json
334,4b3baa8e8e9722a3c5515b1df13ad77607f3d52b0fba9f7e3e28d033200c39ba,results/raw/one_shot/GPT-5-Mini/BADCamp/run_04/uniform.request.json,outputs/raw/one_shot/GPT-5-Mini/BADCamp/run_04/uniform.request.json
334,4b3baa8e8e9722a3c5515b1df13ad77607f3d52b0fba9f7e3e28d033200c39ba,results/raw/one_shot/GPT-5-Mini/BADCamp/run_05/uniform.request.json,outputs/raw/one_shot/GPT-5-Mini/BADCamp/run_05/uniform.request.json
335,695e621acc13b326d4a75fc2b080ebb6662df7a665516dc94de9fd8e8a76d80f,results/raw/one_shot/GPT-5-Mini/BADCamp/run_01/unique.request.json,outputs/raw/one_shot/GPT-5-Mini/BADCamp/run_01/unique.request.json
335,695e621acc13b326d4a75fc2b080ebb6662df7a665516dc94de9fd8e8a76d80f,results/raw/one_shot/GPT-5-Mini/BADCamp/run_02/unique.request.json,outputs/raw/one_shot/GPT-5-Mini/BADCamp/run_02/unique.request.json
335,695e621acc13b326d4a75fc2b080ebb6662df7a665516dc94de9fd8e8a76d80f,results/raw/one_shot/GPT-5-Mini/BADCamp/run_03/unique.request.json,outputs/raw/one_shot/GPT-5-Mini/BADCamp/run_03/unique.request.json
335,695e621acc13b326d4a75fc2b080ebb6662df7a665516dc94de9fd8e8a76d80f,results/raw/one_shot/GPT-5-Mini/BADCamp/run_04/unique.request.json,outputs/raw/one_shot/GPT-5-Mini/BADCamp/run_04/unique.request.json
335,695e621acc13b326d4a75fc2b080ebb6662df7a665516dc94de9fd8e8a76d80f,results/raw/one_shot/GPT-5-Mini/BADCamp/run_05/unique.request.json,outputs/raw/one_shot/GPT-5-Mini/BADCamp/run_05/unique.request.json
336,51fd349b529a3786215d8c5a6155e5c69d7733dca7dd97b37e2aac1afa5ca6a5,results/raw/one_shot/GPT-5-Mini/BADCamp/run_01/well_formed.request.json,outputs/raw/one_shot/GPT-5-Mini/BADCamp/run_01/well_formed.request.json
336,51fd349b529a3786215d8c5a6155e5c69d7733dca7dd97b37e2aac1afa5ca6a5,results/raw/one_shot/GPT-5-Mini/BADCamp/run_02/well_formed.request.json,outputs/raw/one_shot/GPT-5-Mini/BADCamp/run_02/well_formed.request.json
336,51fd349b529a3786215d8c5a6155e5c69d7733dca7dd97b37e2aac1afa5ca6a5,results/raw/one_shot/GPT-5-Mini/BADCamp/run_03/well_formed.request.json,outputs/raw/one_shot/GPT-5-Mini/BADCamp/run_03/well_formed.request.json
336,51fd349b529a3786215d8c5a6155e5c69d7733dca7dd97b37e2aac1afa5ca6a5,results/raw/one_shot/GPT-5-Mini/BADCamp/run_04/well_formed.request.json,outputs/raw/one_shot/GPT-5-Mini/BADCamp/run_04/well_formed.request.json
336,51fd349b529a3786215d8c5a6155e5c69d7733dca7dd97b37e2aac1afa5ca6a5,results/raw/one_shot/GPT-5-Mini/BADCamp/run_05/well_formed.request.json,outputs/raw/one_shot/GPT-5-Mini/BADCamp/run_05/well_formed.request.json
337,e0bdfc07eab026ffc0eae7d561af3038ef58ec618ca188328ff01b21981f8899,results/raw/one_shot/GPT-5-Mini/PlanningPoker/run_01/atomic.request.json,outputs/raw/one_shot/GPT-5-Mini/PlanningPoker/run_01/atomic.request.json
337,e0bdfc07eab026ffc0eae7d561af3038ef58ec618ca188328ff01b21981f8899,results/raw/one_shot/GPT-5-Mini/PlanningPoker/run_02/atomic.request.json,outputs/raw/one_shot/GPT-5-Mini/PlanningPoker/run_02/atomic.request.json
337,e0bdfc07eab026ffc0eae7d561af3038ef58ec618ca188328ff01b21981f8899,results/raw/one_shot/GPT-5-Mini/PlanningPoker/run_03/atomic.request.json,outputs/raw/one_shot/GPT-5-Mini/PlanningPoker/run_03/atomic.request.json
337,e0bdfc07eab026ffc0eae7d561af3038ef58ec618ca188328ff01b21981f8899,results/raw/one_shot/GPT-5-Mini/PlanningPoker/run_04/atomic.request.json,outputs/raw/one_shot/GPT-5-Mini/PlanningPoker/run_04/atomic.request.json
337,e0bdfc07eab026ffc0eae7d561af3038ef58ec618ca188328ff01b21981f8899,results/raw/one_shot/GPT-5-Mini/PlanningPoker/run_05/atomic.request.json,outputs/raw/one_shot/GPT-5-Mini/PlanningPoker/run_05/atomic.request.json
338,05e4634f22789ea7f6b6e0e16a5884312c8075005372425c64dda49b5dca0e61,results/raw/one_shot/GPT-5-Mini/PlanningPoker/run_01/complete.request.json,outputs/raw/one_shot/GPT-5-Mini/PlanningPoker/run_01/complete.request.json
338,05e4634f22789ea7f6b6e0e16a5884312c8075005372425c64dda49b5dca0e61,results/raw/one_shot/GPT-5-Mini/PlanningPoker/run_02/complete.request.json,outputs/raw/one_shot/GPT-5-Mini/PlanningPoker/run_02/complete.request.json
338,05e4634f22789ea7f6b6e0e16a5884312c8075005372425c64dda49b5dca0e61,results/raw/one_shot/GPT-5-Mini/PlanningPoker/run_03/complete.request.json,outputs/raw/one_shot/GPT-5-Mini/PlanningPoker/run_03/complete.request.json
338,05e4634f22789ea7f6b6e0e16a5884312c8075005372425c64dda49b5dca0e61,results/raw/one_shot/GPT-5-Mini/PlanningPoker/run_04/complete.request.json,outputs/raw/one_shot/GPT-5-Mini/PlanningPoker/run_04/complete.request.json
338,05e4634f22789ea7f6b6e0e16a5884312c8075005372425c64dda49b5dca0e61,results/raw/one_shot/GPT-5-Mini/PlanningPoker/run_05/complete.request.json,outputs/raw/one_shot/GPT-5-Mini/PlanningPoker/run_05/complete.request.json
339,fe747077ac0db20a5505a10fd151c28c271bdea1ad76e20b99f613f590650cf4,results/raw/one_shot/GPT-5-Mini/PlanningPoker/run_01/conceptually_sound.request.json,outputs/raw/one_shot/GPT-5-Mini/PlanningPoker/run_01/conceptually_sound.request.json
339,fe747077ac0db20a5505a10fd151c28c271bdea1ad76e20b99f613f590650cf4,results/raw/one_shot/GPT-5-Mini/PlanningPoker/run_02/conceptually_sound.request.json,outputs/raw/one_shot/GPT-5-Mini/PlanningPoker/run_02/conceptually_sound.request.json
339,fe747077ac0db20a5505a10fd151c28c271bdea1ad76e20b99f613f590650cf4,results/raw/one_shot/GPT-5-Mini/PlanningPoker/run_03/conceptually_sound.request.json,outputs/raw/one_shot/GPT-5-Mini/PlanningPoker/run_03/conceptually_sound.request.json
339,fe747077ac0db20a5505a10fd151c28c271bdea1ad76e20b99f613f590650cf4,results/raw/one_shot/GPT-5-Mini/PlanningPoker/run_04/conceptually_sound.request.json,outputs/raw/one_shot/GPT-5-Mini/PlanningPoker/run_04/conceptually_sound.request.json
339,fe747077ac0db20a5505a10fd151c28c271bdea1ad76e20b99f613f590650cf4,results/raw/one_shot/GPT-5-Mini/PlanningPoker/run_05/conceptually_sound.request.json,outputs/raw/one_shot/GPT-5-Mini/PlanningPoker/run_05/conceptually_sound.request.json
340,f02e5879cf2631e6031dc00fee04264c2321aa191175ea3c1a94497099c6e1bf,results/raw/one_shot/GPT-5-Mini/PlanningPoker/run_01/conflict_free.request.json,outputs/raw/one_shot/GPT-5-Mini/PlanningPoker/run_01/conflict_free.request.json
340,f02e5879cf2631e6031dc00fee04264c2321aa191175ea3c1a94497099c6e1bf,results/raw/one_shot/GPT-5-Mini/PlanningPoker/run_02/conflict_free.request.json,outputs/raw/one_shot/GPT-5-Mini/PlanningPoker/run_02/conflict_free.request.json
340,f02e5879cf2631e6031dc00fee04264c2321aa191175ea3c1a94497099c6e1bf,results/raw/one_shot/GPT-5-Mini/PlanningPoker/run_03/conflict_free.request.json,outputs/raw/one_shot/GPT-5-Mini/PlanningPoker/run_03/conflict_free.request.json
340,f02e5879cf2631e6031dc00fee04264c2321aa191175ea3c1a94497099c6e1bf,results/raw/one_shot/GPT-5-Mini/PlanningPoker/run_04/conflict_free.request.json,outputs/raw/one_shot/GPT-5-Mini/PlanningPoker/run_04/conflict_free.request.json
340,f02e5879cf2631e6031dc00fee04264c2321aa191175ea3c1a94497099c6e1bf,results/raw/one_shot/GPT-5-Mini/PlanningPoker/run_05/conflict_free.request.json,outputs/raw/one_shot/GPT-5-Mini/PlanningPoker/run_05/conflict_free.request.json
341,3d391aa98b2b7342431fce96dc9fb625b44baf1001a0ed24344f3b001a0fb105,results/raw/one_shot/GPT-5-Mini/PlanningPoker/run_01/estimatable.request.json,outputs/raw/one_shot/GPT-5-Mini/PlanningPoker/run_01/estimatable.request.json
341,3d391aa98b2b7342431fce96dc9fb625b44baf1001a0ed24344f3b001a0fb105,results/raw/one_shot/GPT-5-Mini/PlanningPoker/run_02/estimatable.request.json,outputs/raw/one_shot/GPT-5-Mini/PlanningPoker/run_02/estimatable.request.json
341,3d391aa98b2b7342431fce96dc9fb625b44baf1001a0ed24344f3b001a0fb105,results/raw/one_shot/GPT-5-Mini/PlanningPoker/run_03/estimatable.request.json,outputs/raw/one_shot/GPT-5-Mini/PlanningPoker/run_03/estimatable.request.json
341,3d391aa98b2b7342431fce96dc9fb625b44baf1001a0ed24344f3b001a0fb105,results/raw/one_shot/GPT-5-Mini/PlanningPoker/run_04/estimatable.request.json,outputs/raw/one_shot/GPT-5-Mini/PlanningPoker/run_04/estimatable.request.json
341,3d391aa98b2b7342431fce96dc9fb625b44baf1001a0ed24344f3b001a0fb105,results/raw/one_shot/GPT-5-Mini/PlanningPoker/run_05/estimatable.request.json,outputs/raw/one_shot/GPT-5-Mini/PlanningPoker/run_05/estimatable.request.json
342,f0efd2b99ba0daeaf88909e1e50761f2c6f73171183378040a888787861b0374,results/raw/one_shot/GPT-5-Mini/PlanningPoker/run_01/full_sentence.request.json,outputs/raw/one_shot/GPT-5-Mini/PlanningPoker/run_01/full_sentence.request.json
342,f0efd2b99ba0daeaf88909e1e50761f2c6f73171183378040a888787861b0374,results/raw/one_shot/GPT-5-Mini/PlanningPoker/run_02/full_sentence.request.json,outputs/raw/one_shot/GPT-5-Mini/PlanningPoker/run_02/full_sentence.request.json
342,f0efd2b99ba0daeaf88909e1e50761f2c6f73171183378040a888787861b0374,results/raw/one_shot/GPT-5-Mini/PlanningPoker/run_03/full_sentence.request.json,outputs/raw/one_shot/GPT-5-Mini/PlanningPoker/run_03/full_sentence.request.json
342,f0efd2b99ba0daeaf88909e1e50761f2c6f73171183378040a888787861b0374,results/raw/one_shot/GPT-5-Mini/PlanningPoker/run_04/full_sentence.request.json,outputs/raw/one_shot/GPT-5-Mini/PlanningPoker/run_04/full_sentence.request.json
342,f0efd2b99ba0daeaf88909e1e50761f2c6f73171183378040a888787861b0374,results/raw/one_shot/GPT-5-Mini/PlanningPoker/run_05/full_sentence.request.json,outputs/raw/one_shot/GPT-5-Mini/PlanningPoker/run_05/full_sentence.request.json
343,228d0b3248eae343a7f59d8f224751ac7c90702cad8929467a5a29ff3ad2b643,results/raw/one_shot/GPT-5-Mini/PlanningPoker/run_01/independent.request.json,outputs/raw/one_shot/GPT-5-Mini/PlanningPoker/run_01/independent.request.json
343,228d0b3248eae343a7f59d8f224751ac7c90702cad8929467a5a29ff3ad2b643,results/raw/one_shot/GPT-5-Mini/PlanningPoker/run_02/independent.request.json,outputs/raw/one_shot/GPT-5-Mini/PlanningPoker/run_02/independent.request.json
343,228d0b3248eae343a7f59d8f224751ac7c90702cad8929467a5a29ff3ad2b643,results/raw/one_shot/GPT-5-Mini/PlanningPoker/run_03/independent.request.json,outputs/raw/one_shot/GPT-5-Mini/PlanningPoker/run_03/independent.request.json
343,228d0b3248eae343a7f59d8f224751ac7c90702cad8929467a5a29ff3ad2b643,results/raw/one_shot/GPT-5-Mini/PlanningPoker/run_04/independent.request.json,outputs/raw/one_shot/GPT-5-Mini/PlanningPoker/run_04/independent.request.json
343,228d0b3248eae343a7f59d8f224751ac7c90702cad8929467a5a29ff3ad2b643,results/raw/one_shot/GPT-5-Mini/PlanningPoker/run_05/independent.request.json,outputs/raw/one_shot/GPT-5-Mini/PlanningPoker/run_05/independent.request.json
344,044b88f9832074134bc0519a4a03cbc3e637bc8b85a17a7dfd23b21b275c150a,results/raw/one_shot/GPT-5-Mini/PlanningPoker/run_01/minimal.request.json,outputs/raw/one_shot/GPT-5-Mini/PlanningPoker/run_01/minimal.request.json
344,044b88f9832074134bc0519a4a03cbc3e637bc8b85a17a7dfd23b21b275c150a,results/raw/one_shot/GPT-5-Mini/PlanningPoker/run_02/minimal.request.json,outputs/raw/one_shot/GPT-5-Mini/PlanningPoker/run_02/minimal.request.json
344,044b88f9832074134bc0519a4a03cbc3e637bc8b85a17a7dfd23b21b275c150a,results/raw/one_shot/GPT-5-Mini/PlanningPoker/run_03/minimal.request.json,outputs/raw/one_shot/GPT-5-Mini/PlanningPoker/run_03/minimal.request.json
344,044b88f9832074134bc0519a4a03cbc3e637bc8b85a17a7dfd23b21b275c150a,results/raw/one_shot/GPT-5-Mini/PlanningPoker/run_04/minimal.request.json,outputs/raw/one_shot/GPT-5-Mini/PlanningPoker/run_04/minimal.request.json
344,044b88f9832074134bc0519a4a03cbc3e637bc8b85a17a7dfd23b21b275c150a,results/raw/one_shot/GPT-5-Mini/PlanningPoker/run_05/minimal.request.json,outputs/raw/one_shot/GPT-5-Mini/PlanningPoker/run_05/minimal.request.json
345,a64fff082fff5a5f6177a4c11168dadabaacb7c389080da6a580e31003af9a72,results/raw/one_shot/GPT-5-Mini/PlanningPoker/run_01/problem_oriented.request.json,outputs/raw/one_shot/GPT-5-Mini/PlanningPoker/run_01/problem_oriented.request.json
345,a64fff082fff5a5f6177a4c11168dadabaacb7c389080da6a580e31003af9a72,results/raw/one_shot/GPT-5-Mini/PlanningPoker/run_02/problem_oriented.request.json,outputs/raw/one_shot/GPT-5-Mini/PlanningPoker/run_02/problem_oriented.request.json
345,a64fff082fff5a5f6177a4c11168dadabaacb7c389080da6a580e31003af9a72,results/raw/one_shot/GPT-5-Mini/PlanningPoker/run_03/problem_oriented.request.json,outputs/raw/one_shot/GPT-5-Mini/PlanningPoker/run_03/problem_oriented.request.json
345,a64fff082fff5a5f6177a4c11168dadabaacb7c389080da6a580e31003af9a72,results/raw/one_shot/GPT-5-Mini/PlanningPoker/run_04/problem_oriented.request.json,outputs/raw/one_shot/GPT-5-Mini/PlanningPoker/run_04/problem_oriented.request.json
345,a64fff082fff5a5f6177a4c11168dadabaacb7c389080da6a580e31003af9a72,results/raw/one_shot/GPT-5-Mini/PlanningPoker/run_05/problem_oriented.request.json,outputs/raw/one_shot/GPT-5-Mini/PlanningPoker/run_05/problem_oriented.request.json
346,3b835c45145b784ef3e6fe17636a49a7961800fc6882eb712ca444f90afc0d20,results/raw/one_shot/GPT-5-Mini/PlanningPoker/run_01/unambiguous.request.json,outputs/raw/one_shot/GPT-5-Mini/PlanningPoker/run_01/unambiguous.request.json
346,3b835c45145b784ef3e6fe17636a49a7961800fc6882eb712ca444f90afc0d20,results/raw/one_shot/GPT-5-Mini/PlanningPoker/run_02/unambiguous.request.json,outputs/raw/one_shot/GPT-5-Mini/PlanningPoker/run_02/unambiguous.request.json
346,3b835c45145b784ef3e6fe17636a49a7961800fc6882eb712ca444f90afc0d20,results/raw/one_shot/GPT-5-Mini/PlanningPoker/run_03/unambiguous.request.json,outputs/raw/one_shot/GPT-5-Mini/PlanningPoker/run_03/unambiguous.request.json
346,3b835c45145b784ef3e6fe17636a49a7961800fc6882eb712ca444f90afc0d20,results/raw/one_shot/GPT-5-Mini/PlanningPoker/run_04/unambiguous.request.json,outputs/raw/one_shot/GPT-5-Mini/PlanningPoker/run_04/unambiguous.request.json
346,3b835c45145b784ef3e6fe17636a49a7961800fc6882eb712ca444f90afc0d20,results/raw/one_shot/GPT-5-Mini/PlanningPoker/run_05/unambiguous.request.json,outputs/raw/one_shot/GPT-5-Mini/PlanningPoker/run_05/unambiguous.request.json
347,274589d9a47ea44b6c370ce0551ff90d46262842af7d5745bc8123423e0d9376,results/raw/one_shot/GPT-5-Mini/PlanningPoker/run_01/uniform.request.json,outputs/raw/one_shot/GPT-5-Mini/PlanningPoker/run_01/uniform.request.json
347,274589d9a47ea44b6c370ce0551ff90d46262842af7d5745bc8123423e0d9376,results/raw/one_shot/GPT-5-Mini/PlanningPoker/run_02/uniform.request.json,outputs/raw/one_shot/GPT-5-Mini/PlanningPoker/run_02/uniform.request.json
347,274589d9a47ea44b6c370ce0551ff90d46262842af7d5745bc8123423e0d9376,results/raw/one_shot/GPT-5-Mini/PlanningPoker/run_03/uniform.request.json,outputs/raw/one_shot/GPT-5-Mini/PlanningPoker/run_03/uniform.request.json
347,274589d9a47ea44b6c370ce0551ff90d46262842af7d5745bc8123423e0d9376,results/raw/one_shot/GPT-5-Mini/PlanningPoker/run_04/uniform.request.json,outputs/raw/one_shot/GPT-5-Mini/PlanningPoker/run_04/uniform.request.json
347,274589d9a47ea44b6c370ce0551ff90d46262842af7d5745bc8123423e0d9376,results/raw/one_shot/GPT-5-Mini/PlanningPoker/run_05/uniform.request.json,outputs/raw/one_shot/GPT-5-Mini/PlanningPoker/run_05/uniform.request.json
348,16aa98171b7f6748d14564c3dabad9337804e3e35bfd38587e5466711031ee92,results/raw/one_shot/GPT-5-Mini/PlanningPoker/run_01/unique.request.json,outputs/raw/one_shot/GPT-5-Mini/PlanningPoker/run_01/unique.request.json
348,16aa98171b7f6748d14564c3dabad9337804e3e35bfd38587e5466711031ee92,results/raw/one_shot/GPT-5-Mini/PlanningPoker/run_02/unique.request.json,outputs/raw/one_shot/GPT-5-Mini/PlanningPoker/run_02/unique.request.json
348,16aa98171b7f6748d14564c3dabad9337804e3e35bfd38587e5466711031ee92,results/raw/one_shot/GPT-5-Mini/PlanningPoker/run_03/unique.request.json,outputs/raw/one_shot/GPT-5-Mini/PlanningPoker/run_03/unique.request.json
348,16aa98171b7f6748d14564c3dabad9337804e3e35bfd38587e5466711031ee92,results/raw/one_shot/GPT-5-Mini/PlanningPoker/run_04/unique.request.json,outputs/raw/one_shot/GPT-5-Mini/PlanningPoker/run_04/unique.request.json
348,16aa98171b7f6748d14564c3dabad9337804e3e35bfd38587e5466711031ee92,results/raw/one_shot/GPT-5-Mini/PlanningPoker/run_05/unique.request.json,outputs/raw/one_shot/GPT-5-Mini/PlanningPoker/run_05/unique.request.json
349,5fa212a6de40a4fdb5f1305e3321cdaa81930b1aec970441f676bc71b588bbb7,results/raw/one_shot/GPT-5-Mini/PlanningPoker/run_01/well_formed.request.json,outputs/raw/one_shot/GPT-5-Mini/PlanningPoker/run_01/well_formed.request.json
349,5fa212a6de40a4fdb5f1305e3321cdaa81930b1aec970441f676bc71b588bbb7,results/raw/one_shot/GPT-5-Mini/PlanningPoker/run_02/well_formed.request.json,outputs/raw/one_shot/GPT-5-Mini/PlanningPoker/run_02/well_formed.request.json
349,5fa212a6de40a4fdb5f1305e3321cdaa81930b1aec970441f676bc71b588bbb7,results/raw/one_shot/GPT-5-Mini/PlanningPoker/run_03/well_formed.request.json,outputs/raw/one_shot/GPT-5-Mini/PlanningPoker/run_03/well_formed.request.json
349,5fa212a6de40a4fdb5f1305e3321cdaa81930b1aec970441f676bc71b588bbb7,results/raw/one_shot/GPT-5-Mini/PlanningPoker/run_04/well_formed.request.json,outputs/raw/one_shot/GPT-5-Mini/PlanningPoker/run_04/well_formed.request.json
349,5fa212a6de40a4fdb5f1305e3321cdaa81930b1aec970441f676bc71b588bbb7,results/raw/one_shot/GPT-5-Mini/PlanningPoker/run_05/well_formed.request.json,outputs/raw/one_shot/GPT-5-Mini/PlanningPoker/run_05/well_formed.request.json
350,7ee636a7b8f6ccabc1e3a158aeeda4551246be8207e821818e929204b06d780e,results/raw/one_shot/GPT-5-Mini/Zooniverse/run_01/atomic.request.json,outputs/raw/one_shot/GPT-5-Mini/Zooniverse/run_01/atomic.request.json
350,7ee636a7b8f6ccabc1e3a158aeeda4551246be8207e821818e929204b06d780e,results/raw/one_shot/GPT-5-Mini/Zooniverse/run_02/atomic.request.json,outputs/raw/one_shot/GPT-5-Mini/Zooniverse/run_02/atomic.request.json
350,7ee636a7b8f6ccabc1e3a158aeeda4551246be8207e821818e929204b06d780e,results/raw/one_shot/GPT-5-Mini/Zooniverse/run_03/atomic.request.json,outputs/raw/one_shot/GPT-5-Mini/Zooniverse/run_03/atomic.request.json
350,7ee636a7b8f6ccabc1e3a158aeeda4551246be8207e821818e929204b06d780e,results/raw/one_shot/GPT-5-Mini/Zooniverse/run_04/atomic.request.json,outputs/raw/one_shot/GPT-5-Mini/Zooniverse/run_04/atomic.request.json
350,7ee636a7b8f6ccabc1e3a158aeeda4551246be8207e821818e929204b06d780e,results/raw/one_shot/GPT-5-Mini/Zooniverse/run_05/atomic.request.json,outputs/raw/one_shot/GPT-5-Mini/Zooniverse/run_05/atomic.request.json
351,d5a42c435654771a09f2a098c7c2b019dd66dc22892523adb871c242fc16e58d,results/raw/one_shot/GPT-5-Mini/Zooniverse/run_01/complete.request.json,outputs/raw/one_shot/GPT-5-Mini/Zooniverse/run_01/complete.request.json
351,d5a42c435654771a09f2a098c7c2b019dd66dc22892523adb871c242fc16e58d,results/raw/one_shot/GPT-5-Mini/Zooniverse/run_02/complete.request.json,outputs/raw/one_shot/GPT-5-Mini/Zooniverse/run_02/complete.request.json
351,d5a42c435654771a09f2a098c7c2b019dd66dc22892523adb871c242fc16e58d,results/raw/one_shot/GPT-5-Mini/Zooniverse/run_03/complete.request.json,outputs/raw/one_shot/GPT-5-Mini/Zooniverse/run_03/complete.request.json
351,d5a42c435654771a09f2a098c7c2b019dd66dc22892523adb871c242fc16e58d,results/raw/one_shot/GPT-5-Mini/Zooniverse/run_04/complete.request.json,outputs/raw/one_shot/GPT-5-Mini/Zooniverse/run_04/complete.request.json
351,d5a42c435654771a09f2a098c7c2b019dd66dc22892523adb871c242fc16e58d,results/raw/one_shot/GPT-5-Mini/Zooniverse/run_05/complete.request.json,outputs/raw/one_shot/GPT-5-Mini/Zooniverse/run_05/complete.request.json
352,4dac40c1c867ad272d8a4aca84df0566d185505143e1cabb592eba615ef836a8,results/raw/one_shot/GPT-5-Mini/Zooniverse/run_01/conceptually_sound.request.json,outputs/raw/one_shot/GPT-5-Mini/Zooniverse/run_01/conceptually_sound.request.json
352,4dac40c1c867ad272d8a4aca84df0566d185505143e1cabb592eba615ef836a8,results/raw/one_shot/GPT-5-Mini/Zooniverse/run_02/conceptually_sound.request.json,outputs/raw/one_shot/GPT-5-Mini/Zooniverse/run_02/conceptually_sound.request.json
352,4dac40c1c867ad272d8a4aca84df0566d185505143e1cabb592eba615ef836a8,results/raw/one_shot/GPT-5-Mini/Zooniverse/run_03/conceptually_sound.request.json,outputs/raw/one_shot/GPT-5-Mini/Zooniverse/run_03/conceptually_sound.request.json
352,4dac40c1c867ad272d8a4aca84df0566d185505143e1cabb592eba615ef836a8,results/raw/one_shot/GPT-5-Mini/Zooniverse/run_04/conceptually_sound.request.json,outputs/raw/one_shot/GPT-5-Mini/Zooniverse/run_04/conceptually_sound.request.json
352,4dac40c1c867ad272d8a4aca84df0566d185505143e1cabb592eba615ef836a8,results/raw/one_shot/GPT-5-Mini/Zooniverse/run_05/conceptually_sound.request.json,outputs/raw/one_shot/GPT-5-Mini/Zooniverse/run_05/conceptually_sound.request.json
353,efaf4752beb581de6b250b8b6c27b11d2556dc63b3de7f631bd3a89cfdedb5f6,results/raw/one_shot/GPT-5-Mini/Zooniverse/run_01/conflict_free.request.json,outputs/raw/one_shot/GPT-5-Mini/Zooniverse/run_01/conflict_free.request.json
353,efaf4752beb581de6b250b8b6c27b11d2556dc63b3de7f631bd3a89cfdedb5f6,results/raw/one_shot/GPT-5-Mini/Zooniverse/run_02/conflict_free.request.json,outputs/raw/one_shot/GPT-5-Mini/Zooniverse/run_02/conflict_free.request.json
353,efaf4752beb581de6b250b8b6c27b11d2556dc63b3de7f631bd3a89cfdedb5f6,results/raw/one_shot/GPT-5-Mini/Zooniverse/run_03/conflict_free.request.json,outputs/raw/one_shot/GPT-5-Mini/Zooniverse/run_03/conflict_free.request.json
353,efaf4752beb581de6b250b8b6c27b11d2556dc63b3de7f631bd3a89cfdedb5f6,results/raw/one_shot/GPT-5-Mini/Zooniverse/run_04/conflict_free.request.json,outputs/raw/one_shot/GPT-5-Mini/Zooniverse/run_04/conflict_free.request.json
353,efaf4752beb581de6b250b8b6c27b11d2556dc63b3de7f631bd3a89cfdedb5f6,results/raw/one_shot/GPT-5-Mini/Zooniverse/run_05/conflict_free.request.json,outputs/raw/one_shot/GPT-5-Mini/Zooniverse/run_05/conflict_free.request.json
354,936117c805fc6ddcb0e5db5edb6d65e4d877f67bc5ecfdb9ef9091bca8055041,results/raw/one_shot/GPT-5-Mini/Zooniverse/run_01/estimatable.request.json,outputs/raw/one_shot/GPT-5-Mini/Zooniverse/run_01/estimatable.request.json
354,936117c805fc6ddcb0e5db5edb6d65e4d877f67bc5ecfdb9ef9091bca8055041,results/raw/one_shot/GPT-5-Mini/Zooniverse/run_02/estimatable.request.json,outputs/raw/one_shot/GPT-5-Mini/Zooniverse/run_02/estimatable.request.json
354,936117c805fc6ddcb0e5db5edb6d65e4d877f67bc5ecfdb9ef9091bca8055041,results/raw/one_shot/GPT-5-Mini/Zooniverse/run_03/estimatable.request.json,outputs/raw/one_shot/GPT-5-Mini/Zooniverse/run_03/estimatable.request.json
354,936117c805fc6ddcb0e5db5edb6d65e4d877f67bc5ecfdb9ef9091bca8055041,results/raw/one_shot/GPT-5-Mini/Zooniverse/run_04/estimatable.request.json,outputs/raw/one_shot/GPT-5-Mini/Zooniverse/run_04/estimatable.request.json
354,936117c805fc6ddcb0e5db5edb6d65e4d877f67bc5ecfdb9ef9091bca8055041,results/raw/one_shot/GPT-5-Mini/Zooniverse/run_05/estimatable.request.json,outputs/raw/one_shot/GPT-5-Mini/Zooniverse/run_05/estimatable.request.json
355,2ebee646bf22c3f23e1072d5ffe111767cfeaa9bfa82c6ad6a73bb5ad136acdd,results/raw/one_shot/GPT-5-Mini/Zooniverse/run_01/full_sentence.request.json,outputs/raw/one_shot/GPT-5-Mini/Zooniverse/run_01/full_sentence.request.json
355,2ebee646bf22c3f23e1072d5ffe111767cfeaa9bfa82c6ad6a73bb5ad136acdd,results/raw/one_shot/GPT-5-Mini/Zooniverse/run_02/full_sentence.request.json,outputs/raw/one_shot/GPT-5-Mini/Zooniverse/run_02/full_sentence.request.json
355,2ebee646bf22c3f23e1072d5ffe111767cfeaa9bfa82c6ad6a73bb5ad136acdd,results/raw/one_shot/GPT-5-Mini/Zooniverse/run_03/full_sentence.request.json,outputs/raw/one_shot/GPT-5-Mini/Zooniverse/run_03/full_sentence.request.json
355,2ebee646bf22c3f23e1072d5ffe111767cfeaa9bfa82c6ad6a73bb5ad136acdd,results/raw/one_shot/GPT-5-Mini/Zooniverse/run_04/full_sentence.request.json,outputs/raw/one_shot/GPT-5-Mini/Zooniverse/run_04/full_sentence.request.json
355,2ebee646bf22c3f23e1072d5ffe111767cfeaa9bfa82c6ad6a73bb5ad136acdd,results/raw/one_shot/GPT-5-Mini/Zooniverse/run_05/full_sentence.request.json,outputs/raw/one_shot/GPT-5-Mini/Zooniverse/run_05/full_sentence.request.json
356,618a16d3e18bbdf0a7b1a96f3ee58627429b7adb0885b6f4012799fabc71bc89,results/raw/one_shot/GPT-5-Mini/Zooniverse/run_01/independent.request.json,outputs/raw/one_shot/GPT-5-Mini/Zooniverse/run_01/independent.request.json
356,618a16d3e18bbdf0a7b1a96f3ee58627429b7adb0885b6f4012799fabc71bc89,results/raw/one_shot/GPT-5-Mini/Zooniverse/run_02/independent.request.json,outputs/raw/one_shot/GPT-5-Mini/Zooniverse/run_02/independent.request.json
356,618a16d3e18bbdf0a7b1a96f3ee58627429b7adb0885b6f4012799fabc71bc89,results/raw/one_shot/GPT-5-Mini/Zooniverse/run_03/independent.request.json,outputs/raw/one_shot/GPT-5-Mini/Zooniverse/run_03/independent.request.json
356,618a16d3e18bbdf0a7b1a96f3ee58627429b7adb0885b6f4012799fabc71bc89,results/raw/one_shot/GPT-5-Mini/Zooniverse/run_04/independent.request.json,outputs/raw/one_shot/GPT-5-Mini/Zooniverse/run_04/independent.request.json
356,618a16d3e18bbdf0a7b1a96f3ee58627429b7adb0885b6f4012799fabc71bc89,results/raw/one_shot/GPT-5-Mini/Zooniverse/run_05/independent.request.json,outputs/raw/one_shot/GPT-5-Mini/Zooniverse/run_05/independent.request.json
357,300f60f9f8541b7e81bb0db6c1cb780c40dfecb8e6f6804c2e27549e231d95cb,results/raw/one_shot/GPT-5-Mini/Zooniverse/run_01/minimal.request.json,outputs/raw/one_shot/GPT-5-Mini/Zooniverse/run_01/minimal.request.json
357,300f60f9f8541b7e81bb0db6c1cb780c40dfecb8e6f6804c2e27549e231d95cb,results/raw/one_shot/GPT-5-Mini/Zooniverse/run_02/minimal.request.json,outputs/raw/one_shot/GPT-5-Mini/Zooniverse/run_02/minimal.request.json
357,300f60f9f8541b7e81bb0db6c1cb780c40dfecb8e6f6804c2e27549e231d95cb,results/raw/one_shot/GPT-5-Mini/Zooniverse/run_03/minimal.request.json,outputs/raw/one_shot/GPT-5-Mini/Zooniverse/run_03/minimal.request.json
357,300f60f9f8541b7e81bb0db6c1cb780c40dfecb8e6f6804c2e27549e231d95cb,results/raw/one_shot/GPT-5-Mini/Zooniverse/run_04/minimal.request.json,outputs/raw/one_shot/GPT-5-Mini/Zooniverse/run_04/minimal.request.json
357,300f60f9f8541b7e81bb0db6c1cb780c40dfecb8e6f6804c2e27549e231d95cb,results/raw/one_shot/GPT-5-Mini/Zooniverse/run_05/minimal.request.json,outputs/raw/one_shot/GPT-5-Mini/Zooniverse/run_05/minimal.request.json
358,f79c4a6d4c623fa83ad6f035eac1e1f2bbb4457fb536d955497035de08052e71,results/raw/one_shot/GPT-5-Mini/Zooniverse/run_01/problem_oriented.request.json,outputs/raw/one_shot/GPT-5-Mini/Zooniverse/run_01/problem_oriented.request.json
358,f79c4a6d4c623fa83ad6f035eac1e1f2bbb4457fb536d955497035de08052e71,results/raw/one_shot/GPT-5-Mini/Zooniverse/run_02/problem_oriented.request.json,outputs/raw/one_shot/GPT-5-Mini/Zooniverse/run_02/problem_oriented.request.json
358,f79c4a6d4c623fa83ad6f035eac1e1f2bbb4457fb536d955497035de08052e71,results/raw/one_shot/GPT-5-Mini/Zooniverse/run_03/problem_oriented.request.json,outputs/raw/one_shot/GPT-5-Mini/Zooniverse/run_03/problem_oriented.request.json
358,f79c4a6d4c623fa83ad6f035eac1e1f2bbb4457fb536d955497035de08052e71,results/raw/one_shot/GPT-5-Mini/Zooniverse/run_04/problem_oriented.request.json,outputs/raw/one_shot/GPT-5-Mini/Zooniverse/run_04/problem_oriented.request.json
358,f79c4a6d4c623fa83ad6f035eac1e1f2bbb4457fb536d955497035de08052e71,results/raw/one_shot/GPT-5-Mini/Zooniverse/run_05/problem_oriented.request.json,outputs/raw/one_shot/GPT-5-Mini/Zooniverse/run_05/problem_oriented.request.json
359,40f1f3e99f1e8663fc294fa6047dd29783c281197c7fb174a69ce3e574c1e876,results/raw/one_shot/GPT-5-Mini/Zooniverse/run_01/unambiguous.request.json,outputs/raw/one_shot/GPT-5-Mini/Zooniverse/run_01/unambiguous.request.json
359,40f1f3e99f1e8663fc294fa6047dd29783c281197c7fb174a69ce3e574c1e876,results/raw/one_shot/GPT-5-Mini/Zooniverse/run_02/unambiguous.request.json,outputs/raw/one_shot/GPT-5-Mini/Zooniverse/run_02/unambiguous.request.json
359,40f1f3e99f1e8663fc294fa6047dd29783c281197c7fb174a69ce3e574c1e876,results/raw/one_shot/GPT-5-Mini/Zooniverse/run_03/unambiguous.request.json,outputs/raw/one_shot/GPT-5-Mini/Zooniverse/run_03/unambiguous.request.json
359,40f1f3e99f1e8663fc294fa6047dd29783c281197c7fb174a69ce3e574c1e876,results/raw/one_shot/GPT-5-Mini/Zooniverse/run_04/unambiguous.request.json,outputs/raw/one_shot/GPT-5-Mini/Zooniverse/run_04/unambiguous.request.json
359,40f1f3e99f1e8663fc294fa6047dd29783c281197c7fb174a69ce3e574c1e876,results/raw/one_shot/GPT-5-Mini/Zooniverse/run_05/unambiguous.request.json,outputs/raw/one_shot/GPT-5-Mini/Zooniverse/run_05/unambiguous.request.json
360,689e45bf5470d117267adc35663e455440fee4090a722151c2664644f951cb46,results/raw/one_shot/GPT-5-Mini/Zooniverse/run_01/uniform.request.json,outputs/raw/one_shot/GPT-5-Mini/Zooniverse/run_01/uniform.request.json
360,689e45bf5470d117267adc35663e455440fee4090a722151c2664644f951cb46,results/raw/one_shot/GPT-5-Mini/Zooniverse/run_02/uniform.request.json,outputs/raw/one_shot/GPT-5-Mini/Zooniverse/run_02/uniform.request.json
360,689e45bf5470d117267adc35663e455440fee4090a722151c2664644f951cb46,results/raw/one_shot/GPT-5-Mini/Zooniverse/run_03/uniform.request.json,outputs/raw/one_shot/GPT-5-Mini/Zooniverse/run_03/uniform.request.json
360,689e45bf5470d117267adc35663e455440fee4090a722151c2664644f951cb46,results/raw/one_shot/GPT-5-Mini/Zooniverse/run_04/uniform.request.json,outputs/raw/one_shot/GPT-5-Mini/Zooniverse/run_04/uniform.request.json
360,689e45bf5470d117267adc35663e455440fee4090a722151c2664644f951cb46,results/raw/one_shot/GPT-5-Mini/Zooniverse/run_05/uniform.request.json,outputs/raw/one_shot/GPT-5-Mini/Zooniverse/run_05/uniform.request.json
361,7b8e073c9e57daf125a68d83044360e9d06c1d285d3e1137630cf5de6bbd93d2,results/raw/one_shot/GPT-5-Mini/Zooniverse/run_01/unique.request.json,outputs/raw/one_shot/GPT-5-Mini/Zooniverse/run_01/unique.request.json
361,7b8e073c9e57daf125a68d83044360e9d06c1d285d3e1137630cf5de6bbd93d2,results/raw/one_shot/GPT-5-Mini/Zooniverse/run_02/unique.request.json,outputs/raw/one_shot/GPT-5-Mini/Zooniverse/run_02/unique.request.json
361,7b8e073c9e57daf125a68d83044360e9d06c1d285d3e1137630cf5de6bbd93d2,results/raw/one_shot/GPT-5-Mini/Zooniverse/run_03/unique.request.json,outputs/raw/one_shot/GPT-5-Mini/Zooniverse/run_03/unique.request.json
361,7b8e073c9e57daf125a68d83044360e9d06c1d285d3e1137630cf5de6bbd93d2,results/raw/one_shot/GPT-5-Mini/Zooniverse/run_04/unique.request.json,outputs/raw/one_shot/GPT-5-Mini/Zooniverse/run_04/unique.request.json
361,7b8e073c9e57daf125a68d83044360e9d06c1d285d3e1137630cf5de6bbd93d2,results/raw/one_shot/GPT-5-Mini/Zooniverse/run_05/unique.request.json,outputs/raw/one_shot/GPT-5-Mini/Zooniverse/run_05/unique.request.json
362,db970be2b1e18ebedba8664a1469d170fd5a505bb1ff93ad5df4bc29d3475f77,results/raw/one_shot/GPT-5-Mini/Zooniverse/run_01/well_formed.request.json,outputs/raw/one_shot/GPT-5-Mini/Zooniverse/run_01/well_formed.request.json
362,db970be2b1e18ebedba8664a1469d170fd5a505bb1ff93ad5df4bc29d3475f77,results/raw/one_shot/GPT-5-Mini/Zooniverse/run_02/well_formed.request.json,outputs/raw/one_shot/GPT-5-Mini/Zooniverse/run_02/well_formed.request.json
362,db970be2b1e18ebedba8664a1469d170fd5a505bb1ff93ad5df4bc29d3475f77,results/raw/one_shot/GPT-5-Mini/Zooniverse/run_03/well_formed.request.json,outputs/raw/one_shot/GPT-5-Mini/Zooniverse/run_03/well_formed.request.json
362,db970be2b1e18ebedba8664a1469d170fd5a505bb1ff93ad5df4bc29d3475f77,results/raw/one_shot/GPT-5-Mini/Zooniverse/run_04/well_formed.request.json,outputs/raw/one_shot/GPT-5-Mini/Zooniverse/run_04/well_formed.request.json
362,db970be2b1e18ebedba8664a1469d170fd5a505bb1ff93ad5df4bc29d3475f77,results/raw/one_shot/GPT-5-Mini/Zooniverse/run_05/well_formed.request.json,outputs/raw/one_shot/GPT-5-Mini/Zooniverse/run_05/well_formed.request.json
363,c0ae79e2b9a21f9a7f492d8a2f72257c448d63cf0ab8c587782ad75b7b73f3bc,results/raw/one_shot/Gemini-3.1-Pro-Preview/BADCamp/run_01/atomic.request.json,outputs/raw/one_shot/Gemini-3.1-Pro-Preview/BADCamp/run_01/atomic.request.json
363,c0ae79e2b9a21f9a7f492d8a2f72257c448d63cf0ab8c587782ad75b7b73f3bc,results/raw/one_shot/Gemini-3.1-Pro-Preview/BADCamp/run_02/atomic.request.json,outputs/raw/one_shot/Gemini-3.1-Pro-Preview/BADCamp/run_02/atomic.request.json
363,c0ae79e2b9a21f9a7f492d8a2f72257c448d63cf0ab8c587782ad75b7b73f3bc,results/raw/one_shot/Gemini-3.1-Pro-Preview/BADCamp/run_03/atomic.request.json,outputs/raw/one_shot/Gemini-3.1-Pro-Preview/BADCamp/run_03/atomic.request.json
363,c0ae79e2b9a21f9a7f492d8a2f72257c448d63cf0ab8c587782ad75b7b73f3bc,results/raw/one_shot/Gemini-3.1-Pro-Preview/BADCamp/run_04/atomic.request.json,outputs/raw/one_shot/Gemini-3.1-Pro-Preview/BADCamp/run_04/atomic.request.json
363,c0ae79e2b9a21f9a7f492d8a2f72257c448d63cf0ab8c587782ad75b7b73f3bc,results/raw/one_shot/Gemini-3.1-Pro-Preview/BADCamp/run_05/atomic.request.json,outputs/raw/one_shot/Gemini-3.1-Pro-Preview/BADCamp/run_05/atomic.request.json
364,127062e8bbff44261a1cefb5b5313c8e46206067b3446b046c732041fbadcad8,results/raw/one_shot/Gemini-3.1-Pro-Preview/BADCamp/run_01/complete.request.json,outputs/raw/one_shot/Gemini-3.1-Pro-Preview/BADCamp/run_01/complete.request.json
364,127062e8bbff44261a1cefb5b5313c8e46206067b3446b046c732041fbadcad8,results/raw/one_shot/Gemini-3.1-Pro-Preview/BADCamp/run_02/complete.request.json,outputs/raw/one_shot/Gemini-3.1-Pro-Preview/BADCamp/run_02/complete.request.json
364,127062e8bbff44261a1cefb5b5313c8e46206067b3446b046c732041fbadcad8,results/raw/one_shot/Gemini-3.1-Pro-Preview/BADCamp/run_03/complete.request.json,outputs/raw/one_shot/Gemini-3.1-Pro-Preview/BADCamp/run_03/complete.request.json
364,127062e8bbff44261a1cefb5b5313c8e46206067b3446b046c732041fbadcad8,results/raw/one_shot/Gemini-3.1-Pro-Preview/BADCamp/run_04/complete.request.json,outputs/raw/one_shot/Gemini-3.1-Pro-Preview/BADCamp/run_04/complete.request.json
364,127062e8bbff44261a1cefb5b5313c8e46206067b3446b046c732041fbadcad8,results/raw/one_shot/Gemini-3.1-Pro-Preview/BADCamp/run_05/complete.request.json,outputs/raw/one_shot/Gemini-3.1-Pro-Preview/BADCamp/run_05/complete.request.json
365,2ad723de3673f42924e567833f6439b01b6d81fbd77b41530b2d7589d7ac5844,results/raw/one_shot/Gemini-3.1-Pro-Preview/BADCamp/run_01/conceptually_sound.request.json,outputs/raw/one_shot/Gemini-3.1-Pro-Preview/BADCamp/run_01/conceptually_sound.request.json
365,2ad723de3673f42924e567833f6439b01b6d81fbd77b41530b2d7589d7ac5844,results/raw/one_shot/Gemini-3.1-Pro-Preview/BADCamp/run_02/conceptually_sound.request.json,outputs/raw/one_shot/Gemini-3.1-Pro-Preview/BADCamp/run_02/conceptually_sound.request.json
365,2ad723de3673f42924e567833f6439b01b6d81fbd77b41530b2d7589d7ac5844,results/raw/one_shot/Gemini-3.1-Pro-Preview/BADCamp/run_03/conceptually_sound.request.json,outputs/raw/one_shot/Gemini-3.1-Pro-Preview/BADCamp/run_03/conceptually_sound.request.json
365,2ad723de3673f42924e567833f6439b01b6d81fbd77b41530b2d7589d7ac5844,results/raw/one_shot/Gemini-3.1-Pro-Preview/BADCamp/run_04/conceptually_sound.request.json,outputs/raw/one_shot/Gemini-3.1-Pro-Preview/BADCamp/run_04/conceptually_sound.request.json
365,2ad723de3673f42924e567833f6439b01b6d81fbd77b41530b2d7589d7ac5844,results/raw/one_shot/Gemini-3.1-Pro-Preview/BADCamp/run_05/conceptually_sound.request.json,outputs/raw/one_shot/Gemini-3.1-Pro-Preview/BADCamp/run_05/conceptually_sound.request.json
366,6726dea346c7996bd551d197cd5fd5e8e6c03e2fd134297a2f5ff21b7659ccc0,results/raw/one_shot/Gemini-3.1-Pro-Preview/BADCamp/run_01/conflict_free.request.json,outputs/raw/one_shot/Gemini-3.1-Pro-Preview/BADCamp/run_01/conflict_free.request.json
366,6726dea346c7996bd551d197cd5fd5e8e6c03e2fd134297a2f5ff21b7659ccc0,results/raw/one_shot/Gemini-3.1-Pro-Preview/BADCamp/run_02/conflict_free.request.json,outputs/raw/one_shot/Gemini-3.1-Pro-Preview/BADCamp/run_02/conflict_free.request.json
366,6726dea346c7996bd551d197cd5fd5e8e6c03e2fd134297a2f5ff21b7659ccc0,results/raw/one_shot/Gemini-3.1-Pro-Preview/BADCamp/run_03/conflict_free.request.json,outputs/raw/one_shot/Gemini-3.1-Pro-Preview/BADCamp/run_03/conflict_free.request.json
366,6726dea346c7996bd551d197cd5fd5e8e6c03e2fd134297a2f5ff21b7659ccc0,results/raw/one_shot/Gemini-3.1-Pro-Preview/BADCamp/run_04/conflict_free.request.json,outputs/raw/one_shot/Gemini-3.1-Pro-Preview/BADCamp/run_04/conflict_free.request.json
366,6726dea346c7996bd551d197cd5fd5e8e6c03e2fd134297a2f5ff21b7659ccc0,results/raw/one_shot/Gemini-3.1-Pro-Preview/BADCamp/run_05/conflict_free.request.json,outputs/raw/one_shot/Gemini-3.1-Pro-Preview/BADCamp/run_05/conflict_free.request.json
367,9cbb8428a9870dbfd3c6646d52b6ecac11209658c0cd4d2945b299469f372d5e,results/raw/one_shot/Gemini-3.1-Pro-Preview/BADCamp/run_01/estimatable.request.json,outputs/raw/one_shot/Gemini-3.1-Pro-Preview/BADCamp/run_01/estimatable.request.json
367,9cbb8428a9870dbfd3c6646d52b6ecac11209658c0cd4d2945b299469f372d5e,results/raw/one_shot/Gemini-3.1-Pro-Preview/BADCamp/run_02/estimatable.request.json,outputs/raw/one_shot/Gemini-3.1-Pro-Preview/BADCamp/run_02/estimatable.request.json
367,9cbb8428a9870dbfd3c6646d52b6ecac11209658c0cd4d2945b299469f372d5e,results/raw/one_shot/Gemini-3.1-Pro-Preview/BADCamp/run_03/estimatable.request.json,outputs/raw/one_shot/Gemini-3.1-Pro-Preview/BADCamp/run_03/estimatable.request.json
367,9cbb8428a9870dbfd3c6646d52b6ecac11209658c0cd4d2945b299469f372d5e,results/raw/one_shot/Gemini-3.1-Pro-Preview/BADCamp/run_04/estimatable.request.json,outputs/raw/one_shot/Gemini-3.1-Pro-Preview/BADCamp/run_04/estimatable.request.json
367,9cbb8428a9870dbfd3c6646d52b6ecac11209658c0cd4d2945b299469f372d5e,results/raw/one_shot/Gemini-3.1-Pro-Preview/BADCamp/run_05/estimatable.request.json,outputs/raw/one_shot/Gemini-3.1-Pro-Preview/BADCamp/run_05/estimatable.request.json
368,a28be95e9d647dba568363c1844e5c96e5edfd4ebaacd2d5e9783d526143e73a,results/raw/one_shot/Gemini-3.1-Pro-Preview/BADCamp/run_01/full_sentence.request.json,outputs/raw/one_shot/Gemini-3.1-Pro-Preview/BADCamp/run_01/full_sentence.request.json
368,a28be95e9d647dba568363c1844e5c96e5edfd4ebaacd2d5e9783d526143e73a,results/raw/one_shot/Gemini-3.1-Pro-Preview/BADCamp/run_02/full_sentence.request.json,outputs/raw/one_shot/Gemini-3.1-Pro-Preview/BADCamp/run_02/full_sentence.request.json
368,a28be95e9d647dba568363c1844e5c96e5edfd4ebaacd2d5e9783d526143e73a,results/raw/one_shot/Gemini-3.1-Pro-Preview/BADCamp/run_03/full_sentence.request.json,outputs/raw/one_shot/Gemini-3.1-Pro-Preview/BADCamp/run_03/full_sentence.request.json
368,a28be95e9d647dba568363c1844e5c96e5edfd4ebaacd2d5e9783d526143e73a,results/raw/one_shot/Gemini-3.1-Pro-Preview/BADCamp/run_04/full_sentence.request.json,outputs/raw/one_shot/Gemini-3.1-Pro-Preview/BADCamp/run_04/full_sentence.request.json
368,a28be95e9d647dba568363c1844e5c96e5edfd4ebaacd2d5e9783d526143e73a,results/raw/one_shot/Gemini-3.1-Pro-Preview/BADCamp/run_05/full_sentence.request.json,outputs/raw/one_shot/Gemini-3.1-Pro-Preview/BADCamp/run_05/full_sentence.request.json
369,fec4f38303e2a9253bf6b4f8a2b6d1c2e73c02f669cf66373b9de1210e4a2de5,results/raw/one_shot/Gemini-3.1-Pro-Preview/BADCamp/run_01/independent.request.json,outputs/raw/one_shot/Gemini-3.1-Pro-Preview/BADCamp/run_01/independent.request.json
369,fec4f38303e2a9253bf6b4f8a2b6d1c2e73c02f669cf66373b9de1210e4a2de5,results/raw/one_shot/Gemini-3.1-Pro-Preview/BADCamp/run_02/independent.request.json,outputs/raw/one_shot/Gemini-3.1-Pro-Preview/BADCamp/run_02/independent.request.json
369,fec4f38303e2a9253bf6b4f8a2b6d1c2e73c02f669cf66373b9de1210e4a2de5,results/raw/one_shot/Gemini-3.1-Pro-Preview/BADCamp/run_03/independent.request.json,outputs/raw/one_shot/Gemini-3.1-Pro-Preview/BADCamp/run_03/independent.request.json
369,fec4f38303e2a9253bf6b4f8a2b6d1c2e73c02f669cf66373b9de1210e4a2de5,results/raw/one_shot/Gemini-3.1-Pro-Preview/BADCamp/run_04/independent.request.json,outputs/raw/one_shot/Gemini-3.1-Pro-Preview/BADCamp/run_04/independent.request.json
369,fec4f38303e2a9253bf6b4f8a2b6d1c2e73c02f669cf66373b9de1210e4a2de5,results/raw/one_shot/Gemini-3.1-Pro-Preview/BADCamp/run_05/independent.request.json,outputs/raw/one_shot/Gemini-3.1-Pro-Preview/BADCamp/run_05/independent.request.json
370,75f9e37abbe36dadaf5760d170655c7f0b05f5788493cb8ec6e44fcefe018cf4,results/raw/one_shot/Gemini-3.1-Pro-Preview/BADCamp/run_01/minimal.request.json,outputs/raw/one_shot/Gemini-3.1-Pro-Preview/BADCamp/run_01/minimal.request.json
370,75f9e37abbe36dadaf5760d170655c7f0b05f5788493cb8ec6e44fcefe018cf4,results/raw/one_shot/Gemini-3.1-Pro-Preview/BADCamp/run_02/minimal.request.json,outputs/raw/one_shot/Gemini-3.1-Pro-Preview/BADCamp/run_02/minimal.request.json
370,75f9e37abbe36dadaf5760d170655c7f0b05f5788493cb8ec6e44fcefe018cf4,results/raw/one_shot/Gemini-3.1-Pro-Preview/BADCamp/run_03/minimal.request.json,outputs/raw/one_shot/Gemini-3.1-Pro-Preview/BADCamp/run_03/minimal.request.json
370,75f9e37abbe36dadaf5760d170655c7f0b05f5788493cb8ec6e44fcefe018cf4,results/raw/one_shot/Gemini-3.1-Pro-Preview/BADCamp/run_04/minimal.request.json,outputs/raw/one_shot/Gemini-3.1-Pro-Preview/BADCamp/run_04/minimal.request.json
370,75f9e37abbe36dadaf5760d170655c7f0b05f5788493cb8ec6e44fcefe018cf4,results/raw/one_shot/Gemini-3.1-Pro-Preview/BADCamp/run_05/minimal.request.json,outputs/raw/one_shot/Gemini-3.1-Pro-Preview/BADCamp/run_05/minimal.request.json
371,2f80128315ec3aac9adfd6ac3bb5a469cd1c4ba860153cbc6b89e182be453420,results/raw/one_shot/Gemini-3.1-Pro-Preview/BADCamp/run_01/problem_oriented.request.json,outputs/raw/one_shot/Gemini-3.1-Pro-Preview/BADCamp/run_01/problem_oriented.request.json
371,2f80128315ec3aac9adfd6ac3bb5a469cd1c4ba860153cbc6b89e182be453420,results/raw/one_shot/Gemini-3.1-Pro-Preview/BADCamp/run_02/problem_oriented.request.json,outputs/raw/one_shot/Gemini-3.1-Pro-Preview/BADCamp/run_02/problem_oriented.request.json
371,2f80128315ec3aac9adfd6ac3bb5a469cd1c4ba860153cbc6b89e182be453420,results/raw/one_shot/Gemini-3.1-Pro-Preview/BADCamp/run_03/problem_oriented.request.json,outputs/raw/one_shot/Gemini-3.1-Pro-Preview/BADCamp/run_03/problem_oriented.request.json
371,2f80128315ec3aac9adfd6ac3bb5a469cd1c4ba860153cbc6b89e182be453420,results/raw/one_shot/Gemini-3.1-Pro-Preview/BADCamp/run_04/problem_oriented.request.json,outputs/raw/one_shot/Gemini-3.1-Pro-Preview/BADCamp/run_04/problem_oriented.request.json
371,2f80128315ec3aac9adfd6ac3bb5a469cd1c4ba860153cbc6b89e182be453420,results/raw/one_shot/Gemini-3.1-Pro-Preview/BADCamp/run_05/problem_oriented.request.json,outputs/raw/one_shot/Gemini-3.1-Pro-Preview/BADCamp/run_05/problem_oriented.request.json
372,85c9f007280a731b25b4d06fc22ed90f2362972d62d7199e339bb8a447002c89,results/raw/one_shot/Gemini-3.1-Pro-Preview/BADCamp/run_01/unambiguous.request.json,outputs/raw/one_shot/Gemini-3.1-Pro-Preview/BADCamp/run_01/unambiguous.request.json
372,85c9f007280a731b25b4d06fc22ed90f2362972d62d7199e339bb8a447002c89,results/raw/one_shot/Gemini-3.1-Pro-Preview/BADCamp/run_02/unambiguous.request.json,outputs/raw/one_shot/Gemini-3.1-Pro-Preview/BADCamp/run_02/unambiguous.request.json
372,85c9f007280a731b25b4d06fc22ed90f2362972d62d7199e339bb8a447002c89,results/raw/one_shot/Gemini-3.1-Pro-Preview/BADCamp/run_03/unambiguous.request.json,outputs/raw/one_shot/Gemini-3.1-Pro-Preview/BADCamp/run_03/unambiguous.request.json
372,85c9f007280a731b25b4d06fc22ed90f2362972d62d7199e339bb8a447002c89,results/raw/one_shot/Gemini-3.1-Pro-Preview/BADCamp/run_04/unambiguous.request.json,outputs/raw/one_shot/Gemini-3.1-Pro-Preview/BADCamp/run_04/unambiguous.request.json
372,85c9f007280a731b25b4d06fc22ed90f2362972d62d7199e339bb8a447002c89,results/raw/one_shot/Gemini-3.1-Pro-Preview/BADCamp/run_05/unambiguous.request.json,outputs/raw/one_shot/Gemini-3.1-Pro-Preview/BADCamp/run_05/unambiguous.request.json
373,96f5b5f8975c3c60fdd90f77f483a79f6b66f192196b91d5ecba88c0a395a8b7,results/raw/one_shot/Gemini-3.1-Pro-Preview/BADCamp/run_01/uniform.request.json,outputs/raw/one_shot/Gemini-3.1-Pro-Preview/BADCamp/run_01/uniform.request.json
373,96f5b5f8975c3c60fdd90f77f483a79f6b66f192196b91d5ecba88c0a395a8b7,results/raw/one_shot/Gemini-3.1-Pro-Preview/BADCamp/run_02/uniform.request.json,outputs/raw/one_shot/Gemini-3.1-Pro-Preview/BADCamp/run_02/uniform.request.json
373,96f5b5f8975c3c60fdd90f77f483a79f6b66f192196b91d5ecba88c0a395a8b7,results/raw/one_shot/Gemini-3.1-Pro-Preview/BADCamp/run_03/uniform.request.json,outputs/raw/one_shot/Gemini-3.1-Pro-Preview/BADCamp/run_03/uniform.request.json
373,96f5b5f8975c3c60fdd90f77f483a79f6b66f192196b91d5ecba88c0a395a8b7,results/raw/one_shot/Gemini-3.1-Pro-Preview/BADCamp/run_04/uniform.request.json,outputs/raw/one_shot/Gemini-3.1-Pro-Preview/BADCamp/run_04/uniform.request.json
373,96f5b5f8975c3c60fdd90f77f483a79f6b66f192196b91d5ecba88c0a395a8b7,results/raw/one_shot/Gemini-3.1-Pro-Preview/BADCamp/run_05/uniform.request.json,outputs/raw/one_shot/Gemini-3.1-Pro-Preview/BADCamp/run_05/uniform.request.json
374,3ea17bcca9200b1c635d45e1bfb9003c0acbdf9b0f51916089aa7171438cbcd4,results/raw/one_shot/Gemini-3.1-Pro-Preview/BADCamp/run_01/unique.request.json,outputs/raw/one_shot/Gemini-3.1-Pro-Preview/BADCamp/run_01/unique.request.json
374,3ea17bcca9200b1c635d45e1bfb9003c0acbdf9b0f51916089aa7171438cbcd4,results/raw/one_shot/Gemini-3.1-Pro-Preview/BADCamp/run_02/unique.request.json,outputs/raw/one_shot/Gemini-3.1-Pro-Preview/BADCamp/run_02/unique.request.json
374,3ea17bcca9200b1c635d45e1bfb9003c0acbdf9b0f51916089aa7171438cbcd4,results/raw/one_shot/Gemini-3.1-Pro-Preview/BADCamp/run_03/unique.request.json,outputs/raw/one_shot/Gemini-3.1-Pro-Preview/BADCamp/run_03/unique.request.json
374,3ea17bcca9200b1c635d45e1bfb9003c0acbdf9b0f51916089aa7171438cbcd4,results/raw/one_shot/Gemini-3.1-Pro-Preview/BADCamp/run_04/unique.request.json,outputs/raw/one_shot/Gemini-3.1-Pro-Preview/BADCamp/run_04/unique.request.json
374,3ea17bcca9200b1c635d45e1bfb9003c0acbdf9b0f51916089aa7171438cbcd4,results/raw/one_shot/Gemini-3.1-Pro-Preview/BADCamp/run_05/unique.request.json,outputs/raw/one_shot/Gemini-3.1-Pro-Preview/BADCamp/run_05/unique.request.json
375,b046bf73303243e8731ba616b84c942b0fd8076960d7abee43fcfd4d16cf4faa,results/raw/one_shot/Gemini-3.1-Pro-Preview/BADCamp/run_01/well_formed.request.json,outputs/raw/one_shot/Gemini-3.1-Pro-Preview/BADCamp/run_01/well_formed.request.json
375,b046bf73303243e8731ba616b84c942b0fd8076960d7abee43fcfd4d16cf4faa,results/raw/one_shot/Gemini-3.1-Pro-Preview/BADCamp/run_02/well_formed.request.json,outputs/raw/one_shot/Gemini-3.1-Pro-Preview/BADCamp/run_02/well_formed.request.json
375,b046bf73303243e8731ba616b84c942b0fd8076960d7abee43fcfd4d16cf4faa,results/raw/one_shot/Gemini-3.1-Pro-Preview/BADCamp/run_03/well_formed.request.json,outputs/raw/one_shot/Gemini-3.1-Pro-Preview/BADCamp/run_03/well_formed.request.json
375,b046bf73303243e8731ba616b84c942b0fd8076960d7abee43fcfd4d16cf4faa,results/raw/one_shot/Gemini-3.1-Pro-Preview/BADCamp/run_04/well_formed.request.json,outputs/raw/one_shot/Gemini-3.1-Pro-Preview/BADCamp/run_04/well_formed.request.json
375,b046bf73303243e8731ba616b84c942b0fd8076960d7abee43fcfd4d16cf4faa,results/raw/one_shot/Gemini-3.1-Pro-Preview/BADCamp/run_05/well_formed.request.json,outputs/raw/one_shot/Gemini-3.1-Pro-Preview/BADCamp/run_05/well_formed.request.json
376,2a3b31df6d0c06840a4ced5676c89688571a2049625978976d95843c6603560d,results/raw/one_shot/Gemini-3.1-Pro-Preview/PlanningPoker/run_01/atomic.request.json,outputs/raw/one_shot/Gemini-3.1-Pro-Preview/PlanningPoker/run_01/atomic.request.json
376,2a3b31df6d0c06840a4ced5676c89688571a2049625978976d95843c6603560d,results/raw/one_shot/Gemini-3.1-Pro-Preview/PlanningPoker/run_02/atomic.request.json,outputs/raw/one_shot/Gemini-3.1-Pro-Preview/PlanningPoker/run_02/atomic.request.json
376,2a3b31df6d0c06840a4ced5676c89688571a2049625978976d95843c6603560d,results/raw/one_shot/Gemini-3.1-Pro-Preview/PlanningPoker/run_03/atomic.request.json,outputs/raw/one_shot/Gemini-3.1-Pro-Preview/PlanningPoker/run_03/atomic.request.json
376,2a3b31df6d0c06840a4ced5676c89688571a2049625978976d95843c6603560d,results/raw/one_shot/Gemini-3.1-Pro-Preview/PlanningPoker/run_04/atomic.request.json,outputs/raw/one_shot/Gemini-3.1-Pro-Preview/PlanningPoker/run_04/atomic.request.json
376,2a3b31df6d0c06840a4ced5676c89688571a2049625978976d95843c6603560d,results/raw/one_shot/Gemini-3.1-Pro-Preview/PlanningPoker/run_05/atomic.request.json,outputs/raw/one_shot/Gemini-3.1-Pro-Preview/PlanningPoker/run_05/atomic.request.json
377,4302fb48d362508d87b6efb83f7b7c666950a346eb21f7ec96f876bb501dffb3,results/raw/one_shot/Gemini-3.1-Pro-Preview/PlanningPoker/run_01/complete.request.json,outputs/raw/one_shot/Gemini-3.1-Pro-Preview/PlanningPoker/run_01/complete.request.json
377,4302fb48d362508d87b6efb83f7b7c666950a346eb21f7ec96f876bb501dffb3,results/raw/one_shot/Gemini-3.1-Pro-Preview/PlanningPoker/run_02/complete.request.json,outputs/raw/one_shot/Gemini-3.1-Pro-Preview/PlanningPoker/run_02/complete.request.json
377,4302fb48d362508d87b6efb83f7b7c666950a346eb21f7ec96f876bb501dffb3,results/raw/one_shot/Gemini-3.1-Pro-Preview/PlanningPoker/run_03/complete.request.json,outputs/raw/one_shot/Gemini-3.1-Pro-Preview/PlanningPoker/run_03/complete.request.json
377,4302fb48d362508d87b6efb83f7b7c666950a346eb21f7ec96f876bb501dffb3,results/raw/one_shot/Gemini-3.1-Pro-Preview/PlanningPoker/run_04/complete.request.json,outputs/raw/one_shot/Gemini-3.1-Pro-Preview/PlanningPoker/run_04/complete.request.json
377,4302fb48d362508d87b6efb83f7b7c666950a346eb21f7ec96f876bb501dffb3,results/raw/one_shot/Gemini-3.1-Pro-Preview/PlanningPoker/run_05/complete.request.json,outputs/raw/one_shot/Gemini-3.1-Pro-Preview/PlanningPoker/run_05/complete.request.json
378,3b9d58a00f827b8f9a60a4e0a8064861107060d2a214b29b7ffe9ccdf055c2d9,results/raw/one_shot/Gemini-3.1-Pro-Preview/PlanningPoker/run_01/conceptually_sound.request.json,outputs/raw/one_shot/Gemini-3.1-Pro-Preview/PlanningPoker/run_01/conceptually_sound.request.json
378,3b9d58a00f827b8f9a60a4e0a8064861107060d2a214b29b7ffe9ccdf055c2d9,results/raw/one_shot/Gemini-3.1-Pro-Preview/PlanningPoker/run_02/conceptually_sound.request.json,outputs/raw/one_shot/Gemini-3.1-Pro-Preview/PlanningPoker/run_02/conceptually_sound.request.json
378,3b9d58a00f827b8f9a60a4e0a8064861107060d2a214b29b7ffe9ccdf055c2d9,results/raw/one_shot/Gemini-3.1-Pro-Preview/PlanningPoker/run_03/conceptually_sound.request.json,outputs/raw/one_shot/Gemini-3.1-Pro-Preview/PlanningPoker/run_03/conceptually_sound.request.json
378,3b9d58a00f827b8f9a60a4e0a8064861107060d2a214b29b7ffe9ccdf055c2d9,results/raw/one_shot/Gemini-3.1-Pro-Preview/PlanningPoker/run_04/conceptually_sound.request.json,outputs/raw/one_shot/Gemini-3.1-Pro-Preview/PlanningPoker/run_04/conceptually_sound.request.json
378,3b9d58a00f827b8f9a60a4e0a8064861107060d2a214b29b7ffe9ccdf055c2d9,results/raw/one_shot/Gemini-3.1-Pro-Preview/PlanningPoker/run_05/conceptually_sound.request.json,outputs/raw/one_shot/Gemini-3.1-Pro-Preview/PlanningPoker/run_05/conceptually_sound.request.json
379,7b6fe4fa3b0b2d71c8b36e86b0948e60846da53ee2d6a6cc8bcfb11002b4148b,results/raw/one_shot/Gemini-3.1-Pro-Preview/PlanningPoker/run_01/conflict_free.request.json,outputs/raw/one_shot/Gemini-3.1-Pro-Preview/PlanningPoker/run_01/conflict_free.request.json
379,7b6fe4fa3b0b2d71c8b36e86b0948e60846da53ee2d6a6cc8bcfb11002b4148b,results/raw/one_shot/Gemini-3.1-Pro-Preview/PlanningPoker/run_02/conflict_free.request.json,outputs/raw/one_shot/Gemini-3.1-Pro-Preview/PlanningPoker/run_02/conflict_free.request.json
379,7b6fe4fa3b0b2d71c8b36e86b0948e60846da53ee2d6a6cc8bcfb11002b4148b,results/raw/one_shot/Gemini-3.1-Pro-Preview/PlanningPoker/run_03/conflict_free.request.json,outputs/raw/one_shot/Gemini-3.1-Pro-Preview/PlanningPoker/run_03/conflict_free.request.json
379,7b6fe4fa3b0b2d71c8b36e86b0948e60846da53ee2d6a6cc8bcfb11002b4148b,results/raw/one_shot/Gemini-3.1-Pro-Preview/PlanningPoker/run_04/conflict_free.request.json,outputs/raw/one_shot/Gemini-3.1-Pro-Preview/PlanningPoker/run_04/conflict_free.request.json
379,7b6fe4fa3b0b2d71c8b36e86b0948e60846da53ee2d6a6cc8bcfb11002b4148b,results/raw/one_shot/Gemini-3.1-Pro-Preview/PlanningPoker/run_05/conflict_free.request.json,outputs/raw/one_shot/Gemini-3.1-Pro-Preview/PlanningPoker/run_05/conflict_free.request.json
380,301ef88c9467ca302721e3c140b18f32929418cdf0b082ead2d2dc23b47bde29,results/raw/one_shot/Gemini-3.1-Pro-Preview/PlanningPoker/run_01/estimatable.request.json,outputs/raw/one_shot/Gemini-3.1-Pro-Preview/PlanningPoker/run_01/estimatable.request.json
380,301ef88c9467ca302721e3c140b18f32929418cdf0b082ead2d2dc23b47bde29,results/raw/one_shot/Gemini-3.1-Pro-Preview/PlanningPoker/run_02/estimatable.request.json,outputs/raw/one_shot/Gemini-3.1-Pro-Preview/PlanningPoker/run_02/estimatable.request.json
380,301ef88c9467ca302721e3c140b18f32929418cdf0b082ead2d2dc23b47bde29,results/raw/one_shot/Gemini-3.1-Pro-Preview/PlanningPoker/run_03/estimatable.request.json,outputs/raw/one_shot/Gemini-3.1-Pro-Preview/PlanningPoker/run_03/estimatable.request.json
380,301ef88c9467ca302721e3c140b18f32929418cdf0b082ead2d2dc23b47bde29,results/raw/one_shot/Gemini-3.1-Pro-Preview/PlanningPoker/run_04/estimatable.request.json,outputs/raw/one_shot/Gemini-3.1-Pro-Preview/PlanningPoker/run_04/estimatable.request.json
380,301ef88c9467ca302721e3c140b18f32929418cdf0b082ead2d2dc23b47bde29,results/raw/one_shot/Gemini-3.1-Pro-Preview/PlanningPoker/run_05/estimatable.request.json,outputs/raw/one_shot/Gemini-3.1-Pro-Preview/PlanningPoker/run_05/estimatable.request.json
381,d178df59309d26a701c9e88ec5e88109f63ec2b3a13158274d1ba95076aa3f4c,results/raw/one_shot/Gemini-3.1-Pro-Preview/PlanningPoker/run_01/full_sentence.request.json,outputs/raw/one_shot/Gemini-3.1-Pro-Preview/PlanningPoker/run_01/full_sentence.request.json
381,d178df59309d26a701c9e88ec5e88109f63ec2b3a13158274d1ba95076aa3f4c,results/raw/one_shot/Gemini-3.1-Pro-Preview/PlanningPoker/run_02/full_sentence.request.json,outputs/raw/one_shot/Gemini-3.1-Pro-Preview/PlanningPoker/run_02/full_sentence.request.json
381,d178df59309d26a701c9e88ec5e88109f63ec2b3a13158274d1ba95076aa3f4c,results/raw/one_shot/Gemini-3.1-Pro-Preview/PlanningPoker/run_03/full_sentence.request.json,outputs/raw/one_shot/Gemini-3.1-Pro-Preview/PlanningPoker/run_03/full_sentence.request.json
381,d178df59309d26a701c9e88ec5e88109f63ec2b3a13158274d1ba95076aa3f4c,results/raw/one_shot/Gemini-3.1-Pro-Preview/PlanningPoker/run_04/full_sentence.request.json,outputs/raw/one_shot/Gemini-3.1-Pro-Preview/PlanningPoker/run_04/full_sentence.request.json
381,d178df59309d26a701c9e88ec5e88109f63ec2b3a13158274d1ba95076aa3f4c,results/raw/one_shot/Gemini-3.1-Pro-Preview/PlanningPoker/run_05/full_sentence.request.json,outputs/raw/one_shot/Gemini-3.1-Pro-Preview/PlanningPoker/run_05/full_sentence.request.json
382,ef5b40ead9d307534a1d5091b2c1f5fe428a358a43dddfae11ddf274f1ff742e,results/raw/one_shot/Gemini-3.1-Pro-Preview/PlanningPoker/run_01/independent.request.json,outputs/raw/one_shot/Gemini-3.1-Pro-Preview/PlanningPoker/run_01/independent.request.json
382,ef5b40ead9d307534a1d5091b2c1f5fe428a358a43dddfae11ddf274f1ff742e,results/raw/one_shot/Gemini-3.1-Pro-Preview/PlanningPoker/run_02/independent.request.json,outputs/raw/one_shot/Gemini-3.1-Pro-Preview/PlanningPoker/run_02/independent.request.json
382,ef5b40ead9d307534a1d5091b2c1f5fe428a358a43dddfae11ddf274f1ff742e,results/raw/one_shot/Gemini-3.1-Pro-Preview/PlanningPoker/run_03/independent.request.json,outputs/raw/one_shot/Gemini-3.1-Pro-Preview/PlanningPoker/run_03/independent.request.json
382,ef5b40ead9d307534a1d5091b2c1f5fe428a358a43dddfae11ddf274f1ff742e,results/raw/one_shot/Gemini-3.1-Pro-Preview/PlanningPoker/run_04/independent.request.json,outputs/raw/one_shot/Gemini-3.1-Pro-Preview/PlanningPoker/run_04/independent.request.json
382,ef5b40ead9d307534a1d5091b2c1f5fe428a358a43dddfae11ddf274f1ff742e,results/raw/one_shot/Gemini-3.1-Pro-Preview/PlanningPoker/run_05/independent.request.json,outputs/raw/one_shot/Gemini-3.1-Pro-Preview/PlanningPoker/run_05/independent.request.json
383,b23756a4a13e678aca3b261225bd88fd0155fbbf8ca81239b5b52b321916d05c,results/raw/one_shot/Gemini-3.1-Pro-Preview/PlanningPoker/run_01/minimal.request.json,outputs/raw/one_shot/Gemini-3.1-Pro-Preview/PlanningPoker/run_01/minimal.request.json
383,b23756a4a13e678aca3b261225bd88fd0155fbbf8ca81239b5b52b321916d05c,results/raw/one_shot/Gemini-3.1-Pro-Preview/PlanningPoker/run_02/minimal.request.json,outputs/raw/one_shot/Gemini-3.1-Pro-Preview/PlanningPoker/run_02/minimal.request.json
383,b23756a4a13e678aca3b261225bd88fd0155fbbf8ca81239b5b52b321916d05c,results/raw/one_shot/Gemini-3.1-Pro-Preview/PlanningPoker/run_03/minimal.request.json,outputs/raw/one_shot/Gemini-3.1-Pro-Preview/PlanningPoker/run_03/minimal.request.json
383,b23756a4a13e678aca3b261225bd88fd0155fbbf8ca81239b5b52b321916d05c,results/raw/one_shot/Gemini-3.1-Pro-Preview/PlanningPoker/run_04/minimal.request.json,outputs/raw/one_shot/Gemini-3.1-Pro-Preview/PlanningPoker/run_04/minimal.request.json
383,b23756a4a13e678aca3b261225bd88fd0155fbbf8ca81239b5b52b321916d05c,results/raw/one_shot/Gemini-3.1-Pro-Preview/PlanningPoker/run_05/minimal.request.json,outputs/raw/one_shot/Gemini-3.1-Pro-Preview/PlanningPoker/run_05/minimal.request.json
384,0f5d30bec28e34a3843b95874b6eb145f6e6aaa149faa05aa44e3a573b4b42d4,results/raw/one_shot/Gemini-3.1-Pro-Preview/PlanningPoker/run_01/problem_oriented.request.json,outputs/raw/one_shot/Gemini-3.1-Pro-Preview/PlanningPoker/run_01/problem_oriented.request.json
384,0f5d30bec28e34a3843b95874b6eb145f6e6aaa149faa05aa44e3a573b4b42d4,results/raw/one_shot/Gemini-3.1-Pro-Preview/PlanningPoker/run_02/problem_oriented.request.json,outputs/raw/one_shot/Gemini-3.1-Pro-Preview/PlanningPoker/run_02/problem_oriented.request.json
384,0f5d30bec28e34a3843b95874b6eb145f6e6aaa149faa05aa44e3a573b4b42d4,results/raw/one_shot/Gemini-3.1-Pro-Preview/PlanningPoker/run_03/problem_oriented.request.json,outputs/raw/one_shot/Gemini-3.1-Pro-Preview/PlanningPoker/run_03/problem_oriented.request.json
384,0f5d30bec28e34a3843b95874b6eb145f6e6aaa149faa05aa44e3a573b4b42d4,results/raw/one_shot/Gemini-3.1-Pro-Preview/PlanningPoker/run_04/problem_oriented.request.json,outputs/raw/one_shot/Gemini-3.1-Pro-Preview/PlanningPoker/run_04/problem_oriented.request.json
384,0f5d30bec28e34a3843b95874b6eb145f6e6aaa149faa05aa44e3a573b4b42d4,results/raw/one_shot/Gemini-3.1-Pro-Preview/PlanningPoker/run_05/problem_oriented.request.json,outputs/raw/one_shot/Gemini-3.1-Pro-Preview/PlanningPoker/run_05/problem_oriented.request.json
385,0d77c095e175e9a8480e97d4a7540585d0f87020503f0f7ec810b47965958f43,results/raw/one_shot/Gemini-3.1-Pro-Preview/PlanningPoker/run_01/unambiguous.request.json,outputs/raw/one_shot/Gemini-3.1-Pro-Preview/PlanningPoker/run_01/unambiguous.request.json
385,0d77c095e175e9a8480e97d4a7540585d0f87020503f0f7ec810b47965958f43,results/raw/one_shot/Gemini-3.1-Pro-Preview/PlanningPoker/run_02/unambiguous.request.json,outputs/raw/one_shot/Gemini-3.1-Pro-Preview/PlanningPoker/run_02/unambiguous.request.json
385,0d77c095e175e9a8480e97d4a7540585d0f87020503f0f7ec810b47965958f43,results/raw/one_shot/Gemini-3.1-Pro-Preview/PlanningPoker/run_03/unambiguous.request.json,outputs/raw/one_shot/Gemini-3.1-Pro-Preview/PlanningPoker/run_03/unambiguous.request.json
385,0d77c095e175e9a8480e97d4a7540585d0f87020503f0f7ec810b47965958f43,results/raw/one_shot/Gemini-3.1-Pro-Preview/PlanningPoker/run_04/unambiguous.request.json,outputs/raw/one_shot/Gemini-3.1-Pro-Preview/PlanningPoker/run_04/unambiguous.request.json
385,0d77c095e175e9a8480e97d4a7540585d0f87020503f0f7ec810b47965958f43,results/raw/one_shot/Gemini-3.1-Pro-Preview/PlanningPoker/run_05/unambiguous.request.json,outputs/raw/one_shot/Gemini-3.1-Pro-Preview/PlanningPoker/run_05/unambiguous.request.json
386,0e2d40cbad445ed4ac024cd67224751db963959e350cd45d024be982e2a8ab72,results/raw/one_shot/Gemini-3.1-Pro-Preview/PlanningPoker/run_01/uniform.request.json,outputs/raw/one_shot/Gemini-3.1-Pro-Preview/PlanningPoker/run_01/uniform.request.json
386,0e2d40cbad445ed4ac024cd67224751db963959e350cd45d024be982e2a8ab72,results/raw/one_shot/Gemini-3.1-Pro-Preview/PlanningPoker/run_02/uniform.request.json,outputs/raw/one_shot/Gemini-3.1-Pro-Preview/PlanningPoker/run_02/uniform.request.json
386,0e2d40cbad445ed4ac024cd67224751db963959e350cd45d024be982e2a8ab72,results/raw/one_shot/Gemini-3.1-Pro-Preview/PlanningPoker/run_03/uniform.request.json,outputs/raw/one_shot/Gemini-3.1-Pro-Preview/PlanningPoker/run_03/uniform.request.json
386,0e2d40cbad445ed4ac024cd67224751db963959e350cd45d024be982e2a8ab72,results/raw/one_shot/Gemini-3.1-Pro-Preview/PlanningPoker/run_04/uniform.request.json,outputs/raw/one_shot/Gemini-3.1-Pro-Preview/PlanningPoker/run_04/uniform.request.json
386,0e2d40cbad445ed4ac024cd67224751db963959e350cd45d024be982e2a8ab72,results/raw/one_shot/Gemini-3.1-Pro-Preview/PlanningPoker/run_05/uniform.request.json,outputs/raw/one_shot/Gemini-3.1-Pro-Preview/PlanningPoker/run_05/uniform.request.json
387,413f8838e5ac73a1bf13727a72af938c0654fefbd7b4a4ea23c1abd5a0d5bc56,results/raw/one_shot/Gemini-3.1-Pro-Preview/PlanningPoker/run_01/unique.request.json,outputs/raw/one_shot/Gemini-3.1-Pro-Preview/PlanningPoker/run_01/unique.request.json
387,413f8838e5ac73a1bf13727a72af938c0654fefbd7b4a4ea23c1abd5a0d5bc56,results/raw/one_shot/Gemini-3.1-Pro-Preview/PlanningPoker/run_02/unique.request.json,outputs/raw/one_shot/Gemini-3.1-Pro-Preview/PlanningPoker/run_02/unique.request.json
387,413f8838e5ac73a1bf13727a72af938c0654fefbd7b4a4ea23c1abd5a0d5bc56,results/raw/one_shot/Gemini-3.1-Pro-Preview/PlanningPoker/run_03/unique.request.json,outputs/raw/one_shot/Gemini-3.1-Pro-Preview/PlanningPoker/run_03/unique.request.json
387,413f8838e5ac73a1bf13727a72af938c0654fefbd7b4a4ea23c1abd5a0d5bc56,results/raw/one_shot/Gemini-3.1-Pro-Preview/PlanningPoker/run_04/unique.request.json,outputs/raw/one_shot/Gemini-3.1-Pro-Preview/PlanningPoker/run_04/unique.request.json
387,413f8838e5ac73a1bf13727a72af938c0654fefbd7b4a4ea23c1abd5a0d5bc56,results/raw/one_shot/Gemini-3.1-Pro-Preview/PlanningPoker/run_05/unique.request.json,outputs/raw/one_shot/Gemini-3.1-Pro-Preview/PlanningPoker/run_05/unique.request.json
388,44215d3d42927803a93a796cefecc22ffcd0e7388f90447e6a9241a63157dceb,results/raw/one_shot/Gemini-3.1-Pro-Preview/PlanningPoker/run_01/well_formed.request.json,outputs/raw/one_shot/Gemini-3.1-Pro-Preview/PlanningPoker/run_01/well_formed.request.json
388,44215d3d42927803a93a796cefecc22ffcd0e7388f90447e6a9241a63157dceb,results/raw/one_shot/Gemini-3.1-Pro-Preview/PlanningPoker/run_02/well_formed.request.json,outputs/raw/one_shot/Gemini-3.1-Pro-Preview/PlanningPoker/run_02/well_formed.request.json
388,44215d3d42927803a93a796cefecc22ffcd0e7388f90447e6a9241a63157dceb,results/raw/one_shot/Gemini-3.1-Pro-Preview/PlanningPoker/run_03/well_formed.request.json,outputs/raw/one_shot/Gemini-3.1-Pro-Preview/PlanningPoker/run_03/well_formed.request.json
388,44215d3d42927803a93a796cefecc22ffcd0e7388f90447e6a9241a63157dceb,results/raw/one_shot/Gemini-3.1-Pro-Preview/PlanningPoker/run_04/well_formed.request.json,outputs/raw/one_shot/Gemini-3.1-Pro-Preview/PlanningPoker/run_04/well_formed.request.json
388,44215d3d42927803a93a796cefecc22ffcd0e7388f90447e6a9241a63157dceb,results/raw/one_shot/Gemini-3.1-Pro-Preview/PlanningPoker/run_05/well_formed.request.json,outputs/raw/one_shot/Gemini-3.1-Pro-Preview/PlanningPoker/run_05/well_formed.request.json
389,0988a95e18440b8d76734d9f9048b0ca4f4de7837b61ac4e4e97bc21c3710e6f,results/raw/one_shot/Gemini-3.1-Pro-Preview/Zooniverse/run_01/atomic.request.json,outputs/raw/one_shot/Gemini-3.1-Pro-Preview/Zooniverse/run_01/atomic.request.json
389,0988a95e18440b8d76734d9f9048b0ca4f4de7837b61ac4e4e97bc21c3710e6f,results/raw/one_shot/Gemini-3.1-Pro-Preview/Zooniverse/run_02/atomic.request.json,outputs/raw/one_shot/Gemini-3.1-Pro-Preview/Zooniverse/run_02/atomic.request.json
389,0988a95e18440b8d76734d9f9048b0ca4f4de7837b61ac4e4e97bc21c3710e6f,results/raw/one_shot/Gemini-3.1-Pro-Preview/Zooniverse/run_03/atomic.request.json,outputs/raw/one_shot/Gemini-3.1-Pro-Preview/Zooniverse/run_03/atomic.request.json
389,0988a95e18440b8d76734d9f9048b0ca4f4de7837b61ac4e4e97bc21c3710e6f,results/raw/one_shot/Gemini-3.1-Pro-Preview/Zooniverse/run_04/atomic.request.json,outputs/raw/one_shot/Gemini-3.1-Pro-Preview/Zooniverse/run_04/atomic.request.json
389,0988a95e18440b8d76734d9f9048b0ca4f4de7837b61ac4e4e97bc21c3710e6f,results/raw/one_shot/Gemini-3.1-Pro-Preview/Zooniverse/run_05/atomic.request.json,outputs/raw/one_shot/Gemini-3.1-Pro-Preview/Zooniverse/run_05/atomic.request.json
390,2ebe9bcec02cf3d72693bbaccc72cddc50d01d7cae43177d1259a2470115e73d,results/raw/one_shot/Gemini-3.1-Pro-Preview/Zooniverse/run_01/complete.request.json,outputs/raw/one_shot/Gemini-3.1-Pro-Preview/Zooniverse/run_01/complete.request.json
390,2ebe9bcec02cf3d72693bbaccc72cddc50d01d7cae43177d1259a2470115e73d,results/raw/one_shot/Gemini-3.1-Pro-Preview/Zooniverse/run_02/complete.request.json,outputs/raw/one_shot/Gemini-3.1-Pro-Preview/Zooniverse/run_02/complete.request.json
390,2ebe9bcec02cf3d72693bbaccc72cddc50d01d7cae43177d1259a2470115e73d,results/raw/one_shot/Gemini-3.1-Pro-Preview/Zooniverse/run_03/complete.request.json,outputs/raw/one_shot/Gemini-3.1-Pro-Preview/Zooniverse/run_03/complete.request.json
390,2ebe9bcec02cf3d72693bbaccc72cddc50d01d7cae43177d1259a2470115e73d,results/raw/one_shot/Gemini-3.1-Pro-Preview/Zooniverse/run_04/complete.request.json,outputs/raw/one_shot/Gemini-3.1-Pro-Preview/Zooniverse/run_04/complete.request.json
390,2ebe9bcec02cf3d72693bbaccc72cddc50d01d7cae43177d1259a2470115e73d,results/raw/one_shot/Gemini-3.1-Pro-Preview/Zooniverse/run_05/complete.request.json,outputs/raw/one_shot/Gemini-3.1-Pro-Preview/Zooniverse/run_05/complete.request.json
391,e6bb44fd77ac735761d9d418678f7182a4b7b9c8f53e9c9eeccad1117135647c,results/raw/one_shot/Gemini-3.1-Pro-Preview/Zooniverse/run_01/conceptually_sound.request.json,outputs/raw/one_shot/Gemini-3.1-Pro-Preview/Zooniverse/run_01/conceptually_sound.request.json
391,e6bb44fd77ac735761d9d418678f7182a4b7b9c8f53e9c9eeccad1117135647c,results/raw/one_shot/Gemini-3.1-Pro-Preview/Zooniverse/run_02/conceptually_sound.request.json,outputs/raw/one_shot/Gemini-3.1-Pro-Preview/Zooniverse/run_02/conceptually_sound.request.json
391,e6bb44fd77ac735761d9d418678f7182a4b7b9c8f53e9c9eeccad1117135647c,results/raw/one_shot/Gemini-3.1-Pro-Preview/Zooniverse/run_03/conceptually_sound.request.json,outputs/raw/one_shot/Gemini-3.1-Pro-Preview/Zooniverse/run_03/conceptually_sound.request.json
391,e6bb44fd77ac735761d9d418678f7182a4b7b9c8f53e9c9eeccad1117135647c,results/raw/one_shot/Gemini-3.1-Pro-Preview/Zooniverse/run_04/conceptually_sound.request.json,outputs/raw/one_shot/Gemini-3.1-Pro-Preview/Zooniverse/run_04/conceptually_sound.request.json
391,e6bb44fd77ac735761d9d418678f7182a4b7b9c8f53e9c9eeccad1117135647c,results/raw/one_shot/Gemini-3.1-Pro-Preview/Zooniverse/run_05/conceptually_sound.request.json,outputs/raw/one_shot/Gemini-3.1-Pro-Preview/Zooniverse/run_05/conceptually_sound.request.json
392,3c394cf9a89585639b0dd626eddf36cda62dd7b7b4376f1127f5f1017610ad82,results/raw/one_shot/Gemini-3.1-Pro-Preview/Zooniverse/run_01/conflict_free.request.json,outputs/raw/one_shot/Gemini-3.1-Pro-Preview/Zooniverse/run_01/conflict_free.request.json
392,3c394cf9a89585639b0dd626eddf36cda62dd7b7b4376f1127f5f1017610ad82,results/raw/one_shot/Gemini-3.1-Pro-Preview/Zooniverse/run_02/conflict_free.request.json,outputs/raw/one_shot/Gemini-3.1-Pro-Preview/Zooniverse/run_02/conflict_free.request.json
392,3c394cf9a89585639b0dd626eddf36cda62dd7b7b4376f1127f5f1017610ad82,results/raw/one_shot/Gemini-3.1-Pro-Preview/Zooniverse/run_03/conflict_free.request.json,outputs/raw/one_shot/Gemini-3.1-Pro-Preview/Zooniverse/run_03/conflict_free.request.json
392,3c394cf9a89585639b0dd626eddf36cda62dd7b7b4376f1127f5f1017610ad82,results/raw/one_shot/Gemini-3.1-Pro-Preview/Zooniverse/run_04/conflict_free.request.json,outputs/raw/one_shot/Gemini-3.1-Pro-Preview/Zooniverse/run_04/conflict_free.request.json
392,3c394cf9a89585639b0dd626eddf36cda62dd7b7b4376f1127f5f1017610ad82,results/raw/one_shot/Gemini-3.1-Pro-Preview/Zooniverse/run_05/conflict_free.request.json,outputs/raw/one_shot/Gemini-3.1-Pro-Preview/Zooniverse/run_05/conflict_free.request.json
393,db271cf2276900969aa8ef207061e2123b3a3985ec095d48a0031dbe292f3345,results/raw/one_shot/Gemini-3.1-Pro-Preview/Zooniverse/run_01/estimatable.request.json,outputs/raw/one_shot/Gemini-3.1-Pro-Preview/Zooniverse/run_01/estimatable.request.json
393,db271cf2276900969aa8ef207061e2123b3a3985ec095d48a0031dbe292f3345,results/raw/one_shot/Gemini-3.1-Pro-Preview/Zooniverse/run_02/estimatable.request.json,outputs/raw/one_shot/Gemini-3.1-Pro-Preview/Zooniverse/run_02/estimatable.request.json
393,db271cf2276900969aa8ef207061e2123b3a3985ec095d48a0031dbe292f3345,results/raw/one_shot/Gemini-3.1-Pro-Preview/Zooniverse/run_03/estimatable.request.json,outputs/raw/one_shot/Gemini-3.1-Pro-Preview/Zooniverse/run_03/estimatable.request.json
393,db271cf2276900969aa8ef207061e2123b3a3985ec095d48a0031dbe292f3345,results/raw/one_shot/Gemini-3.1-Pro-Preview/Zooniverse/run_04/estimatable.request.json,outputs/raw/one_shot/Gemini-3.1-Pro-Preview/Zooniverse/run_04/estimatable.request.json
393,db271cf2276900969aa8ef207061e2123b3a3985ec095d48a0031dbe292f3345,results/raw/one_shot/Gemini-3.1-Pro-Preview/Zooniverse/run_05/estimatable.request.json,outputs/raw/one_shot/Gemini-3.1-Pro-Preview/Zooniverse/run_05/estimatable.request.json
394,361ea5c96ff64d7512c04b6c19dd9260fe4e9ad55a75126a3f1338b8b0c108bc,results/raw/one_shot/Gemini-3.1-Pro-Preview/Zooniverse/run_01/full_sentence.request.json,outputs/raw/one_shot/Gemini-3.1-Pro-Preview/Zooniverse/run_01/full_sentence.request.json
394,361ea5c96ff64d7512c04b6c19dd9260fe4e9ad55a75126a3f1338b8b0c108bc,results/raw/one_shot/Gemini-3.1-Pro-Preview/Zooniverse/run_02/full_sentence.request.json,outputs/raw/one_shot/Gemini-3.1-Pro-Preview/Zooniverse/run_02/full_sentence.request.json
394,361ea5c96ff64d7512c04b6c19dd9260fe4e9ad55a75126a3f1338b8b0c108bc,results/raw/one_shot/Gemini-3.1-Pro-Preview/Zooniverse/run_03/full_sentence.request.json,outputs/raw/one_shot/Gemini-3.1-Pro-Preview/Zooniverse/run_03/full_sentence.request.json
394,361ea5c96ff64d7512c04b6c19dd9260fe4e9ad55a75126a3f1338b8b0c108bc,results/raw/one_shot/Gemini-3.1-Pro-Preview/Zooniverse/run_04/full_sentence.request.json,outputs/raw/one_shot/Gemini-3.1-Pro-Preview/Zooniverse/run_04/full_sentence.request.json
394,361ea5c96ff64d7512c04b6c19dd9260fe4e9ad55a75126a3f1338b8b0c108bc,results/raw/one_shot/Gemini-3.1-Pro-Preview/Zooniverse/run_05/full_sentence.request.json,outputs/raw/one_shot/Gemini-3.1-Pro-Preview/Zooniverse/run_05/full_sentence.request.json
395,6454200137088739cf4d5d25134a1472030d222117d9fcc7581202fa002c6e68,results/raw/one_shot/Gemini-3.1-Pro-Preview/Zooniverse/run_01/independent.request.json,outputs/raw/one_shot/Gemini-3.1-Pro-Preview/Zooniverse/run_01/independent.request.json
395,6454200137088739cf4d5d25134a1472030d222117d9fcc7581202fa002c6e68,results/raw/one_shot/Gemini-3.1-Pro-Preview/Zooniverse/run_02/independent.request.json,outputs/raw/one_shot/Gemini-3.1-Pro-Preview/Zooniverse/run_02/independent.request.json
395,6454200137088739cf4d5d25134a1472030d222117d9fcc7581202fa002c6e68,results/raw/one_shot/Gemini-3.1-Pro-Preview/Zooniverse/run_03/independent.request.json,outputs/raw/one_shot/Gemini-3.1-Pro-Preview/Zooniverse/run_03/independent.request.json
395,6454200137088739cf4d5d25134a1472030d222117d9fcc7581202fa002c6e68,results/raw/one_shot/Gemini-3.1-Pro-Preview/Zooniverse/run_04/independent.request.json,outputs/raw/one_shot/Gemini-3.1-Pro-Preview/Zooniverse/run_04/independent.request.json
395,6454200137088739cf4d5d25134a1472030d222117d9fcc7581202fa002c6e68,results/raw/one_shot/Gemini-3.1-Pro-Preview/Zooniverse/run_05/independent.request.json,outputs/raw/one_shot/Gemini-3.1-Pro-Preview/Zooniverse/run_05/independent.request.json
396,ef15289aa2806e2643aa5679b15068cfcf01ff365eb442c0c93a1b72567097bb,results/raw/one_shot/Gemini-3.1-Pro-Preview/Zooniverse/run_01/minimal.request.json,outputs/raw/one_shot/Gemini-3.1-Pro-Preview/Zooniverse/run_01/minimal.request.json
396,ef15289aa2806e2643aa5679b15068cfcf01ff365eb442c0c93a1b72567097bb,results/raw/one_shot/Gemini-3.1-Pro-Preview/Zooniverse/run_02/minimal.request.json,outputs/raw/one_shot/Gemini-3.1-Pro-Preview/Zooniverse/run_02/minimal.request.json
396,ef15289aa2806e2643aa5679b15068cfcf01ff365eb442c0c93a1b72567097bb,results/raw/one_shot/Gemini-3.1-Pro-Preview/Zooniverse/run_03/minimal.request.json,outputs/raw/one_shot/Gemini-3.1-Pro-Preview/Zooniverse/run_03/minimal.request.json
396,ef15289aa2806e2643aa5679b15068cfcf01ff365eb442c0c93a1b72567097bb,results/raw/one_shot/Gemini-3.1-Pro-Preview/Zooniverse/run_04/minimal.request.json,outputs/raw/one_shot/Gemini-3.1-Pro-Preview/Zooniverse/run_04/minimal.request.json
396,ef15289aa2806e2643aa5679b15068cfcf01ff365eb442c0c93a1b72567097bb,results/raw/one_shot/Gemini-3.1-Pro-Preview/Zooniverse/run_05/minimal.request.json,outputs/raw/one_shot/Gemini-3.1-Pro-Preview/Zooniverse/run_05/minimal.request.json
397,320826e4d085a4e365a40518ddce71d828486aee02c48098f64085d3db82af05,results/raw/one_shot/Gemini-3.1-Pro-Preview/Zooniverse/run_01/problem_oriented.request.json,outputs/raw/one_shot/Gemini-3.1-Pro-Preview/Zooniverse/run_01/problem_oriented.request.json
397,320826e4d085a4e365a40518ddce71d828486aee02c48098f64085d3db82af05,results/raw/one_shot/Gemini-3.1-Pro-Preview/Zooniverse/run_02/problem_oriented.request.json,outputs/raw/one_shot/Gemini-3.1-Pro-Preview/Zooniverse/run_02/problem_oriented.request.json
397,320826e4d085a4e365a40518ddce71d828486aee02c48098f64085d3db82af05,results/raw/one_shot/Gemini-3.1-Pro-Preview/Zooniverse/run_03/problem_oriented.request.json,outputs/raw/one_shot/Gemini-3.1-Pro-Preview/Zooniverse/run_03/problem_oriented.request.json
397,320826e4d085a4e365a40518ddce71d828486aee02c48098f64085d3db82af05,results/raw/one_shot/Gemini-3.1-Pro-Preview/Zooniverse/run_04/problem_oriented.request.json,outputs/raw/one_shot/Gemini-3.1-Pro-Preview/Zooniverse/run_04/problem_oriented.request.json
397,320826e4d085a4e365a40518ddce71d828486aee02c48098f64085d3db82af05,results/raw/one_shot/Gemini-3.1-Pro-Preview/Zooniverse/run_05/problem_oriented.request.json,outputs/raw/one_shot/Gemini-3.1-Pro-Preview/Zooniverse/run_05/problem_oriented.request.json
398,3c68d162afc8b2c8188a7d09470638d0a78e8c7405dd8bb21bfdb1d9f7371066,results/raw/one_shot/Gemini-3.1-Pro-Preview/Zooniverse/run_01/unambiguous.request.json,outputs/raw/one_shot/Gemini-3.1-Pro-Preview/Zooniverse/run_01/unambiguous.request.json
398,3c68d162afc8b2c8188a7d09470638d0a78e8c7405dd8bb21bfdb1d9f7371066,results/raw/one_shot/Gemini-3.1-Pro-Preview/Zooniverse/run_02/unambiguous.request.json,outputs/raw/one_shot/Gemini-3.1-Pro-Preview/Zooniverse/run_02/unambiguous.request.json
398,3c68d162afc8b2c8188a7d09470638d0a78e8c7405dd8bb21bfdb1d9f7371066,results/raw/one_shot/Gemini-3.1-Pro-Preview/Zooniverse/run_03/unambiguous.request.json,outputs/raw/one_shot/Gemini-3.1-Pro-Preview/Zooniverse/run_03/unambiguous.request.json
398,3c68d162afc8b2c8188a7d09470638d0a78e8c7405dd8bb21bfdb1d9f7371066,results/raw/one_shot/Gemini-3.1-Pro-Preview/Zooniverse/run_04/unambiguous.request.json,outputs/raw/one_shot/Gemini-3.1-Pro-Preview/Zooniverse/run_04/unambiguous.request.json
398,3c68d162afc8b2c8188a7d09470638d0a78e8c7405dd8bb21bfdb1d9f7371066,results/raw/one_shot/Gemini-3.1-Pro-Preview/Zooniverse/run_05/unambiguous.request.json,outputs/raw/one_shot/Gemini-3.1-Pro-Preview/Zooniverse/run_05/unambiguous.request.json
399,acd8b872fceccdc90574c30cd907ab6cc1a9f7428d2885132ff88c0c8cb622eb,results/raw/one_shot/Gemini-3.1-Pro-Preview/Zooniverse/run_01/uniform.request.json,outputs/raw/one_shot/Gemini-3.1-Pro-Preview/Zooniverse/run_01/uniform.request.json
399,acd8b872fceccdc90574c30cd907ab6cc1a9f7428d2885132ff88c0c8cb622eb,results/raw/one_shot/Gemini-3.1-Pro-Preview/Zooniverse/run_02/uniform.request.json,outputs/raw/one_shot/Gemini-3.1-Pro-Preview/Zooniverse/run_02/uniform.request.json
399,acd8b872fceccdc90574c30cd907ab6cc1a9f7428d2885132ff88c0c8cb622eb,results/raw/one_shot/Gemini-3.1-Pro-Preview/Zooniverse/run_03/uniform.request.json,outputs/raw/one_shot/Gemini-3.1-Pro-Preview/Zooniverse/run_03/uniform.request.json
399,acd8b872fceccdc90574c30cd907ab6cc1a9f7428d2885132ff88c0c8cb622eb,results/raw/one_shot/Gemini-3.1-Pro-Preview/Zooniverse/run_04/uniform.request.json,outputs/raw/one_shot/Gemini-3.1-Pro-Preview/Zooniverse/run_04/uniform.request.json
399,acd8b872fceccdc90574c30cd907ab6cc1a9f7428d2885132ff88c0c8cb622eb,results/raw/one_shot/Gemini-3.1-Pro-Preview/Zooniverse/run_05/uniform.request.json,outputs/raw/one_shot/Gemini-3.1-Pro-Preview/Zooniverse/run_05/uniform.request.json
400,c821a33a6a9fd8d7cdb6d852c62195743288c6073f7d6db4f2673aa1c82072d0,results/raw/one_shot/Gemini-3.1-Pro-Preview/Zooniverse/run_01/unique.request.json,outputs/raw/one_shot/Gemini-3.1-Pro-Preview/Zooniverse/run_01/unique.request.json
400,c821a33a6a9fd8d7cdb6d852c62195743288c6073f7d6db4f2673aa1c82072d0,results/raw/one_shot/Gemini-3.1-Pro-Preview/Zooniverse/run_02/unique.request.json,outputs/raw/one_shot/Gemini-3.1-Pro-Preview/Zooniverse/run_02/unique.request.json
400,c821a33a6a9fd8d7cdb6d852c62195743288c6073f7d6db4f2673aa1c82072d0,results/raw/one_shot/Gemini-3.1-Pro-Preview/Zooniverse/run_03/unique.request.json,outputs/raw/one_shot/Gemini-3.1-Pro-Preview/Zooniverse/run_03/unique.request.json
400,c821a33a6a9fd8d7cdb6d852c62195743288c6073f7d6db4f2673aa1c82072d0,results/raw/one_shot/Gemini-3.1-Pro-Preview/Zooniverse/run_04/unique.request.json,outputs/raw/one_shot/Gemini-3.1-Pro-Preview/Zooniverse/run_04/unique.request.json
400,c821a33a6a9fd8d7cdb6d852c62195743288c6073f7d6db4f2673aa1c82072d0,results/raw/one_shot/Gemini-3.1-Pro-Preview/Zooniverse/run_05/unique.request.json,outputs/raw/one_shot/Gemini-3.1-Pro-Preview/Zooniverse/run_05/unique.request.json
401,fee66f80c0238c0c4c35593bd3862b917e6687694a9b448040cf9f223dc4624a,results/raw/one_shot/Gemini-3.1-Pro-Preview/Zooniverse/run_01/well_formed.request.json,outputs/raw/one_shot/Gemini-3.1-Pro-Preview/Zooniverse/run_01/well_formed.request.json
401,fee66f80c0238c0c4c35593bd3862b917e6687694a9b448040cf9f223dc4624a,results/raw/one_shot/Gemini-3.1-Pro-Preview/Zooniverse/run_02/well_formed.request.json,outputs/raw/one_shot/Gemini-3.1-Pro-Preview/Zooniverse/run_02/well_formed.request.json
401,fee66f80c0238c0c4c35593bd3862b917e6687694a9b448040cf9f223dc4624a,results/raw/one_shot/Gemini-3.1-Pro-Preview/Zooniverse/run_03/well_formed.request.json,outputs/raw/one_shot/Gemini-3.1-Pro-Preview/Zooniverse/run_03/well_formed.request.json
401,fee66f80c0238c0c4c35593bd3862b917e6687694a9b448040cf9f223dc4624a,results/raw/one_shot/Gemini-3.1-Pro-Preview/Zooniverse/run_04/well_formed.request.json,outputs/raw/one_shot/Gemini-3.1-Pro-Preview/Zooniverse/run_04/well_formed.request.json
401,fee66f80c0238c0c4c35593bd3862b917e6687694a9b448040cf9f223dc4624a,results/raw/one_shot/Gemini-3.1-Pro-Preview/Zooniverse/run_05/well_formed.request.json,outputs/raw/one_shot/Gemini-3.1-Pro-Preview/Zooniverse/run_05/well_formed.request.json
402,dba38397f2e81cd5f3be83298604c99c3091b5717bcd85f448fd8b1eb73bebf2,results/raw/zero_shot/DeepSeek-V4-Pro/BADCamp/run_01/atomic.request.json,outputs/raw/zero_shot/DeepSeek-V4-Pro/BADCamp/run_01/atomic.request.json
402,dba38397f2e81cd5f3be83298604c99c3091b5717bcd85f448fd8b1eb73bebf2,results/raw/zero_shot/DeepSeek-V4-Pro/BADCamp/run_02/atomic.request.json,outputs/raw/zero_shot/DeepSeek-V4-Pro/BADCamp/run_02/atomic.request.json
402,dba38397f2e81cd5f3be83298604c99c3091b5717bcd85f448fd8b1eb73bebf2,results/raw/zero_shot/DeepSeek-V4-Pro/BADCamp/run_03/atomic.request.json,outputs/raw/zero_shot/DeepSeek-V4-Pro/BADCamp/run_03/atomic.request.json
402,dba38397f2e81cd5f3be83298604c99c3091b5717bcd85f448fd8b1eb73bebf2,results/raw/zero_shot/DeepSeek-V4-Pro/BADCamp/run_04/atomic.request.json,outputs/raw/zero_shot/DeepSeek-V4-Pro/BADCamp/run_04/atomic.request.json
402,dba38397f2e81cd5f3be83298604c99c3091b5717bcd85f448fd8b1eb73bebf2,results/raw/zero_shot/DeepSeek-V4-Pro/BADCamp/run_05/atomic.request.json,outputs/raw/zero_shot/DeepSeek-V4-Pro/BADCamp/run_05/atomic.request.json
403,de1dbad0b514868d92d87676191df1004afded5a9af42e50e9aebb684aa925b8,results/raw/zero_shot/DeepSeek-V4-Pro/BADCamp/run_01/complete.request.json,outputs/raw/zero_shot/DeepSeek-V4-Pro/BADCamp/run_01/complete.request.json
403,de1dbad0b514868d92d87676191df1004afded5a9af42e50e9aebb684aa925b8,results/raw/zero_shot/DeepSeek-V4-Pro/BADCamp/run_02/complete.request.json,outputs/raw/zero_shot/DeepSeek-V4-Pro/BADCamp/run_02/complete.request.json
403,de1dbad0b514868d92d87676191df1004afded5a9af42e50e9aebb684aa925b8,results/raw/zero_shot/DeepSeek-V4-Pro/BADCamp/run_03/complete.request.json,outputs/raw/zero_shot/DeepSeek-V4-Pro/BADCamp/run_03/complete.request.json
403,de1dbad0b514868d92d87676191df1004afded5a9af42e50e9aebb684aa925b8,results/raw/zero_shot/DeepSeek-V4-Pro/BADCamp/run_04/complete.request.json,outputs/raw/zero_shot/DeepSeek-V4-Pro/BADCamp/run_04/complete.request.json
403,de1dbad0b514868d92d87676191df1004afded5a9af42e50e9aebb684aa925b8,results/raw/zero_shot/DeepSeek-V4-Pro/BADCamp/run_05/complete.request.json,outputs/raw/zero_shot/DeepSeek-V4-Pro/BADCamp/run_05/complete.request.json
404,fc6fdc9beb6584c99a410174f5449fa5fa9b091c0d36530a5d89d976173c7ef2,results/raw/zero_shot/DeepSeek-V4-Pro/BADCamp/run_01/conceptually_sound.request.json,outputs/raw/zero_shot/DeepSeek-V4-Pro/BADCamp/run_01/conceptually_sound.request.json
404,fc6fdc9beb6584c99a410174f5449fa5fa9b091c0d36530a5d89d976173c7ef2,results/raw/zero_shot/DeepSeek-V4-Pro/BADCamp/run_02/conceptually_sound.request.json,outputs/raw/zero_shot/DeepSeek-V4-Pro/BADCamp/run_02/conceptually_sound.request.json
404,fc6fdc9beb6584c99a410174f5449fa5fa9b091c0d36530a5d89d976173c7ef2,results/raw/zero_shot/DeepSeek-V4-Pro/BADCamp/run_03/conceptually_sound.request.json,outputs/raw/zero_shot/DeepSeek-V4-Pro/BADCamp/run_03/conceptually_sound.request.json
404,fc6fdc9beb6584c99a410174f5449fa5fa9b091c0d36530a5d89d976173c7ef2,results/raw/zero_shot/DeepSeek-V4-Pro/BADCamp/run_04/conceptually_sound.request.json,outputs/raw/zero_shot/DeepSeek-V4-Pro/BADCamp/run_04/conceptually_sound.request.json
404,fc6fdc9beb6584c99a410174f5449fa5fa9b091c0d36530a5d89d976173c7ef2,results/raw/zero_shot/DeepSeek-V4-Pro/BADCamp/run_05/conceptually_sound.request.json,outputs/raw/zero_shot/DeepSeek-V4-Pro/BADCamp/run_05/conceptually_sound.request.json
405,47d9a5256b4959e678a43b1f6aa0648af2967e0e290f8980dcfe493850c93047,results/raw/zero_shot/DeepSeek-V4-Pro/BADCamp/run_01/conflict_free.request.json,outputs/raw/zero_shot/DeepSeek-V4-Pro/BADCamp/run_01/conflict_free.request.json
405,47d9a5256b4959e678a43b1f6aa0648af2967e0e290f8980dcfe493850c93047,results/raw/zero_shot/DeepSeek-V4-Pro/BADCamp/run_02/conflict_free.request.json,outputs/raw/zero_shot/DeepSeek-V4-Pro/BADCamp/run_02/conflict_free.request.json
405,47d9a5256b4959e678a43b1f6aa0648af2967e0e290f8980dcfe493850c93047,results/raw/zero_shot/DeepSeek-V4-Pro/BADCamp/run_03/conflict_free.request.json,outputs/raw/zero_shot/DeepSeek-V4-Pro/BADCamp/run_03/conflict_free.request.json
405,47d9a5256b4959e678a43b1f6aa0648af2967e0e290f8980dcfe493850c93047,results/raw/zero_shot/DeepSeek-V4-Pro/BADCamp/run_04/conflict_free.request.json,outputs/raw/zero_shot/DeepSeek-V4-Pro/BADCamp/run_04/conflict_free.request.json
405,47d9a5256b4959e678a43b1f6aa0648af2967e0e290f8980dcfe493850c93047,results/raw/zero_shot/DeepSeek-V4-Pro/BADCamp/run_05/conflict_free.request.json,outputs/raw/zero_shot/DeepSeek-V4-Pro/BADCamp/run_05/conflict_free.request.json
406,206c9405eeb3a8e4146b5e4b6a909f09a469ef8d74017d987670dd090639cca2,results/raw/zero_shot/DeepSeek-V4-Pro/BADCamp/run_01/estimatable.request.json,outputs/raw/zero_shot/DeepSeek-V4-Pro/BADCamp/run_01/estimatable.request.json
406,206c9405eeb3a8e4146b5e4b6a909f09a469ef8d74017d987670dd090639cca2,results/raw/zero_shot/DeepSeek-V4-Pro/BADCamp/run_02/estimatable.request.json,outputs/raw/zero_shot/DeepSeek-V4-Pro/BADCamp/run_02/estimatable.request.json
406,206c9405eeb3a8e4146b5e4b6a909f09a469ef8d74017d987670dd090639cca2,results/raw/zero_shot/DeepSeek-V4-Pro/BADCamp/run_03/estimatable.request.json,outputs/raw/zero_shot/DeepSeek-V4-Pro/BADCamp/run_03/estimatable.request.json
406,206c9405eeb3a8e4146b5e4b6a909f09a469ef8d74017d987670dd090639cca2,results/raw/zero_shot/DeepSeek-V4-Pro/BADCamp/run_04/estimatable.request.json,outputs/raw/zero_shot/DeepSeek-V4-Pro/BADCamp/run_04/estimatable.request.json
406,206c9405eeb3a8e4146b5e4b6a909f09a469ef8d74017d987670dd090639cca2,results/raw/zero_shot/DeepSeek-V4-Pro/BADCamp/run_05/estimatable.request.json,outputs/raw/zero_shot/DeepSeek-V4-Pro/BADCamp/run_05/estimatable.request.json
407,0be3e3af507081f04e8a15b7a789874c116129233dcc73545fdce51cebc69e38,results/raw/zero_shot/DeepSeek-V4-Pro/BADCamp/run_01/full_sentence.request.json,outputs/raw/zero_shot/DeepSeek-V4-Pro/BADCamp/run_01/full_sentence.request.json
407,0be3e3af507081f04e8a15b7a789874c116129233dcc73545fdce51cebc69e38,results/raw/zero_shot/DeepSeek-V4-Pro/BADCamp/run_02/full_sentence.request.json,outputs/raw/zero_shot/DeepSeek-V4-Pro/BADCamp/run_02/full_sentence.request.json
407,0be3e3af507081f04e8a15b7a789874c116129233dcc73545fdce51cebc69e38,results/raw/zero_shot/DeepSeek-V4-Pro/BADCamp/run_03/full_sentence.request.json,outputs/raw/zero_shot/DeepSeek-V4-Pro/BADCamp/run_03/full_sentence.request.json
407,0be3e3af507081f04e8a15b7a789874c116129233dcc73545fdce51cebc69e38,results/raw/zero_shot/DeepSeek-V4-Pro/BADCamp/run_04/full_sentence.request.json,outputs/raw/zero_shot/DeepSeek-V4-Pro/BADCamp/run_04/full_sentence.request.json
407,0be3e3af507081f04e8a15b7a789874c116129233dcc73545fdce51cebc69e38,results/raw/zero_shot/DeepSeek-V4-Pro/BADCamp/run_05/full_sentence.request.json,outputs/raw/zero_shot/DeepSeek-V4-Pro/BADCamp/run_05/full_sentence.request.json
408,703e71f76514891583db6282e456f7e22cddd9d6da09a93a026cf2030f39c88f,results/raw/zero_shot/DeepSeek-V4-Pro/BADCamp/run_01/independent.request.json,outputs/raw/zero_shot/DeepSeek-V4-Pro/BADCamp/run_01/independent.request.json
408,703e71f76514891583db6282e456f7e22cddd9d6da09a93a026cf2030f39c88f,results/raw/zero_shot/DeepSeek-V4-Pro/BADCamp/run_02/independent.request.json,outputs/raw/zero_shot/DeepSeek-V4-Pro/BADCamp/run_02/independent.request.json
408,703e71f76514891583db6282e456f7e22cddd9d6da09a93a026cf2030f39c88f,results/raw/zero_shot/DeepSeek-V4-Pro/BADCamp/run_03/independent.request.json,outputs/raw/zero_shot/DeepSeek-V4-Pro/BADCamp/run_03/independent.request.json
408,703e71f76514891583db6282e456f7e22cddd9d6da09a93a026cf2030f39c88f,results/raw/zero_shot/DeepSeek-V4-Pro/BADCamp/run_04/independent.request.json,outputs/raw/zero_shot/DeepSeek-V4-Pro/BADCamp/run_04/independent.request.json
408,703e71f76514891583db6282e456f7e22cddd9d6da09a93a026cf2030f39c88f,results/raw/zero_shot/DeepSeek-V4-Pro/BADCamp/run_05/independent.request.json,outputs/raw/zero_shot/DeepSeek-V4-Pro/BADCamp/run_05/independent.request.json
409,4361592a2b8d2bb60b4e8b3485c683f59508bd4186effe186fa06b8a06b81bf0,results/raw/zero_shot/DeepSeek-V4-Pro/BADCamp/run_01/minimal.request.json,outputs/raw/zero_shot/DeepSeek-V4-Pro/BADCamp/run_01/minimal.request.json
409,4361592a2b8d2bb60b4e8b3485c683f59508bd4186effe186fa06b8a06b81bf0,results/raw/zero_shot/DeepSeek-V4-Pro/BADCamp/run_02/minimal.request.json,outputs/raw/zero_shot/DeepSeek-V4-Pro/BADCamp/run_02/minimal.request.json
409,4361592a2b8d2bb60b4e8b3485c683f59508bd4186effe186fa06b8a06b81bf0,results/raw/zero_shot/DeepSeek-V4-Pro/BADCamp/run_03/minimal.request.json,outputs/raw/zero_shot/DeepSeek-V4-Pro/BADCamp/run_03/minimal.request.json
409,4361592a2b8d2bb60b4e8b3485c683f59508bd4186effe186fa06b8a06b81bf0,results/raw/zero_shot/DeepSeek-V4-Pro/BADCamp/run_04/minimal.request.json,outputs/raw/zero_shot/DeepSeek-V4-Pro/BADCamp/run_04/minimal.request.json
409,4361592a2b8d2bb60b4e8b3485c683f59508bd4186effe186fa06b8a06b81bf0,results/raw/zero_shot/DeepSeek-V4-Pro/BADCamp/run_05/minimal.request.json,outputs/raw/zero_shot/DeepSeek-V4-Pro/BADCamp/run_05/minimal.request.json
410,3c07b9b8c434bdb327d329d12307e32890ce90ffc090fe366a3822784ef3a4f8,results/raw/zero_shot/DeepSeek-V4-Pro/BADCamp/run_01/problem_oriented.request.json,outputs/raw/zero_shot/DeepSeek-V4-Pro/BADCamp/run_01/problem_oriented.request.json
410,3c07b9b8c434bdb327d329d12307e32890ce90ffc090fe366a3822784ef3a4f8,results/raw/zero_shot/DeepSeek-V4-Pro/BADCamp/run_02/problem_oriented.request.json,outputs/raw/zero_shot/DeepSeek-V4-Pro/BADCamp/run_02/problem_oriented.request.json
410,3c07b9b8c434bdb327d329d12307e32890ce90ffc090fe366a3822784ef3a4f8,results/raw/zero_shot/DeepSeek-V4-Pro/BADCamp/run_03/problem_oriented.request.json,outputs/raw/zero_shot/DeepSeek-V4-Pro/BADCamp/run_03/problem_oriented.request.json
410,3c07b9b8c434bdb327d329d12307e32890ce90ffc090fe366a3822784ef3a4f8,results/raw/zero_shot/DeepSeek-V4-Pro/BADCamp/run_04/problem_oriented.request.json,outputs/raw/zero_shot/DeepSeek-V4-Pro/BADCamp/run_04/problem_oriented.request.json
410,3c07b9b8c434bdb327d329d12307e32890ce90ffc090fe366a3822784ef3a4f8,results/raw/zero_shot/DeepSeek-V4-Pro/BADCamp/run_05/problem_oriented.request.json,outputs/raw/zero_shot/DeepSeek-V4-Pro/BADCamp/run_05/problem_oriented.request.json
411,b82cedf549de98b8840c64e3fbc49ba39668be31ce51b7ed2e4201746cc231da,results/raw/zero_shot/DeepSeek-V4-Pro/BADCamp/run_01/unambiguous.request.json,outputs/raw/zero_shot/DeepSeek-V4-Pro/BADCamp/run_01/unambiguous.request.json
411,b82cedf549de98b8840c64e3fbc49ba39668be31ce51b7ed2e4201746cc231da,results/raw/zero_shot/DeepSeek-V4-Pro/BADCamp/run_02/unambiguous.request.json,outputs/raw/zero_shot/DeepSeek-V4-Pro/BADCamp/run_02/unambiguous.request.json
411,b82cedf549de98b8840c64e3fbc49ba39668be31ce51b7ed2e4201746cc231da,results/raw/zero_shot/DeepSeek-V4-Pro/BADCamp/run_03/unambiguous.request.json,outputs/raw/zero_shot/DeepSeek-V4-Pro/BADCamp/run_03/unambiguous.request.json
411,b82cedf549de98b8840c64e3fbc49ba39668be31ce51b7ed2e4201746cc231da,results/raw/zero_shot/DeepSeek-V4-Pro/BADCamp/run_04/unambiguous.request.json,outputs/raw/zero_shot/DeepSeek-V4-Pro/BADCamp/run_04/unambiguous.request.json
411,b82cedf549de98b8840c64e3fbc49ba39668be31ce51b7ed2e4201746cc231da,results/raw/zero_shot/DeepSeek-V4-Pro/BADCamp/run_05/unambiguous.request.json,outputs/raw/zero_shot/DeepSeek-V4-Pro/BADCamp/run_05/unambiguous.request.json
412,93fd1feff19b0c86f442c7b49f15252a8eaedf8802d2674cda089925d629d97d,results/raw/zero_shot/DeepSeek-V4-Pro/BADCamp/run_01/uniform.request.json,outputs/raw/zero_shot/DeepSeek-V4-Pro/BADCamp/run_01/uniform.request.json
412,93fd1feff19b0c86f442c7b49f15252a8eaedf8802d2674cda089925d629d97d,results/raw/zero_shot/DeepSeek-V4-Pro/BADCamp/run_02/uniform.request.json,outputs/raw/zero_shot/DeepSeek-V4-Pro/BADCamp/run_02/uniform.request.json
412,93fd1feff19b0c86f442c7b49f15252a8eaedf8802d2674cda089925d629d97d,results/raw/zero_shot/DeepSeek-V4-Pro/BADCamp/run_03/uniform.request.json,outputs/raw/zero_shot/DeepSeek-V4-Pro/BADCamp/run_03/uniform.request.json
412,93fd1feff19b0c86f442c7b49f15252a8eaedf8802d2674cda089925d629d97d,results/raw/zero_shot/DeepSeek-V4-Pro/BADCamp/run_04/uniform.request.json,outputs/raw/zero_shot/DeepSeek-V4-Pro/BADCamp/run_04/uniform.request.json
412,93fd1feff19b0c86f442c7b49f15252a8eaedf8802d2674cda089925d629d97d,results/raw/zero_shot/DeepSeek-V4-Pro/BADCamp/run_05/uniform.request.json,outputs/raw/zero_shot/DeepSeek-V4-Pro/BADCamp/run_05/uniform.request.json
413,6a5c93f60bb7c596a1ceafa1e5dbfcc4f27f7ba1940a37b7df2602a501f606d8,results/raw/zero_shot/DeepSeek-V4-Pro/BADCamp/run_01/unique.request.json,outputs/raw/zero_shot/DeepSeek-V4-Pro/BADCamp/run_01/unique.request.json
413,6a5c93f60bb7c596a1ceafa1e5dbfcc4f27f7ba1940a37b7df2602a501f606d8,results/raw/zero_shot/DeepSeek-V4-Pro/BADCamp/run_02/unique.request.json,outputs/raw/zero_shot/DeepSeek-V4-Pro/BADCamp/run_02/unique.request.json
413,6a5c93f60bb7c596a1ceafa1e5dbfcc4f27f7ba1940a37b7df2602a501f606d8,results/raw/zero_shot/DeepSeek-V4-Pro/BADCamp/run_03/unique.request.json,outputs/raw/zero_shot/DeepSeek-V4-Pro/BADCamp/run_03/unique.request.json
413,6a5c93f60bb7c596a1ceafa1e5dbfcc4f27f7ba1940a37b7df2602a501f606d8,results/raw/zero_shot/DeepSeek-V4-Pro/BADCamp/run_04/unique.request.json,outputs/raw/zero_shot/DeepSeek-V4-Pro/BADCamp/run_04/unique.request.json
413,6a5c93f60bb7c596a1ceafa1e5dbfcc4f27f7ba1940a37b7df2602a501f606d8,results/raw/zero_shot/DeepSeek-V4-Pro/BADCamp/run_05/unique.request.json,outputs/raw/zero_shot/DeepSeek-V4-Pro/BADCamp/run_05/unique.request.json
414,ecc1fce3cfca2e50e6e0aef61b24461c890ca54932b63f58731626dfa2169bd4,results/raw/zero_shot/DeepSeek-V4-Pro/BADCamp/run_01/well_formed.request.json,outputs/raw/zero_shot/DeepSeek-V4-Pro/BADCamp/run_01/well_formed.request.json
414,ecc1fce3cfca2e50e6e0aef61b24461c890ca54932b63f58731626dfa2169bd4,results/raw/zero_shot/DeepSeek-V4-Pro/BADCamp/run_02/well_formed.request.json,outputs/raw/zero_shot/DeepSeek-V4-Pro/BADCamp/run_02/well_formed.request.json
414,ecc1fce3cfca2e50e6e0aef61b24461c890ca54932b63f58731626dfa2169bd4,results/raw/zero_shot/DeepSeek-V4-Pro/BADCamp/run_03/well_formed.request.json,outputs/raw/zero_shot/DeepSeek-V4-Pro/BADCamp/run_03/well_formed.request.json
414,ecc1fce3cfca2e50e6e0aef61b24461c890ca54932b63f58731626dfa2169bd4,results/raw/zero_shot/DeepSeek-V4-Pro/BADCamp/run_04/well_formed.request.json,outputs/raw/zero_shot/DeepSeek-V4-Pro/BADCamp/run_04/well_formed.request.json
414,ecc1fce3cfca2e50e6e0aef61b24461c890ca54932b63f58731626dfa2169bd4,results/raw/zero_shot/DeepSeek-V4-Pro/BADCamp/run_05/well_formed.request.json,outputs/raw/zero_shot/DeepSeek-V4-Pro/BADCamp/run_05/well_formed.request.json
415,4ef90658f56b938fa6873cce3024f9a598b24d870b1102752c1d1b26a0d17746,results/raw/zero_shot/DeepSeek-V4-Pro/PlanningPoker/run_01/atomic.request.json,outputs/raw/zero_shot/DeepSeek-V4-Pro/PlanningPoker/run_01/atomic.request.json
415,4ef90658f56b938fa6873cce3024f9a598b24d870b1102752c1d1b26a0d17746,results/raw/zero_shot/DeepSeek-V4-Pro/PlanningPoker/run_02/atomic.request.json,outputs/raw/zero_shot/DeepSeek-V4-Pro/PlanningPoker/run_02/atomic.request.json
415,4ef90658f56b938fa6873cce3024f9a598b24d870b1102752c1d1b26a0d17746,results/raw/zero_shot/DeepSeek-V4-Pro/PlanningPoker/run_03/atomic.request.json,outputs/raw/zero_shot/DeepSeek-V4-Pro/PlanningPoker/run_03/atomic.request.json
415,4ef90658f56b938fa6873cce3024f9a598b24d870b1102752c1d1b26a0d17746,results/raw/zero_shot/DeepSeek-V4-Pro/PlanningPoker/run_04/atomic.request.json,outputs/raw/zero_shot/DeepSeek-V4-Pro/PlanningPoker/run_04/atomic.request.json
415,4ef90658f56b938fa6873cce3024f9a598b24d870b1102752c1d1b26a0d17746,results/raw/zero_shot/DeepSeek-V4-Pro/PlanningPoker/run_05/atomic.request.json,outputs/raw/zero_shot/DeepSeek-V4-Pro/PlanningPoker/run_05/atomic.request.json
416,f1930dac8ea088d68e6b1e1e825f7a09b698e7192d8feb99ced8e86e26ab3e04,results/raw/zero_shot/DeepSeek-V4-Pro/PlanningPoker/run_01/complete.request.json,outputs/raw/zero_shot/DeepSeek-V4-Pro/PlanningPoker/run_01/complete.request.json
416,f1930dac8ea088d68e6b1e1e825f7a09b698e7192d8feb99ced8e86e26ab3e04,results/raw/zero_shot/DeepSeek-V4-Pro/PlanningPoker/run_02/complete.request.json,outputs/raw/zero_shot/DeepSeek-V4-Pro/PlanningPoker/run_02/complete.request.json
416,f1930dac8ea088d68e6b1e1e825f7a09b698e7192d8feb99ced8e86e26ab3e04,results/raw/zero_shot/DeepSeek-V4-Pro/PlanningPoker/run_03/complete.request.json,outputs/raw/zero_shot/DeepSeek-V4-Pro/PlanningPoker/run_03/complete.request.json
416,f1930dac8ea088d68e6b1e1e825f7a09b698e7192d8feb99ced8e86e26ab3e04,results/raw/zero_shot/DeepSeek-V4-Pro/PlanningPoker/run_04/complete.request.json,outputs/raw/zero_shot/DeepSeek-V4-Pro/PlanningPoker/run_04/complete.request.json
416,f1930dac8ea088d68e6b1e1e825f7a09b698e7192d8feb99ced8e86e26ab3e04,results/raw/zero_shot/DeepSeek-V4-Pro/PlanningPoker/run_05/complete.request.json,outputs/raw/zero_shot/DeepSeek-V4-Pro/PlanningPoker/run_05/complete.request.json
417,adab623d7ce2512aff1aee3f974deaf167eb528a9d19c912f4740847118dbec0,results/raw/zero_shot/DeepSeek-V4-Pro/PlanningPoker/run_01/conceptually_sound.request.json,outputs/raw/zero_shot/DeepSeek-V4-Pro/PlanningPoker/run_01/conceptually_sound.request.json
417,adab623d7ce2512aff1aee3f974deaf167eb528a9d19c912f4740847118dbec0,results/raw/zero_shot/DeepSeek-V4-Pro/PlanningPoker/run_02/conceptually_sound.request.json,outputs/raw/zero_shot/DeepSeek-V4-Pro/PlanningPoker/run_02/conceptually_sound.request.json
417,adab623d7ce2512aff1aee3f974deaf167eb528a9d19c912f4740847118dbec0,results/raw/zero_shot/DeepSeek-V4-Pro/PlanningPoker/run_03/conceptually_sound.request.json,outputs/raw/zero_shot/DeepSeek-V4-Pro/PlanningPoker/run_03/conceptually_sound.request.json
417,adab623d7ce2512aff1aee3f974deaf167eb528a9d19c912f4740847118dbec0,results/raw/zero_shot/DeepSeek-V4-Pro/PlanningPoker/run_04/conceptually_sound.request.json,outputs/raw/zero_shot/DeepSeek-V4-Pro/PlanningPoker/run_04/conceptually_sound.request.json
417,adab623d7ce2512aff1aee3f974deaf167eb528a9d19c912f4740847118dbec0,results/raw/zero_shot/DeepSeek-V4-Pro/PlanningPoker/run_05/conceptually_sound.request.json,outputs/raw/zero_shot/DeepSeek-V4-Pro/PlanningPoker/run_05/conceptually_sound.request.json
418,751eebef6014559692c59a21de04b387e7a8d3c32149b0f99d7aee868b7701e7,results/raw/zero_shot/DeepSeek-V4-Pro/PlanningPoker/run_01/conflict_free.request.json,outputs/raw/zero_shot/DeepSeek-V4-Pro/PlanningPoker/run_01/conflict_free.request.json
418,751eebef6014559692c59a21de04b387e7a8d3c32149b0f99d7aee868b7701e7,results/raw/zero_shot/DeepSeek-V4-Pro/PlanningPoker/run_02/conflict_free.request.json,outputs/raw/zero_shot/DeepSeek-V4-Pro/PlanningPoker/run_02/conflict_free.request.json
418,751eebef6014559692c59a21de04b387e7a8d3c32149b0f99d7aee868b7701e7,results/raw/zero_shot/DeepSeek-V4-Pro/PlanningPoker/run_03/conflict_free.request.json,outputs/raw/zero_shot/DeepSeek-V4-Pro/PlanningPoker/run_03/conflict_free.request.json
418,751eebef6014559692c59a21de04b387e7a8d3c32149b0f99d7aee868b7701e7,results/raw/zero_shot/DeepSeek-V4-Pro/PlanningPoker/run_04/conflict_free.request.json,outputs/raw/zero_shot/DeepSeek-V4-Pro/PlanningPoker/run_04/conflict_free.request.json
418,751eebef6014559692c59a21de04b387e7a8d3c32149b0f99d7aee868b7701e7,results/raw/zero_shot/DeepSeek-V4-Pro/PlanningPoker/run_05/conflict_free.request.json,outputs/raw/zero_shot/DeepSeek-V4-Pro/PlanningPoker/run_05/conflict_free.request.json
419,8e508e9a955dbea0e400b0ca85d11224c112f3723caca33b12a3cd4660453d37,results/raw/zero_shot/DeepSeek-V4-Pro/PlanningPoker/run_01/estimatable.request.json,outputs/raw/zero_shot/DeepSeek-V4-Pro/PlanningPoker/run_01/estimatable.request.json
419,8e508e9a955dbea0e400b0ca85d11224c112f3723caca33b12a3cd4660453d37,results/raw/zero_shot/DeepSeek-V4-Pro/PlanningPoker/run_02/estimatable.request.json,outputs/raw/zero_shot/DeepSeek-V4-Pro/PlanningPoker/run_02/estimatable.request.json
419,8e508e9a955dbea0e400b0ca85d11224c112f3723caca33b12a3cd4660453d37,results/raw/zero_shot/DeepSeek-V4-Pro/PlanningPoker/run_03/estimatable.request.json,outputs/raw/zero_shot/DeepSeek-V4-Pro/PlanningPoker/run_03/estimatable.request.json
419,8e508e9a955dbea0e400b0ca85d11224c112f3723caca33b12a3cd4660453d37,results/raw/zero_shot/DeepSeek-V4-Pro/PlanningPoker/run_04/estimatable.request.json,outputs/raw/zero_shot/DeepSeek-V4-Pro/PlanningPoker/run_04/estimatable.request.json
419,8e508e9a955dbea0e400b0ca85d11224c112f3723caca33b12a3cd4660453d37,results/raw/zero_shot/DeepSeek-V4-Pro/PlanningPoker/run_05/estimatable.request.json,outputs/raw/zero_shot/DeepSeek-V4-Pro/PlanningPoker/run_05/estimatable.request.json
420,621dcba5da4bb4573e4a40db2fd67571226556b2638a0ba0dee887349002e649,results/raw/zero_shot/DeepSeek-V4-Pro/PlanningPoker/run_01/full_sentence.request.json,outputs/raw/zero_shot/DeepSeek-V4-Pro/PlanningPoker/run_01/full_sentence.request.json
420,621dcba5da4bb4573e4a40db2fd67571226556b2638a0ba0dee887349002e649,results/raw/zero_shot/DeepSeek-V4-Pro/PlanningPoker/run_02/full_sentence.request.json,outputs/raw/zero_shot/DeepSeek-V4-Pro/PlanningPoker/run_02/full_sentence.request.json
420,621dcba5da4bb4573e4a40db2fd67571226556b2638a0ba0dee887349002e649,results/raw/zero_shot/DeepSeek-V4-Pro/PlanningPoker/run_03/full_sentence.request.json,outputs/raw/zero_shot/DeepSeek-V4-Pro/PlanningPoker/run_03/full_sentence.request.json
420,621dcba5da4bb4573e4a40db2fd67571226556b2638a0ba0dee887349002e649,results/raw/zero_shot/DeepSeek-V4-Pro/PlanningPoker/run_04/full_sentence.request.json,outputs/raw/zero_shot/DeepSeek-V4-Pro/PlanningPoker/run_04/full_sentence.request.json
420,621dcba5da4bb4573e4a40db2fd67571226556b2638a0ba0dee887349002e649,results/raw/zero_shot/DeepSeek-V4-Pro/PlanningPoker/run_05/full_sentence.request.json,outputs/raw/zero_shot/DeepSeek-V4-Pro/PlanningPoker/run_05/full_sentence.request.json
421,526fce033c88b7acfa19d4f14d520d0c3095302f1f886b964ebdd45521372c2c,results/raw/zero_shot/DeepSeek-V4-Pro/PlanningPoker/run_01/independent.request.json,outputs/raw/zero_shot/DeepSeek-V4-Pro/PlanningPoker/run_01/independent.request.json
421,526fce033c88b7acfa19d4f14d520d0c3095302f1f886b964ebdd45521372c2c,results/raw/zero_shot/DeepSeek-V4-Pro/PlanningPoker/run_02/independent.request.json,outputs/raw/zero_shot/DeepSeek-V4-Pro/PlanningPoker/run_02/independent.request.json
421,526fce033c88b7acfa19d4f14d520d0c3095302f1f886b964ebdd45521372c2c,results/raw/zero_shot/DeepSeek-V4-Pro/PlanningPoker/run_03/independent.request.json,outputs/raw/zero_shot/DeepSeek-V4-Pro/PlanningPoker/run_03/independent.request.json
421,526fce033c88b7acfa19d4f14d520d0c3095302f1f886b964ebdd45521372c2c,results/raw/zero_shot/DeepSeek-V4-Pro/PlanningPoker/run_04/independent.request.json,outputs/raw/zero_shot/DeepSeek-V4-Pro/PlanningPoker/run_04/independent.request.json
421,526fce033c88b7acfa19d4f14d520d0c3095302f1f886b964ebdd45521372c2c,results/raw/zero_shot/DeepSeek-V4-Pro/PlanningPoker/run_05/independent.request.json,outputs/raw/zero_shot/DeepSeek-V4-Pro/PlanningPoker/run_05/independent.request.json
422,a777189cfc991d450fb79f6dfe7db827ad551c3a9dde93d49981e828f62bab80,results/raw/zero_shot/DeepSeek-V4-Pro/PlanningPoker/run_01/minimal.request.json,outputs/raw/zero_shot/DeepSeek-V4-Pro/PlanningPoker/run_01/minimal.request.json
422,a777189cfc991d450fb79f6dfe7db827ad551c3a9dde93d49981e828f62bab80,results/raw/zero_shot/DeepSeek-V4-Pro/PlanningPoker/run_02/minimal.request.json,outputs/raw/zero_shot/DeepSeek-V4-Pro/PlanningPoker/run_02/minimal.request.json
422,a777189cfc991d450fb79f6dfe7db827ad551c3a9dde93d49981e828f62bab80,results/raw/zero_shot/DeepSeek-V4-Pro/PlanningPoker/run_03/minimal.request.json,outputs/raw/zero_shot/DeepSeek-V4-Pro/PlanningPoker/run_03/minimal.request.json
422,a777189cfc991d450fb79f6dfe7db827ad551c3a9dde93d49981e828f62bab80,results/raw/zero_shot/DeepSeek-V4-Pro/PlanningPoker/run_04/minimal.request.json,outputs/raw/zero_shot/DeepSeek-V4-Pro/PlanningPoker/run_04/minimal.request.json
422,a777189cfc991d450fb79f6dfe7db827ad551c3a9dde93d49981e828f62bab80,results/raw/zero_shot/DeepSeek-V4-Pro/PlanningPoker/run_05/minimal.request.json,outputs/raw/zero_shot/DeepSeek-V4-Pro/PlanningPoker/run_05/minimal.request.json
423,6674807e3839af5edfc8c0720ece54ce20ba2154f711fc063fdcc32a4e2a5733,results/raw/zero_shot/DeepSeek-V4-Pro/PlanningPoker/run_01/problem_oriented.request.json,outputs/raw/zero_shot/DeepSeek-V4-Pro/PlanningPoker/run_01/problem_oriented.request.json
423,6674807e3839af5edfc8c0720ece54ce20ba2154f711fc063fdcc32a4e2a5733,results/raw/zero_shot/DeepSeek-V4-Pro/PlanningPoker/run_02/problem_oriented.request.json,outputs/raw/zero_shot/DeepSeek-V4-Pro/PlanningPoker/run_02/problem_oriented.request.json
423,6674807e3839af5edfc8c0720ece54ce20ba2154f711fc063fdcc32a4e2a5733,results/raw/zero_shot/DeepSeek-V4-Pro/PlanningPoker/run_03/problem_oriented.request.json,outputs/raw/zero_shot/DeepSeek-V4-Pro/PlanningPoker/run_03/problem_oriented.request.json
423,6674807e3839af5edfc8c0720ece54ce20ba2154f711fc063fdcc32a4e2a5733,results/raw/zero_shot/DeepSeek-V4-Pro/PlanningPoker/run_04/problem_oriented.request.json,outputs/raw/zero_shot/DeepSeek-V4-Pro/PlanningPoker/run_04/problem_oriented.request.json
423,6674807e3839af5edfc8c0720ece54ce20ba2154f711fc063fdcc32a4e2a5733,results/raw/zero_shot/DeepSeek-V4-Pro/PlanningPoker/run_05/problem_oriented.request.json,outputs/raw/zero_shot/DeepSeek-V4-Pro/PlanningPoker/run_05/problem_oriented.request.json
424,cc2c069d4c1f4977080275216562954a738aa9e16d50999273deff1bc0fb4812,results/raw/zero_shot/DeepSeek-V4-Pro/PlanningPoker/run_01/unambiguous.request.json,outputs/raw/zero_shot/DeepSeek-V4-Pro/PlanningPoker/run_01/unambiguous.request.json
424,cc2c069d4c1f4977080275216562954a738aa9e16d50999273deff1bc0fb4812,results/raw/zero_shot/DeepSeek-V4-Pro/PlanningPoker/run_02/unambiguous.request.json,outputs/raw/zero_shot/DeepSeek-V4-Pro/PlanningPoker/run_02/unambiguous.request.json
424,cc2c069d4c1f4977080275216562954a738aa9e16d50999273deff1bc0fb4812,results/raw/zero_shot/DeepSeek-V4-Pro/PlanningPoker/run_03/unambiguous.request.json,outputs/raw/zero_shot/DeepSeek-V4-Pro/PlanningPoker/run_03/unambiguous.request.json
424,cc2c069d4c1f4977080275216562954a738aa9e16d50999273deff1bc0fb4812,results/raw/zero_shot/DeepSeek-V4-Pro/PlanningPoker/run_04/unambiguous.request.json,outputs/raw/zero_shot/DeepSeek-V4-Pro/PlanningPoker/run_04/unambiguous.request.json
424,cc2c069d4c1f4977080275216562954a738aa9e16d50999273deff1bc0fb4812,results/raw/zero_shot/DeepSeek-V4-Pro/PlanningPoker/run_05/unambiguous.request.json,outputs/raw/zero_shot/DeepSeek-V4-Pro/PlanningPoker/run_05/unambiguous.request.json
425,c07eb84865b9ef54067d57a138f47d9e1639a26499d059796a9b1c70c63d5428,results/raw/zero_shot/DeepSeek-V4-Pro/PlanningPoker/run_01/uniform.request.json,outputs/raw/zero_shot/DeepSeek-V4-Pro/PlanningPoker/run_01/uniform.request.json
425,c07eb84865b9ef54067d57a138f47d9e1639a26499d059796a9b1c70c63d5428,results/raw/zero_shot/DeepSeek-V4-Pro/PlanningPoker/run_02/uniform.request.json,outputs/raw/zero_shot/DeepSeek-V4-Pro/PlanningPoker/run_02/uniform.request.json
425,c07eb84865b9ef54067d57a138f47d9e1639a26499d059796a9b1c70c63d5428,results/raw/zero_shot/DeepSeek-V4-Pro/PlanningPoker/run_03/uniform.request.json,outputs/raw/zero_shot/DeepSeek-V4-Pro/PlanningPoker/run_03/uniform.request.json
425,c07eb84865b9ef54067d57a138f47d9e1639a26499d059796a9b1c70c63d5428,results/raw/zero_shot/DeepSeek-V4-Pro/PlanningPoker/run_04/uniform.request.json,outputs/raw/zero_shot/DeepSeek-V4-Pro/PlanningPoker/run_04/uniform.request.json
425,c07eb84865b9ef54067d57a138f47d9e1639a26499d059796a9b1c70c63d5428,results/raw/zero_shot/DeepSeek-V4-Pro/PlanningPoker/run_05/uniform.request.json,outputs/raw/zero_shot/DeepSeek-V4-Pro/PlanningPoker/run_05/uniform.request.json
426,0a37f1a6223375c043ed68db89adc49ace4c2bf866b744ddf90cf662182f4366,results/raw/zero_shot/DeepSeek-V4-Pro/PlanningPoker/run_01/unique.request.json,outputs/raw/zero_shot/DeepSeek-V4-Pro/PlanningPoker/run_01/unique.request.json
426,0a37f1a6223375c043ed68db89adc49ace4c2bf866b744ddf90cf662182f4366,results/raw/zero_shot/DeepSeek-V4-Pro/PlanningPoker/run_02/unique.request.json,outputs/raw/zero_shot/DeepSeek-V4-Pro/PlanningPoker/run_02/unique.request.json
426,0a37f1a6223375c043ed68db89adc49ace4c2bf866b744ddf90cf662182f4366,results/raw/zero_shot/DeepSeek-V4-Pro/PlanningPoker/run_03/unique.request.json,outputs/raw/zero_shot/DeepSeek-V4-Pro/PlanningPoker/run_03/unique.request.json
426,0a37f1a6223375c043ed68db89adc49ace4c2bf866b744ddf90cf662182f4366,results/raw/zero_shot/DeepSeek-V4-Pro/PlanningPoker/run_04/unique.request.json,outputs/raw/zero_shot/DeepSeek-V4-Pro/PlanningPoker/run_04/unique.request.json
426,0a37f1a6223375c043ed68db89adc49ace4c2bf866b744ddf90cf662182f4366,results/raw/zero_shot/DeepSeek-V4-Pro/PlanningPoker/run_05/unique.request.json,outputs/raw/zero_shot/DeepSeek-V4-Pro/PlanningPoker/run_05/unique.request.json
427,27302ce024661030d209e545bd58c96217448996f92858a8a24fdd34903ef886,results/raw/zero_shot/DeepSeek-V4-Pro/PlanningPoker/run_01/well_formed.request.json,outputs/raw/zero_shot/DeepSeek-V4-Pro/PlanningPoker/run_01/well_formed.request.json
427,27302ce024661030d209e545bd58c96217448996f92858a8a24fdd34903ef886,results/raw/zero_shot/DeepSeek-V4-Pro/PlanningPoker/run_02/well_formed.request.json,outputs/raw/zero_shot/DeepSeek-V4-Pro/PlanningPoker/run_02/well_formed.request.json
427,27302ce024661030d209e545bd58c96217448996f92858a8a24fdd34903ef886,results/raw/zero_shot/DeepSeek-V4-Pro/PlanningPoker/run_03/well_formed.request.json,outputs/raw/zero_shot/DeepSeek-V4-Pro/PlanningPoker/run_03/well_formed.request.json
427,27302ce024661030d209e545bd58c96217448996f92858a8a24fdd34903ef886,results/raw/zero_shot/DeepSeek-V4-Pro/PlanningPoker/run_04/well_formed.request.json,outputs/raw/zero_shot/DeepSeek-V4-Pro/PlanningPoker/run_04/well_formed.request.json
427,27302ce024661030d209e545bd58c96217448996f92858a8a24fdd34903ef886,results/raw/zero_shot/DeepSeek-V4-Pro/PlanningPoker/run_05/well_formed.request.json,outputs/raw/zero_shot/DeepSeek-V4-Pro/PlanningPoker/run_05/well_formed.request.json
428,e0275408901b4c7ca767b4a12968f2194a1a681e990dfc4225e36c81cf4581c7,results/raw/zero_shot/DeepSeek-V4-Pro/Zooniverse/run_01/atomic.request.json,outputs/raw/zero_shot/DeepSeek-V4-Pro/Zooniverse/run_01/atomic.request.json
428,e0275408901b4c7ca767b4a12968f2194a1a681e990dfc4225e36c81cf4581c7,results/raw/zero_shot/DeepSeek-V4-Pro/Zooniverse/run_02/atomic.request.json,outputs/raw/zero_shot/DeepSeek-V4-Pro/Zooniverse/run_02/atomic.request.json
428,e0275408901b4c7ca767b4a12968f2194a1a681e990dfc4225e36c81cf4581c7,results/raw/zero_shot/DeepSeek-V4-Pro/Zooniverse/run_03/atomic.request.json,outputs/raw/zero_shot/DeepSeek-V4-Pro/Zooniverse/run_03/atomic.request.json
428,e0275408901b4c7ca767b4a12968f2194a1a681e990dfc4225e36c81cf4581c7,results/raw/zero_shot/DeepSeek-V4-Pro/Zooniverse/run_04/atomic.request.json,outputs/raw/zero_shot/DeepSeek-V4-Pro/Zooniverse/run_04/atomic.request.json
428,e0275408901b4c7ca767b4a12968f2194a1a681e990dfc4225e36c81cf4581c7,results/raw/zero_shot/DeepSeek-V4-Pro/Zooniverse/run_05/atomic.request.json,outputs/raw/zero_shot/DeepSeek-V4-Pro/Zooniverse/run_05/atomic.request.json
429,a312a19b0ef427f926e9ff0c143558a48a73b20c1892b52ec85dfa62471e71e1,results/raw/zero_shot/DeepSeek-V4-Pro/Zooniverse/run_01/complete.request.json,outputs/raw/zero_shot/DeepSeek-V4-Pro/Zooniverse/run_01/complete.request.json
429,a312a19b0ef427f926e9ff0c143558a48a73b20c1892b52ec85dfa62471e71e1,results/raw/zero_shot/DeepSeek-V4-Pro/Zooniverse/run_02/complete.request.json,outputs/raw/zero_shot/DeepSeek-V4-Pro/Zooniverse/run_02/complete.request.json
429,a312a19b0ef427f926e9ff0c143558a48a73b20c1892b52ec85dfa62471e71e1,results/raw/zero_shot/DeepSeek-V4-Pro/Zooniverse/run_03/complete.request.json,outputs/raw/zero_shot/DeepSeek-V4-Pro/Zooniverse/run_03/complete.request.json
429,a312a19b0ef427f926e9ff0c143558a48a73b20c1892b52ec85dfa62471e71e1,results/raw/zero_shot/DeepSeek-V4-Pro/Zooniverse/run_04/complete.request.json,outputs/raw/zero_shot/DeepSeek-V4-Pro/Zooniverse/run_04/complete.request.json
429,a312a19b0ef427f926e9ff0c143558a48a73b20c1892b52ec85dfa62471e71e1,results/raw/zero_shot/DeepSeek-V4-Pro/Zooniverse/run_05/complete.request.json,outputs/raw/zero_shot/DeepSeek-V4-Pro/Zooniverse/run_05/complete.request.json
430,f0d187f923716ccee776865c2ba2d69ea8a08c447a0bcd8ce179a0b669f1bc5c,results/raw/zero_shot/DeepSeek-V4-Pro/Zooniverse/run_01/conceptually_sound.request.json,outputs/raw/zero_shot/DeepSeek-V4-Pro/Zooniverse/run_01/conceptually_sound.request.json
430,f0d187f923716ccee776865c2ba2d69ea8a08c447a0bcd8ce179a0b669f1bc5c,results/raw/zero_shot/DeepSeek-V4-Pro/Zooniverse/run_02/conceptually_sound.request.json,outputs/raw/zero_shot/DeepSeek-V4-Pro/Zooniverse/run_02/conceptually_sound.request.json
430,f0d187f923716ccee776865c2ba2d69ea8a08c447a0bcd8ce179a0b669f1bc5c,results/raw/zero_shot/DeepSeek-V4-Pro/Zooniverse/run_03/conceptually_sound.request.json,outputs/raw/zero_shot/DeepSeek-V4-Pro/Zooniverse/run_03/conceptually_sound.request.json
430,f0d187f923716ccee776865c2ba2d69ea8a08c447a0bcd8ce179a0b669f1bc5c,results/raw/zero_shot/DeepSeek-V4-Pro/Zooniverse/run_04/conceptually_sound.request.json,outputs/raw/zero_shot/DeepSeek-V4-Pro/Zooniverse/run_04/conceptually_sound.request.json
430,f0d187f923716ccee776865c2ba2d69ea8a08c447a0bcd8ce179a0b669f1bc5c,results/raw/zero_shot/DeepSeek-V4-Pro/Zooniverse/run_05/conceptually_sound.request.json,outputs/raw/zero_shot/DeepSeek-V4-Pro/Zooniverse/run_05/conceptually_sound.request.json
431,6dda8ac12d8479a7b6061dfd84da46938c53fd01ec5e12784ed72386f3da4ab5,results/raw/zero_shot/DeepSeek-V4-Pro/Zooniverse/run_01/conflict_free.request.json,outputs/raw/zero_shot/DeepSeek-V4-Pro/Zooniverse/run_01/conflict_free.request.json
431,6dda8ac12d8479a7b6061dfd84da46938c53fd01ec5e12784ed72386f3da4ab5,results/raw/zero_shot/DeepSeek-V4-Pro/Zooniverse/run_02/conflict_free.request.json,outputs/raw/zero_shot/DeepSeek-V4-Pro/Zooniverse/run_02/conflict_free.request.json
431,6dda8ac12d8479a7b6061dfd84da46938c53fd01ec5e12784ed72386f3da4ab5,results/raw/zero_shot/DeepSeek-V4-Pro/Zooniverse/run_03/conflict_free.request.json,outputs/raw/zero_shot/DeepSeek-V4-Pro/Zooniverse/run_03/conflict_free.request.json
431,6dda8ac12d8479a7b6061dfd84da46938c53fd01ec5e12784ed72386f3da4ab5,results/raw/zero_shot/DeepSeek-V4-Pro/Zooniverse/run_04/conflict_free.request.json,outputs/raw/zero_shot/DeepSeek-V4-Pro/Zooniverse/run_04/conflict_free.request.json
431,6dda8ac12d8479a7b6061dfd84da46938c53fd01ec5e12784ed72386f3da4ab5,results/raw/zero_shot/DeepSeek-V4-Pro/Zooniverse/run_05/conflict_free.request.json,outputs/raw/zero_shot/DeepSeek-V4-Pro/Zooniverse/run_05/conflict_free.request.json
432,c9b0b6d65464c2616cc9f9ac6da5149075d2541cf6c1161d7aeb41fcdcd4af3a,results/raw/zero_shot/DeepSeek-V4-Pro/Zooniverse/run_01/estimatable.request.json,outputs/raw/zero_shot/DeepSeek-V4-Pro/Zooniverse/run_01/estimatable.request.json
432,c9b0b6d65464c2616cc9f9ac6da5149075d2541cf6c1161d7aeb41fcdcd4af3a,results/raw/zero_shot/DeepSeek-V4-Pro/Zooniverse/run_02/estimatable.request.json,outputs/raw/zero_shot/DeepSeek-V4-Pro/Zooniverse/run_02/estimatable.request.json
432,c9b0b6d65464c2616cc9f9ac6da5149075d2541cf6c1161d7aeb41fcdcd4af3a,results/raw/zero_shot/DeepSeek-V4-Pro/Zooniverse/run_03/estimatable.request.json,outputs/raw/zero_shot/DeepSeek-V4-Pro/Zooniverse/run_03/estimatable.request.json
432,c9b0b6d65464c2616cc9f9ac6da5149075d2541cf6c1161d7aeb41fcdcd4af3a,results/raw/zero_shot/DeepSeek-V4-Pro/Zooniverse/run_04/estimatable.request.json,outputs/raw/zero_shot/DeepSeek-V4-Pro/Zooniverse/run_04/estimatable.request.json
432,c9b0b6d65464c2616cc9f9ac6da5149075d2541cf6c1161d7aeb41fcdcd4af3a,results/raw/zero_shot/DeepSeek-V4-Pro/Zooniverse/run_05/estimatable.request.json,outputs/raw/zero_shot/DeepSeek-V4-Pro/Zooniverse/run_05/estimatable.request.json
433,6fe66285268d2f52074854fdfab5cdfbeacec0909f1b78c26c68a8464a47c77b,results/raw/zero_shot/DeepSeek-V4-Pro/Zooniverse/run_01/full_sentence.request.json,outputs/raw/zero_shot/DeepSeek-V4-Pro/Zooniverse/run_01/full_sentence.request.json
433,6fe66285268d2f52074854fdfab5cdfbeacec0909f1b78c26c68a8464a47c77b,results/raw/zero_shot/DeepSeek-V4-Pro/Zooniverse/run_02/full_sentence.request.json,outputs/raw/zero_shot/DeepSeek-V4-Pro/Zooniverse/run_02/full_sentence.request.json
433,6fe66285268d2f52074854fdfab5cdfbeacec0909f1b78c26c68a8464a47c77b,results/raw/zero_shot/DeepSeek-V4-Pro/Zooniverse/run_03/full_sentence.request.json,outputs/raw/zero_shot/DeepSeek-V4-Pro/Zooniverse/run_03/full_sentence.request.json
433,6fe66285268d2f52074854fdfab5cdfbeacec0909f1b78c26c68a8464a47c77b,results/raw/zero_shot/DeepSeek-V4-Pro/Zooniverse/run_04/full_sentence.request.json,outputs/raw/zero_shot/DeepSeek-V4-Pro/Zooniverse/run_04/full_sentence.request.json
433,6fe66285268d2f52074854fdfab5cdfbeacec0909f1b78c26c68a8464a47c77b,results/raw/zero_shot/DeepSeek-V4-Pro/Zooniverse/run_05/full_sentence.request.json,outputs/raw/zero_shot/DeepSeek-V4-Pro/Zooniverse/run_05/full_sentence.request.json
434,53f84d3fa0f99946ede294bf0148101a52abc500a5e6670f2ee8e423f3964cdf,results/raw/zero_shot/DeepSeek-V4-Pro/Zooniverse/run_01/independent.request.json,outputs/raw/zero_shot/DeepSeek-V4-Pro/Zooniverse/run_01/independent.request.json
434,53f84d3fa0f99946ede294bf0148101a52abc500a5e6670f2ee8e423f3964cdf,results/raw/zero_shot/DeepSeek-V4-Pro/Zooniverse/run_02/independent.request.json,outputs/raw/zero_shot/DeepSeek-V4-Pro/Zooniverse/run_02/independent.request.json
434,53f84d3fa0f99946ede294bf0148101a52abc500a5e6670f2ee8e423f3964cdf,results/raw/zero_shot/DeepSeek-V4-Pro/Zooniverse/run_03/independent.request.json,outputs/raw/zero_shot/DeepSeek-V4-Pro/Zooniverse/run_03/independent.request.json
434,53f84d3fa0f99946ede294bf0148101a52abc500a5e6670f2ee8e423f3964cdf,results/raw/zero_shot/DeepSeek-V4-Pro/Zooniverse/run_04/independent.request.json,outputs/raw/zero_shot/DeepSeek-V4-Pro/Zooniverse/run_04/independent.request.json
434,53f84d3fa0f99946ede294bf0148101a52abc500a5e6670f2ee8e423f3964cdf,results/raw/zero_shot/DeepSeek-V4-Pro/Zooniverse/run_05/independent.request.json,outputs/raw/zero_shot/DeepSeek-V4-Pro/Zooniverse/run_05/independent.request.json
435,be465fab49f25814660a1444b19d357e9667a79dced6762b64ed18e1b80d710f,results/raw/zero_shot/DeepSeek-V4-Pro/Zooniverse/run_01/minimal.request.json,outputs/raw/zero_shot/DeepSeek-V4-Pro/Zooniverse/run_01/minimal.request.json
435,be465fab49f25814660a1444b19d357e9667a79dced6762b64ed18e1b80d710f,results/raw/zero_shot/DeepSeek-V4-Pro/Zooniverse/run_02/minimal.request.json,outputs/raw/zero_shot/DeepSeek-V4-Pro/Zooniverse/run_02/minimal.request.json
435,be465fab49f25814660a1444b19d357e9667a79dced6762b64ed18e1b80d710f,results/raw/zero_shot/DeepSeek-V4-Pro/Zooniverse/run_03/minimal.request.json,outputs/raw/zero_shot/DeepSeek-V4-Pro/Zooniverse/run_03/minimal.request.json
435,be465fab49f25814660a1444b19d357e9667a79dced6762b64ed18e1b80d710f,results/raw/zero_shot/DeepSeek-V4-Pro/Zooniverse/run_04/minimal.request.json,outputs/raw/zero_shot/DeepSeek-V4-Pro/Zooniverse/run_04/minimal.request.json
435,be465fab49f25814660a1444b19d357e9667a79dced6762b64ed18e1b80d710f,results/raw/zero_shot/DeepSeek-V4-Pro/Zooniverse/run_05/minimal.request.json,outputs/raw/zero_shot/DeepSeek-V4-Pro/Zooniverse/run_05/minimal.request.json
436,88a072cd3c6a9b592aa938011566bf15946a341f8de22ba257150030f477f1f0,results/raw/zero_shot/DeepSeek-V4-Pro/Zooniverse/run_01/problem_oriented.request.json,outputs/raw/zero_shot/DeepSeek-V4-Pro/Zooniverse/run_01/problem_oriented.request.json
436,88a072cd3c6a9b592aa938011566bf15946a341f8de22ba257150030f477f1f0,results/raw/zero_shot/DeepSeek-V4-Pro/Zooniverse/run_02/problem_oriented.request.json,outputs/raw/zero_shot/DeepSeek-V4-Pro/Zooniverse/run_02/problem_oriented.request.json
436,88a072cd3c6a9b592aa938011566bf15946a341f8de22ba257150030f477f1f0,results/raw/zero_shot/DeepSeek-V4-Pro/Zooniverse/run_03/problem_oriented.request.json,outputs/raw/zero_shot/DeepSeek-V4-Pro/Zooniverse/run_03/problem_oriented.request.json
436,88a072cd3c6a9b592aa938011566bf15946a341f8de22ba257150030f477f1f0,results/raw/zero_shot/DeepSeek-V4-Pro/Zooniverse/run_04/problem_oriented.request.json,outputs/raw/zero_shot/DeepSeek-V4-Pro/Zooniverse/run_04/problem_oriented.request.json
436,88a072cd3c6a9b592aa938011566bf15946a341f8de22ba257150030f477f1f0,results/raw/zero_shot/DeepSeek-V4-Pro/Zooniverse/run_05/problem_oriented.request.json,outputs/raw/zero_shot/DeepSeek-V4-Pro/Zooniverse/run_05/problem_oriented.request.json
437,d4a20e358890a1edb5739c76529b4b4eae89d52a6ee91c9099adb457a9de2722,results/raw/zero_shot/DeepSeek-V4-Pro/Zooniverse/run_01/unambiguous.request.json,outputs/raw/zero_shot/DeepSeek-V4-Pro/Zooniverse/run_01/unambiguous.request.json
437,d4a20e358890a1edb5739c76529b4b4eae89d52a6ee91c9099adb457a9de2722,results/raw/zero_shot/DeepSeek-V4-Pro/Zooniverse/run_02/unambiguous.request.json,outputs/raw/zero_shot/DeepSeek-V4-Pro/Zooniverse/run_02/unambiguous.request.json
437,d4a20e358890a1edb5739c76529b4b4eae89d52a6ee91c9099adb457a9de2722,results/raw/zero_shot/DeepSeek-V4-Pro/Zooniverse/run_03/unambiguous.request.json,outputs/raw/zero_shot/DeepSeek-V4-Pro/Zooniverse/run_03/unambiguous.request.json
437,d4a20e358890a1edb5739c76529b4b4eae89d52a6ee91c9099adb457a9de2722,results/raw/zero_shot/DeepSeek-V4-Pro/Zooniverse/run_04/unambiguous.request.json,outputs/raw/zero_shot/DeepSeek-V4-Pro/Zooniverse/run_04/unambiguous.request.json
437,d4a20e358890a1edb5739c76529b4b4eae89d52a6ee91c9099adb457a9de2722,results/raw/zero_shot/DeepSeek-V4-Pro/Zooniverse/run_05/unambiguous.request.json,outputs/raw/zero_shot/DeepSeek-V4-Pro/Zooniverse/run_05/unambiguous.request.json
438,fde3c1922a3618332f8730602ade32deecd436878debbbe1eb7ac1a633d5b60d,results/raw/zero_shot/DeepSeek-V4-Pro/Zooniverse/run_01/uniform.request.json,outputs/raw/zero_shot/DeepSeek-V4-Pro/Zooniverse/run_01/uniform.request.json
438,fde3c1922a3618332f8730602ade32deecd436878debbbe1eb7ac1a633d5b60d,results/raw/zero_shot/DeepSeek-V4-Pro/Zooniverse/run_02/uniform.request.json,outputs/raw/zero_shot/DeepSeek-V4-Pro/Zooniverse/run_02/uniform.request.json
438,fde3c1922a3618332f8730602ade32deecd436878debbbe1eb7ac1a633d5b60d,results/raw/zero_shot/DeepSeek-V4-Pro/Zooniverse/run_03/uniform.request.json,outputs/raw/zero_shot/DeepSeek-V4-Pro/Zooniverse/run_03/uniform.request.json
438,fde3c1922a3618332f8730602ade32deecd436878debbbe1eb7ac1a633d5b60d,results/raw/zero_shot/DeepSeek-V4-Pro/Zooniverse/run_04/uniform.request.json,outputs/raw/zero_shot/DeepSeek-V4-Pro/Zooniverse/run_04/uniform.request.json
438,fde3c1922a3618332f8730602ade32deecd436878debbbe1eb7ac1a633d5b60d,results/raw/zero_shot/DeepSeek-V4-Pro/Zooniverse/run_05/uniform.request.json,outputs/raw/zero_shot/DeepSeek-V4-Pro/Zooniverse/run_05/uniform.request.json
439,56ea6a303c6862ac989c53f536a05603657d83694d9db90027c59bb1d6f574b0,results/raw/zero_shot/DeepSeek-V4-Pro/Zooniverse/run_01/unique.request.json,outputs/raw/zero_shot/DeepSeek-V4-Pro/Zooniverse/run_01/unique.request.json
439,56ea6a303c6862ac989c53f536a05603657d83694d9db90027c59bb1d6f574b0,results/raw/zero_shot/DeepSeek-V4-Pro/Zooniverse/run_02/unique.request.json,outputs/raw/zero_shot/DeepSeek-V4-Pro/Zooniverse/run_02/unique.request.json
439,56ea6a303c6862ac989c53f536a05603657d83694d9db90027c59bb1d6f574b0,results/raw/zero_shot/DeepSeek-V4-Pro/Zooniverse/run_03/unique.request.json,outputs/raw/zero_shot/DeepSeek-V4-Pro/Zooniverse/run_03/unique.request.json
439,56ea6a303c6862ac989c53f536a05603657d83694d9db90027c59bb1d6f574b0,results/raw/zero_shot/DeepSeek-V4-Pro/Zooniverse/run_04/unique.request.json,outputs/raw/zero_shot/DeepSeek-V4-Pro/Zooniverse/run_04/unique.request.json
439,56ea6a303c6862ac989c53f536a05603657d83694d9db90027c59bb1d6f574b0,results/raw/zero_shot/DeepSeek-V4-Pro/Zooniverse/run_05/unique.request.json,outputs/raw/zero_shot/DeepSeek-V4-Pro/Zooniverse/run_05/unique.request.json
440,73d1b855fcfe00427b80de2a0829d143d61ae60915a9d9e5b3c3cf4a239ea839,results/raw/zero_shot/DeepSeek-V4-Pro/Zooniverse/run_01/well_formed.request.json,outputs/raw/zero_shot/DeepSeek-V4-Pro/Zooniverse/run_01/well_formed.request.json
440,73d1b855fcfe00427b80de2a0829d143d61ae60915a9d9e5b3c3cf4a239ea839,results/raw/zero_shot/DeepSeek-V4-Pro/Zooniverse/run_02/well_formed.request.json,outputs/raw/zero_shot/DeepSeek-V4-Pro/Zooniverse/run_02/well_formed.request.json
440,73d1b855fcfe00427b80de2a0829d143d61ae60915a9d9e5b3c3cf4a239ea839,results/raw/zero_shot/DeepSeek-V4-Pro/Zooniverse/run_03/well_formed.request.json,outputs/raw/zero_shot/DeepSeek-V4-Pro/Zooniverse/run_03/well_formed.request.json
440,73d1b855fcfe00427b80de2a0829d143d61ae60915a9d9e5b3c3cf4a239ea839,results/raw/zero_shot/DeepSeek-V4-Pro/Zooniverse/run_04/well_formed.request.json,outputs/raw/zero_shot/DeepSeek-V4-Pro/Zooniverse/run_04/well_formed.request.json
440,73d1b855fcfe00427b80de2a0829d143d61ae60915a9d9e5b3c3cf4a239ea839,results/raw/zero_shot/DeepSeek-V4-Pro/Zooniverse/run_05/well_formed.request.json,outputs/raw/zero_shot/DeepSeek-V4-Pro/Zooniverse/run_05/well_formed.request.json
441,12da1ae6734b69d02f2798ccf571a82eb50793e5616dc455dafea04c92eb4121,results/raw/zero_shot/GPT-5-Mini/BADCamp/run_01/atomic.request.json,outputs/raw/zero_shot/GPT-5-Mini/BADCamp/run_01/atomic.request.json
441,12da1ae6734b69d02f2798ccf571a82eb50793e5616dc455dafea04c92eb4121,results/raw/zero_shot/GPT-5-Mini/BADCamp/run_02/atomic.request.json,outputs/raw/zero_shot/GPT-5-Mini/BADCamp/run_02/atomic.request.json
441,12da1ae6734b69d02f2798ccf571a82eb50793e5616dc455dafea04c92eb4121,results/raw/zero_shot/GPT-5-Mini/BADCamp/run_03/atomic.request.json,outputs/raw/zero_shot/GPT-5-Mini/BADCamp/run_03/atomic.request.json
441,12da1ae6734b69d02f2798ccf571a82eb50793e5616dc455dafea04c92eb4121,results/raw/zero_shot/GPT-5-Mini/BADCamp/run_04/atomic.request.json,outputs/raw/zero_shot/GPT-5-Mini/BADCamp/run_04/atomic.request.json
441,12da1ae6734b69d02f2798ccf571a82eb50793e5616dc455dafea04c92eb4121,results/raw/zero_shot/GPT-5-Mini/BADCamp/run_05/atomic.request.json,outputs/raw/zero_shot/GPT-5-Mini/BADCamp/run_05/atomic.request.json
442,86eacf7d6faf9e752634798c76232cb0a4e635c8b20789948e6923a0c02de727,results/raw/zero_shot/GPT-5-Mini/BADCamp/run_01/complete.request.json,outputs/raw/zero_shot/GPT-5-Mini/BADCamp/run_01/complete.request.json
442,86eacf7d6faf9e752634798c76232cb0a4e635c8b20789948e6923a0c02de727,results/raw/zero_shot/GPT-5-Mini/BADCamp/run_02/complete.request.json,outputs/raw/zero_shot/GPT-5-Mini/BADCamp/run_02/complete.request.json
442,86eacf7d6faf9e752634798c76232cb0a4e635c8b20789948e6923a0c02de727,results/raw/zero_shot/GPT-5-Mini/BADCamp/run_03/complete.request.json,outputs/raw/zero_shot/GPT-5-Mini/BADCamp/run_03/complete.request.json
442,86eacf7d6faf9e752634798c76232cb0a4e635c8b20789948e6923a0c02de727,results/raw/zero_shot/GPT-5-Mini/BADCamp/run_04/complete.request.json,outputs/raw/zero_shot/GPT-5-Mini/BADCamp/run_04/complete.request.json
442,86eacf7d6faf9e752634798c76232cb0a4e635c8b20789948e6923a0c02de727,results/raw/zero_shot/GPT-5-Mini/BADCamp/run_05/complete.request.json,outputs/raw/zero_shot/GPT-5-Mini/BADCamp/run_05/complete.request.json
443,74a8c80985c93e02ced36b2e1c8807a5af182dfe7e73c5b631680673c9e6ae2e,results/raw/zero_shot/GPT-5-Mini/BADCamp/run_01/conceptually_sound.request.json,outputs/raw/zero_shot/GPT-5-Mini/BADCamp/run_01/conceptually_sound.request.json
443,74a8c80985c93e02ced36b2e1c8807a5af182dfe7e73c5b631680673c9e6ae2e,results/raw/zero_shot/GPT-5-Mini/BADCamp/run_02/conceptually_sound.request.json,outputs/raw/zero_shot/GPT-5-Mini/BADCamp/run_02/conceptually_sound.request.json
443,74a8c80985c93e02ced36b2e1c8807a5af182dfe7e73c5b631680673c9e6ae2e,results/raw/zero_shot/GPT-5-Mini/BADCamp/run_03/conceptually_sound.request.json,outputs/raw/zero_shot/GPT-5-Mini/BADCamp/run_03/conceptually_sound.request.json
443,74a8c80985c93e02ced36b2e1c8807a5af182dfe7e73c5b631680673c9e6ae2e,results/raw/zero_shot/GPT-5-Mini/BADCamp/run_04/conceptually_sound.request.json,outputs/raw/zero_shot/GPT-5-Mini/BADCamp/run_04/conceptually_sound.request.json
443,74a8c80985c93e02ced36b2e1c8807a5af182dfe7e73c5b631680673c9e6ae2e,results/raw/zero_shot/GPT-5-Mini/BADCamp/run_05/conceptually_sound.request.json,outputs/raw/zero_shot/GPT-5-Mini/BADCamp/run_05/conceptually_sound.request.json
444,c2123d368b92620c8f28e61b1dfbe2aa12554700b6cebc0310d6ac65a2c31eb0,results/raw/zero_shot/GPT-5-Mini/BADCamp/run_01/conflict_free.request.json,outputs/raw/zero_shot/GPT-5-Mini/BADCamp/run_01/conflict_free.request.json
444,c2123d368b92620c8f28e61b1dfbe2aa12554700b6cebc0310d6ac65a2c31eb0,results/raw/zero_shot/GPT-5-Mini/BADCamp/run_02/conflict_free.request.json,outputs/raw/zero_shot/GPT-5-Mini/BADCamp/run_02/conflict_free.request.json
444,c2123d368b92620c8f28e61b1dfbe2aa12554700b6cebc0310d6ac65a2c31eb0,results/raw/zero_shot/GPT-5-Mini/BADCamp/run_03/conflict_free.request.json,outputs/raw/zero_shot/GPT-5-Mini/BADCamp/run_03/conflict_free.request.json
444,c2123d368b92620c8f28e61b1dfbe2aa12554700b6cebc0310d6ac65a2c31eb0,results/raw/zero_shot/GPT-5-Mini/BADCamp/run_04/conflict_free.request.json,outputs/raw/zero_shot/GPT-5-Mini/BADCamp/run_04/conflict_free.request.json
444,c2123d368b92620c8f28e61b1dfbe2aa12554700b6cebc0310d6ac65a2c31eb0,results/raw/zero_shot/GPT-5-Mini/BADCamp/run_05/conflict_free.request.json,outputs/raw/zero_shot/GPT-5-Mini/BADCamp/run_05/conflict_free.request.json
445,d851cc170f640b336946923bc8fad85b1554872c344f6d166bf565d839072364,results/raw/zero_shot/GPT-5-Mini/BADCamp/run_01/estimatable.request.json,outputs/raw/zero_shot/GPT-5-Mini/BADCamp/run_01/estimatable.request.json
445,d851cc170f640b336946923bc8fad85b1554872c344f6d166bf565d839072364,results/raw/zero_shot/GPT-5-Mini/BADCamp/run_02/estimatable.request.json,outputs/raw/zero_shot/GPT-5-Mini/BADCamp/run_02/estimatable.request.json
445,d851cc170f640b336946923bc8fad85b1554872c344f6d166bf565d839072364,results/raw/zero_shot/GPT-5-Mini/BADCamp/run_03/estimatable.request.json,outputs/raw/zero_shot/GPT-5-Mini/BADCamp/run_03/estimatable.request.json
445,d851cc170f640b336946923bc8fad85b1554872c344f6d166bf565d839072364,results/raw/zero_shot/GPT-5-Mini/BADCamp/run_04/estimatable.request.json,outputs/raw/zero_shot/GPT-5-Mini/BADCamp/run_04/estimatable.request.json
445,d851cc170f640b336946923bc8fad85b1554872c344f6d166bf565d839072364,results/raw/zero_shot/GPT-5-Mini/BADCamp/run_05/estimatable.request.json,outputs/raw/zero_shot/GPT-5-Mini/BADCamp/run_05/estimatable.request.json
446,2df51f2211882540a8b8269351a4d690b0fe8c1f82690a729abbb70c41396d46,results/raw/zero_shot/GPT-5-Mini/BADCamp/run_01/full_sentence.request.json,outputs/raw/zero_shot/GPT-5-Mini/BADCamp/run_01/full_sentence.request.json
446,2df51f2211882540a8b8269351a4d690b0fe8c1f82690a729abbb70c41396d46,results/raw/zero_shot/GPT-5-Mini/BADCamp/run_02/full_sentence.request.json,outputs/raw/zero_shot/GPT-5-Mini/BADCamp/run_02/full_sentence.request.json
446,2df51f2211882540a8b8269351a4d690b0fe8c1f82690a729abbb70c41396d46,results/raw/zero_shot/GPT-5-Mini/BADCamp/run_03/full_sentence.request.json,outputs/raw/zero_shot/GPT-5-Mini/BADCamp/run_03/full_sentence.request.json
446,2df51f2211882540a8b8269351a4d690b0fe8c1f82690a729abbb70c41396d46,results/raw/zero_shot/GPT-5-Mini/BADCamp/run_04/full_sentence.request.json,outputs/raw/zero_shot/GPT-5-Mini/BADCamp/run_04/full_sentence.request.json
446,2df51f2211882540a8b8269351a4d690b0fe8c1f82690a729abbb70c41396d46,results/raw/zero_shot/GPT-5-Mini/BADCamp/run_05/full_sentence.request.json,outputs/raw/zero_shot/GPT-5-Mini/BADCamp/run_05/full_sentence.request.json
447,2cdbe8e34f760f883466c7d61e8545606e5524f0b80a8fc55f8e9ab66eaa677f,results/raw/zero_shot/GPT-5-Mini/BADCamp/run_01/independent.request.json,outputs/raw/zero_shot/GPT-5-Mini/BADCamp/run_01/independent.request.json
447,2cdbe8e34f760f883466c7d61e8545606e5524f0b80a8fc55f8e9ab66eaa677f,results/raw/zero_shot/GPT-5-Mini/BADCamp/run_02/independent.request.json,outputs/raw/zero_shot/GPT-5-Mini/BADCamp/run_02/independent.request.json
447,2cdbe8e34f760f883466c7d61e8545606e5524f0b80a8fc55f8e9ab66eaa677f,results/raw/zero_shot/GPT-5-Mini/BADCamp/run_03/independent.request.json,outputs/raw/zero_shot/GPT-5-Mini/BADCamp/run_03/independent.request.json
447,2cdbe8e34f760f883466c7d61e8545606e5524f0b80a8fc55f8e9ab66eaa677f,results/raw/zero_shot/GPT-5-Mini/BADCamp/run_04/independent.request.json,outputs/raw/zero_shot/GPT-5-Mini/BADCamp/run_04/independent.request.json
447,2cdbe8e34f760f883466c7d61e8545606e5524f0b80a8fc55f8e9ab66eaa677f,results/raw/zero_shot/GPT-5-Mini/BADCamp/run_05/independent.request.json,outputs/raw/zero_shot/GPT-5-Mini/BADCamp/run_05/independent.request.json
448,2eadf66d6e4a069559c3a55aaa1e072fff31a3ef8c9c51ebc023751b221f4d2e,results/raw/zero_shot/GPT-5-Mini/BADCamp/run_01/minimal.request.json,outputs/raw/zero_shot/GPT-5-Mini/BADCamp/run_01/minimal.request.json
448,2eadf66d6e4a069559c3a55aaa1e072fff31a3ef8c9c51ebc023751b221f4d2e,results/raw/zero_shot/GPT-5-Mini/BADCamp/run_02/minimal.request.json,outputs/raw/zero_shot/GPT-5-Mini/BADCamp/run_02/minimal.request.json
448,2eadf66d6e4a069559c3a55aaa1e072fff31a3ef8c9c51ebc023751b221f4d2e,results/raw/zero_shot/GPT-5-Mini/BADCamp/run_03/minimal.request.json,outputs/raw/zero_shot/GPT-5-Mini/BADCamp/run_03/minimal.request.json
448,2eadf66d6e4a069559c3a55aaa1e072fff31a3ef8c9c51ebc023751b221f4d2e,results/raw/zero_shot/GPT-5-Mini/BADCamp/run_04/minimal.request.json,outputs/raw/zero_shot/GPT-5-Mini/BADCamp/run_04/minimal.request.json
448,2eadf66d6e4a069559c3a55aaa1e072fff31a3ef8c9c51ebc023751b221f4d2e,results/raw/zero_shot/GPT-5-Mini/BADCamp/run_05/minimal.request.json,outputs/raw/zero_shot/GPT-5-Mini/BADCamp/run_05/minimal.request.json
449,5c4f8c84eb6dcb1174d95d151db8693d25ec899df91e1fcaf4a8524893a35ed7,results/raw/zero_shot/GPT-5-Mini/BADCamp/run_01/problem_oriented.request.json,outputs/raw/zero_shot/GPT-5-Mini/BADCamp/run_01/problem_oriented.request.json
449,5c4f8c84eb6dcb1174d95d151db8693d25ec899df91e1fcaf4a8524893a35ed7,results/raw/zero_shot/GPT-5-Mini/BADCamp/run_02/problem_oriented.request.json,outputs/raw/zero_shot/GPT-5-Mini/BADCamp/run_02/problem_oriented.request.json
449,5c4f8c84eb6dcb1174d95d151db8693d25ec899df91e1fcaf4a8524893a35ed7,results/raw/zero_shot/GPT-5-Mini/BADCamp/run_03/problem_oriented.request.json,outputs/raw/zero_shot/GPT-5-Mini/BADCamp/run_03/problem_oriented.request.json
449,5c4f8c84eb6dcb1174d95d151db8693d25ec899df91e1fcaf4a8524893a35ed7,results/raw/zero_shot/GPT-5-Mini/BADCamp/run_04/problem_oriented.request.json,outputs/raw/zero_shot/GPT-5-Mini/BADCamp/run_04/problem_oriented.request.json
449,5c4f8c84eb6dcb1174d95d151db8693d25ec899df91e1fcaf4a8524893a35ed7,results/raw/zero_shot/GPT-5-Mini/BADCamp/run_05/problem_oriented.request.json,outputs/raw/zero_shot/GPT-5-Mini/BADCamp/run_05/problem_oriented.request.json
450,3fc448e2e8a5e03976553e8b770e16f6ef3c22972a2606d1671c3bf7e9e4f041,results/raw/zero_shot/GPT-5-Mini/BADCamp/run_01/unambiguous.request.json,outputs/raw/zero_shot/GPT-5-Mini/BADCamp/run_01/unambiguous.request.json
450,3fc448e2e8a5e03976553e8b770e16f6ef3c22972a2606d1671c3bf7e9e4f041,results/raw/zero_shot/GPT-5-Mini/BADCamp/run_02/unambiguous.request.json,outputs/raw/zero_shot/GPT-5-Mini/BADCamp/run_02/unambiguous.request.json
450,3fc448e2e8a5e03976553e8b770e16f6ef3c22972a2606d1671c3bf7e9e4f041,results/raw/zero_shot/GPT-5-Mini/BADCamp/run_03/unambiguous.request.json,outputs/raw/zero_shot/GPT-5-Mini/BADCamp/run_03/unambiguous.request.json
450,3fc448e2e8a5e03976553e8b770e16f6ef3c22972a2606d1671c3bf7e9e4f041,results/raw/zero_shot/GPT-5-Mini/BADCamp/run_04/unambiguous.request.json,outputs/raw/zero_shot/GPT-5-Mini/BADCamp/run_04/unambiguous.request.json
450,3fc448e2e8a5e03976553e8b770e16f6ef3c22972a2606d1671c3bf7e9e4f041,results/raw/zero_shot/GPT-5-Mini/BADCamp/run_05/unambiguous.request.json,outputs/raw/zero_shot/GPT-5-Mini/BADCamp/run_05/unambiguous.request.json
451,ee3941d5b47629434fe08b13ec16f554fa2c480102b223fc7b74cc3312498003,results/raw/zero_shot/GPT-5-Mini/BADCamp/run_01/uniform.request.json,outputs/raw/zero_shot/GPT-5-Mini/BADCamp/run_01/uniform.request.json
451,ee3941d5b47629434fe08b13ec16f554fa2c480102b223fc7b74cc3312498003,results/raw/zero_shot/GPT-5-Mini/BADCamp/run_02/uniform.request.json,outputs/raw/zero_shot/GPT-5-Mini/BADCamp/run_02/uniform.request.json
451,ee3941d5b47629434fe08b13ec16f554fa2c480102b223fc7b74cc3312498003,results/raw/zero_shot/GPT-5-Mini/BADCamp/run_03/uniform.request.json,outputs/raw/zero_shot/GPT-5-Mini/BADCamp/run_03/uniform.request.json
451,ee3941d5b47629434fe08b13ec16f554fa2c480102b223fc7b74cc3312498003,results/raw/zero_shot/GPT-5-Mini/BADCamp/run_04/uniform.request.json,outputs/raw/zero_shot/GPT-5-Mini/BADCamp/run_04/uniform.request.json
451,ee3941d5b47629434fe08b13ec16f554fa2c480102b223fc7b74cc3312498003,results/raw/zero_shot/GPT-5-Mini/BADCamp/run_05/uniform.request.json,outputs/raw/zero_shot/GPT-5-Mini/BADCamp/run_05/uniform.request.json
452,97243164cfea8cb710a7988a1ae74a6c90b9b1b8c98d22a0ee01e61d4a6b172c,results/raw/zero_shot/GPT-5-Mini/BADCamp/run_01/unique.request.json,outputs/raw/zero_shot/GPT-5-Mini/BADCamp/run_01/unique.request.json
452,97243164cfea8cb710a7988a1ae74a6c90b9b1b8c98d22a0ee01e61d4a6b172c,results/raw/zero_shot/GPT-5-Mini/BADCamp/run_02/unique.request.json,outputs/raw/zero_shot/GPT-5-Mini/BADCamp/run_02/unique.request.json
452,97243164cfea8cb710a7988a1ae74a6c90b9b1b8c98d22a0ee01e61d4a6b172c,results/raw/zero_shot/GPT-5-Mini/BADCamp/run_03/unique.request.json,outputs/raw/zero_shot/GPT-5-Mini/BADCamp/run_03/unique.request.json
452,97243164cfea8cb710a7988a1ae74a6c90b9b1b8c98d22a0ee01e61d4a6b172c,results/raw/zero_shot/GPT-5-Mini/BADCamp/run_04/unique.request.json,outputs/raw/zero_shot/GPT-5-Mini/BADCamp/run_04/unique.request.json
452,97243164cfea8cb710a7988a1ae74a6c90b9b1b8c98d22a0ee01e61d4a6b172c,results/raw/zero_shot/GPT-5-Mini/BADCamp/run_05/unique.request.json,outputs/raw/zero_shot/GPT-5-Mini/BADCamp/run_05/unique.request.json
453,52135548b905f3df933551752c86bbff28d89d1521ce83704e9ac534ea039881,results/raw/zero_shot/GPT-5-Mini/BADCamp/run_01/well_formed.request.json,outputs/raw/zero_shot/GPT-5-Mini/BADCamp/run_01/well_formed.request.json
453,52135548b905f3df933551752c86bbff28d89d1521ce83704e9ac534ea039881,results/raw/zero_shot/GPT-5-Mini/BADCamp/run_02/well_formed.request.json,outputs/raw/zero_shot/GPT-5-Mini/BADCamp/run_02/well_formed.request.json
453,52135548b905f3df933551752c86bbff28d89d1521ce83704e9ac534ea039881,results/raw/zero_shot/GPT-5-Mini/BADCamp/run_03/well_formed.request.json,outputs/raw/zero_shot/GPT-5-Mini/BADCamp/run_03/well_formed.request.json
453,52135548b905f3df933551752c86bbff28d89d1521ce83704e9ac534ea039881,results/raw/zero_shot/GPT-5-Mini/BADCamp/run_04/well_formed.request.json,outputs/raw/zero_shot/GPT-5-Mini/BADCamp/run_04/well_formed.request.json
453,52135548b905f3df933551752c86bbff28d89d1521ce83704e9ac534ea039881,results/raw/zero_shot/GPT-5-Mini/BADCamp/run_05/well_formed.request.json,outputs/raw/zero_shot/GPT-5-Mini/BADCamp/run_05/well_formed.request.json
454,be2dac5db4366770d01b60d9d609ef21faaffe290741ae435fa87b7e0f180466,results/raw/zero_shot/GPT-5-Mini/PlanningPoker/run_01/atomic.request.json,outputs/raw/zero_shot/GPT-5-Mini/PlanningPoker/run_01/atomic.request.json
454,be2dac5db4366770d01b60d9d609ef21faaffe290741ae435fa87b7e0f180466,results/raw/zero_shot/GPT-5-Mini/PlanningPoker/run_02/atomic.request.json,outputs/raw/zero_shot/GPT-5-Mini/PlanningPoker/run_02/atomic.request.json
454,be2dac5db4366770d01b60d9d609ef21faaffe290741ae435fa87b7e0f180466,results/raw/zero_shot/GPT-5-Mini/PlanningPoker/run_03/atomic.request.json,outputs/raw/zero_shot/GPT-5-Mini/PlanningPoker/run_03/atomic.request.json
454,be2dac5db4366770d01b60d9d609ef21faaffe290741ae435fa87b7e0f180466,results/raw/zero_shot/GPT-5-Mini/PlanningPoker/run_04/atomic.request.json,outputs/raw/zero_shot/GPT-5-Mini/PlanningPoker/run_04/atomic.request.json
454,be2dac5db4366770d01b60d9d609ef21faaffe290741ae435fa87b7e0f180466,results/raw/zero_shot/GPT-5-Mini/PlanningPoker/run_05/atomic.request.json,outputs/raw/zero_shot/GPT-5-Mini/PlanningPoker/run_05/atomic.request.json
455,4ba491a2ef81f1b5741d63f93d940ccb8574cbbd3b8736e0a96dfb35123da7a9,results/raw/zero_shot/GPT-5-Mini/PlanningPoker/run_01/complete.request.json,outputs/raw/zero_shot/GPT-5-Mini/PlanningPoker/run_01/complete.request.json
455,4ba491a2ef81f1b5741d63f93d940ccb8574cbbd3b8736e0a96dfb35123da7a9,results/raw/zero_shot/GPT-5-Mini/PlanningPoker/run_02/complete.request.json,outputs/raw/zero_shot/GPT-5-Mini/PlanningPoker/run_02/complete.request.json
455,4ba491a2ef81f1b5741d63f93d940ccb8574cbbd3b8736e0a96dfb35123da7a9,results/raw/zero_shot/GPT-5-Mini/PlanningPoker/run_03/complete.request.json,outputs/raw/zero_shot/GPT-5-Mini/PlanningPoker/run_03/complete.request.json
455,4ba491a2ef81f1b5741d63f93d940ccb8574cbbd3b8736e0a96dfb35123da7a9,results/raw/zero_shot/GPT-5-Mini/PlanningPoker/run_04/complete.request.json,outputs/raw/zero_shot/GPT-5-Mini/PlanningPoker/run_04/complete.request.json
455,4ba491a2ef81f1b5741d63f93d940ccb8574cbbd3b8736e0a96dfb35123da7a9,results/raw/zero_shot/GPT-5-Mini/PlanningPoker/run_05/complete.request.json,outputs/raw/zero_shot/GPT-5-Mini/PlanningPoker/run_05/complete.request.json
456,fd5340a6d0eb18b541b177e30144e95502d4d0845801c97b089946ac0cf320d9,results/raw/zero_shot/GPT-5-Mini/PlanningPoker/run_01/conceptually_sound.request.json,outputs/raw/zero_shot/GPT-5-Mini/PlanningPoker/run_01/conceptually_sound.request.json
456,fd5340a6d0eb18b541b177e30144e95502d4d0845801c97b089946ac0cf320d9,results/raw/zero_shot/GPT-5-Mini/PlanningPoker/run_02/conceptually_sound.request.json,outputs/raw/zero_shot/GPT-5-Mini/PlanningPoker/run_02/conceptually_sound.request.json
456,fd5340a6d0eb18b541b177e30144e95502d4d0845801c97b089946ac0cf320d9,results/raw/zero_shot/GPT-5-Mini/PlanningPoker/run_03/conceptually_sound.request.json,outputs/raw/zero_shot/GPT-5-Mini/PlanningPoker/run_03/conceptually_sound.request.json
456,fd5340a6d0eb18b541b177e30144e95502d4d0845801c97b089946ac0cf320d9,results/raw/zero_shot/GPT-5-Mini/PlanningPoker/run_04/conceptually_sound.request.json,outputs/raw/zero_shot/GPT-5-Mini/PlanningPoker/run_04/conceptually_sound.request.json
456,fd5340a6d0eb18b541b177e30144e95502d4d0845801c97b089946ac0cf320d9,results/raw/zero_shot/GPT-5-Mini/PlanningPoker/run_05/conceptually_sound.request.json,outputs/raw/zero_shot/GPT-5-Mini/PlanningPoker/run_05/conceptually_sound.request.json
457,5144860716cb8f991fa6e980bdecc984f0ea8dc294280adc6acfb47e306d0a17,results/raw/zero_shot/GPT-5-Mini/PlanningPoker/run_01/conflict_free.request.json,outputs/raw/zero_shot/GPT-5-Mini/PlanningPoker/run_01/conflict_free.request.json
457,5144860716cb8f991fa6e980bdecc984f0ea8dc294280adc6acfb47e306d0a17,results/raw/zero_shot/GPT-5-Mini/PlanningPoker/run_02/conflict_free.request.json,outputs/raw/zero_shot/GPT-5-Mini/PlanningPoker/run_02/conflict_free.request.json
457,5144860716cb8f991fa6e980bdecc984f0ea8dc294280adc6acfb47e306d0a17,results/raw/zero_shot/GPT-5-Mini/PlanningPoker/run_03/conflict_free.request.json,outputs/raw/zero_shot/GPT-5-Mini/PlanningPoker/run_03/conflict_free.request.json
457,5144860716cb8f991fa6e980bdecc984f0ea8dc294280adc6acfb47e306d0a17,results/raw/zero_shot/GPT-5-Mini/PlanningPoker/run_04/conflict_free.request.json,outputs/raw/zero_shot/GPT-5-Mini/PlanningPoker/run_04/conflict_free.request.json
457,5144860716cb8f991fa6e980bdecc984f0ea8dc294280adc6acfb47e306d0a17,results/raw/zero_shot/GPT-5-Mini/PlanningPoker/run_05/conflict_free.request.json,outputs/raw/zero_shot/GPT-5-Mini/PlanningPoker/run_05/conflict_free.request.json
458,fb57746c5d1a17fe57611a3d49adb4edef2b61976565a4d48d86a96312fa99d4,results/raw/zero_shot/GPT-5-Mini/PlanningPoker/run_01/estimatable.request.json,outputs/raw/zero_shot/GPT-5-Mini/PlanningPoker/run_01/estimatable.request.json
458,fb57746c5d1a17fe57611a3d49adb4edef2b61976565a4d48d86a96312fa99d4,results/raw/zero_shot/GPT-5-Mini/PlanningPoker/run_02/estimatable.request.json,outputs/raw/zero_shot/GPT-5-Mini/PlanningPoker/run_02/estimatable.request.json
458,fb57746c5d1a17fe57611a3d49adb4edef2b61976565a4d48d86a96312fa99d4,results/raw/zero_shot/GPT-5-Mini/PlanningPoker/run_03/estimatable.request.json,outputs/raw/zero_shot/GPT-5-Mini/PlanningPoker/run_03/estimatable.request.json
458,fb57746c5d1a17fe57611a3d49adb4edef2b61976565a4d48d86a96312fa99d4,results/raw/zero_shot/GPT-5-Mini/PlanningPoker/run_04/estimatable.request.json,outputs/raw/zero_shot/GPT-5-Mini/PlanningPoker/run_04/estimatable.request.json
458,fb57746c5d1a17fe57611a3d49adb4edef2b61976565a4d48d86a96312fa99d4,results/raw/zero_shot/GPT-5-Mini/PlanningPoker/run_05/estimatable.request.json,outputs/raw/zero_shot/GPT-5-Mini/PlanningPoker/run_05/estimatable.request.json
459,d140a81d4be1ccdf8c11f50d45c496917319d93a66d026efaa99b5c8ba4273bc,results/raw/zero_shot/GPT-5-Mini/PlanningPoker/run_01/full_sentence.request.json,outputs/raw/zero_shot/GPT-5-Mini/PlanningPoker/run_01/full_sentence.request.json
459,d140a81d4be1ccdf8c11f50d45c496917319d93a66d026efaa99b5c8ba4273bc,results/raw/zero_shot/GPT-5-Mini/PlanningPoker/run_02/full_sentence.request.json,outputs/raw/zero_shot/GPT-5-Mini/PlanningPoker/run_02/full_sentence.request.json
459,d140a81d4be1ccdf8c11f50d45c496917319d93a66d026efaa99b5c8ba4273bc,results/raw/zero_shot/GPT-5-Mini/PlanningPoker/run_03/full_sentence.request.json,outputs/raw/zero_shot/GPT-5-Mini/PlanningPoker/run_03/full_sentence.request.json
459,d140a81d4be1ccdf8c11f50d45c496917319d93a66d026efaa99b5c8ba4273bc,results/raw/zero_shot/GPT-5-Mini/PlanningPoker/run_04/full_sentence.request.json,outputs/raw/zero_shot/GPT-5-Mini/PlanningPoker/run_04/full_sentence.request.json
459,d140a81d4be1ccdf8c11f50d45c496917319d93a66d026efaa99b5c8ba4273bc,results/raw/zero_shot/GPT-5-Mini/PlanningPoker/run_05/full_sentence.request.json,outputs/raw/zero_shot/GPT-5-Mini/PlanningPoker/run_05/full_sentence.request.json
460,72d04c3c312bbe88a91e03444667e0e15a90b76e45572a4a4abeb9d273ef1834,results/raw/zero_shot/GPT-5-Mini/PlanningPoker/run_01/independent.request.json,outputs/raw/zero_shot/GPT-5-Mini/PlanningPoker/run_01/independent.request.json
460,72d04c3c312bbe88a91e03444667e0e15a90b76e45572a4a4abeb9d273ef1834,results/raw/zero_shot/GPT-5-Mini/PlanningPoker/run_02/independent.request.json,outputs/raw/zero_shot/GPT-5-Mini/PlanningPoker/run_02/independent.request.json
460,72d04c3c312bbe88a91e03444667e0e15a90b76e45572a4a4abeb9d273ef1834,results/raw/zero_shot/GPT-5-Mini/PlanningPoker/run_03/independent.request.json,outputs/raw/zero_shot/GPT-5-Mini/PlanningPoker/run_03/independent.request.json
460,72d04c3c312bbe88a91e03444667e0e15a90b76e45572a4a4abeb9d273ef1834,results/raw/zero_shot/GPT-5-Mini/PlanningPoker/run_04/independent.request.json,outputs/raw/zero_shot/GPT-5-Mini/PlanningPoker/run_04/independent.request.json
460,72d04c3c312bbe88a91e03444667e0e15a90b76e45572a4a4abeb9d273ef1834,results/raw/zero_shot/GPT-5-Mini/PlanningPoker/run_05/independent.request.json,outputs/raw/zero_shot/GPT-5-Mini/PlanningPoker/run_05/independent.request.json
461,bc497c52e214fee1ed3cc998f49576f1e0af96f6b49f07a60201f24a820f9993,results/raw/zero_shot/GPT-5-Mini/PlanningPoker/run_01/minimal.request.json,outputs/raw/zero_shot/GPT-5-Mini/PlanningPoker/run_01/minimal.request.json
461,bc497c52e214fee1ed3cc998f49576f1e0af96f6b49f07a60201f24a820f9993,results/raw/zero_shot/GPT-5-Mini/PlanningPoker/run_02/minimal.request.json,outputs/raw/zero_shot/GPT-5-Mini/PlanningPoker/run_02/minimal.request.json
461,bc497c52e214fee1ed3cc998f49576f1e0af96f6b49f07a60201f24a820f9993,results/raw/zero_shot/GPT-5-Mini/PlanningPoker/run_03/minimal.request.json,outputs/raw/zero_shot/GPT-5-Mini/PlanningPoker/run_03/minimal.request.json
461,bc497c52e214fee1ed3cc998f49576f1e0af96f6b49f07a60201f24a820f9993,results/raw/zero_shot/GPT-5-Mini/PlanningPoker/run_04/minimal.request.json,outputs/raw/zero_shot/GPT-5-Mini/PlanningPoker/run_04/minimal.request.json
461,bc497c52e214fee1ed3cc998f49576f1e0af96f6b49f07a60201f24a820f9993,results/raw/zero_shot/GPT-5-Mini/PlanningPoker/run_05/minimal.request.json,outputs/raw/zero_shot/GPT-5-Mini/PlanningPoker/run_05/minimal.request.json
462,f64c5695977b99860680d5b6fa435d1d1ddf346cebb1e0daf90dfde75645e2a8,results/raw/zero_shot/GPT-5-Mini/PlanningPoker/run_01/problem_oriented.request.json,outputs/raw/zero_shot/GPT-5-Mini/PlanningPoker/run_01/problem_oriented.request.json
462,f64c5695977b99860680d5b6fa435d1d1ddf346cebb1e0daf90dfde75645e2a8,results/raw/zero_shot/GPT-5-Mini/PlanningPoker/run_02/problem_oriented.request.json,outputs/raw/zero_shot/GPT-5-Mini/PlanningPoker/run_02/problem_oriented.request.json
462,f64c5695977b99860680d5b6fa435d1d1ddf346cebb1e0daf90dfde75645e2a8,results/raw/zero_shot/GPT-5-Mini/PlanningPoker/run_03/problem_oriented.request.json,outputs/raw/zero_shot/GPT-5-Mini/PlanningPoker/run_03/problem_oriented.request.json
462,f64c5695977b99860680d5b6fa435d1d1ddf346cebb1e0daf90dfde75645e2a8,results/raw/zero_shot/GPT-5-Mini/PlanningPoker/run_04/problem_oriented.request.json,outputs/raw/zero_shot/GPT-5-Mini/PlanningPoker/run_04/problem_oriented.request.json
462,f64c5695977b99860680d5b6fa435d1d1ddf346cebb1e0daf90dfde75645e2a8,results/raw/zero_shot/GPT-5-Mini/PlanningPoker/run_05/problem_oriented.request.json,outputs/raw/zero_shot/GPT-5-Mini/PlanningPoker/run_05/problem_oriented.request.json
463,e0cc00f1c43d41dc8509bb202d099d5da5e5534a5dfe4390316edfb45485a989,results/raw/zero_shot/GPT-5-Mini/PlanningPoker/run_01/unambiguous.request.json,outputs/raw/zero_shot/GPT-5-Mini/PlanningPoker/run_01/unambiguous.request.json
463,e0cc00f1c43d41dc8509bb202d099d5da5e5534a5dfe4390316edfb45485a989,results/raw/zero_shot/GPT-5-Mini/PlanningPoker/run_02/unambiguous.request.json,outputs/raw/zero_shot/GPT-5-Mini/PlanningPoker/run_02/unambiguous.request.json
463,e0cc00f1c43d41dc8509bb202d099d5da5e5534a5dfe4390316edfb45485a989,results/raw/zero_shot/GPT-5-Mini/PlanningPoker/run_03/unambiguous.request.json,outputs/raw/zero_shot/GPT-5-Mini/PlanningPoker/run_03/unambiguous.request.json
463,e0cc00f1c43d41dc8509bb202d099d5da5e5534a5dfe4390316edfb45485a989,results/raw/zero_shot/GPT-5-Mini/PlanningPoker/run_04/unambiguous.request.json,outputs/raw/zero_shot/GPT-5-Mini/PlanningPoker/run_04/unambiguous.request.json
463,e0cc00f1c43d41dc8509bb202d099d5da5e5534a5dfe4390316edfb45485a989,results/raw/zero_shot/GPT-5-Mini/PlanningPoker/run_05/unambiguous.request.json,outputs/raw/zero_shot/GPT-5-Mini/PlanningPoker/run_05/unambiguous.request.json
464,52e058cd24fdf8655f93ccac35fa1ca3555ac1dc141dc702c7ca90f5d4ce3569,results/raw/zero_shot/GPT-5-Mini/PlanningPoker/run_01/uniform.request.json,outputs/raw/zero_shot/GPT-5-Mini/PlanningPoker/run_01/uniform.request.json
464,52e058cd24fdf8655f93ccac35fa1ca3555ac1dc141dc702c7ca90f5d4ce3569,results/raw/zero_shot/GPT-5-Mini/PlanningPoker/run_02/uniform.request.json,outputs/raw/zero_shot/GPT-5-Mini/PlanningPoker/run_02/uniform.request.json
464,52e058cd24fdf8655f93ccac35fa1ca3555ac1dc141dc702c7ca90f5d4ce3569,results/raw/zero_shot/GPT-5-Mini/PlanningPoker/run_03/uniform.request.json,outputs/raw/zero_shot/GPT-5-Mini/PlanningPoker/run_03/uniform.request.json
464,52e058cd24fdf8655f93ccac35fa1ca3555ac1dc141dc702c7ca90f5d4ce3569,results/raw/zero_shot/GPT-5-Mini/PlanningPoker/run_04/uniform.request.json,outputs/raw/zero_shot/GPT-5-Mini/PlanningPoker/run_04/uniform.request.json
464,52e058cd24fdf8655f93ccac35fa1ca3555ac1dc141dc702c7ca90f5d4ce3569,results/raw/zero_shot/GPT-5-Mini/PlanningPoker/run_05/uniform.request.json,outputs/raw/zero_shot/GPT-5-Mini/PlanningPoker/run_05/uniform.request.json
465,e720aabd22cd3045b119a44ab42183a5fdef268886625afcb341be013b39cbaf,results/raw/zero_shot/GPT-5-Mini/PlanningPoker/run_01/unique.request.json,outputs/raw/zero_shot/GPT-5-Mini/PlanningPoker/run_01/unique.request.json
465,e720aabd22cd3045b119a44ab42183a5fdef268886625afcb341be013b39cbaf,results/raw/zero_shot/GPT-5-Mini/PlanningPoker/run_02/unique.request.json,outputs/raw/zero_shot/GPT-5-Mini/PlanningPoker/run_02/unique.request.json
465,e720aabd22cd3045b119a44ab42183a5fdef268886625afcb341be013b39cbaf,results/raw/zero_shot/GPT-5-Mini/PlanningPoker/run_03/unique.request.json,outputs/raw/zero_shot/GPT-5-Mini/PlanningPoker/run_03/unique.request.json
465,e720aabd22cd3045b119a44ab42183a5fdef268886625afcb341be013b39cbaf,results/raw/zero_shot/GPT-5-Mini/PlanningPoker/run_04/unique.request.json,outputs/raw/zero_shot/GPT-5-Mini/PlanningPoker/run_04/unique.request.json
465,e720aabd22cd3045b119a44ab42183a5fdef268886625afcb341be013b39cbaf,results/raw/zero_shot/GPT-5-Mini/PlanningPoker/run_05/unique.request.json,outputs/raw/zero_shot/GPT-5-Mini/PlanningPoker/run_05/unique.request.json
466,35519ade7dde76bfa1cf15cab76099e596ae5fa1f16b55696ecd0cdfa7519284,results/raw/zero_shot/GPT-5-Mini/PlanningPoker/run_01/well_formed.request.json,outputs/raw/zero_shot/GPT-5-Mini/PlanningPoker/run_01/well_formed.request.json
466,35519ade7dde76bfa1cf15cab76099e596ae5fa1f16b55696ecd0cdfa7519284,results/raw/zero_shot/GPT-5-Mini/PlanningPoker/run_02/well_formed.request.json,outputs/raw/zero_shot/GPT-5-Mini/PlanningPoker/run_02/well_formed.request.json
466,35519ade7dde76bfa1cf15cab76099e596ae5fa1f16b55696ecd0cdfa7519284,results/raw/zero_shot/GPT-5-Mini/PlanningPoker/run_03/well_formed.request.json,outputs/raw/zero_shot/GPT-5-Mini/PlanningPoker/run_03/well_formed.request.json
466,35519ade7dde76bfa1cf15cab76099e596ae5fa1f16b55696ecd0cdfa7519284,results/raw/zero_shot/GPT-5-Mini/PlanningPoker/run_04/well_formed.request.json,outputs/raw/zero_shot/GPT-5-Mini/PlanningPoker/run_04/well_formed.request.json
466,35519ade7dde76bfa1cf15cab76099e596ae5fa1f16b55696ecd0cdfa7519284,results/raw/zero_shot/GPT-5-Mini/PlanningPoker/run_05/well_formed.request.json,outputs/raw/zero_shot/GPT-5-Mini/PlanningPoker/run_05/well_formed.request.json
467,fbf37a46649b33863bec17ebcf1ee6263cac6c2bb15b81555edaf6ce9ac6a4e3,results/raw/zero_shot/GPT-5-Mini/Zooniverse/run_01/atomic.request.json,outputs/raw/zero_shot/GPT-5-Mini/Zooniverse/run_01/atomic.request.json
467,fbf37a46649b33863bec17ebcf1ee6263cac6c2bb15b81555edaf6ce9ac6a4e3,results/raw/zero_shot/GPT-5-Mini/Zooniverse/run_02/atomic.request.json,outputs/raw/zero_shot/GPT-5-Mini/Zooniverse/run_02/atomic.request.json
467,fbf37a46649b33863bec17ebcf1ee6263cac6c2bb15b81555edaf6ce9ac6a4e3,results/raw/zero_shot/GPT-5-Mini/Zooniverse/run_03/atomic.request.json,outputs/raw/zero_shot/GPT-5-Mini/Zooniverse/run_03/atomic.request.json
467,fbf37a46649b33863bec17ebcf1ee6263cac6c2bb15b81555edaf6ce9ac6a4e3,results/raw/zero_shot/GPT-5-Mini/Zooniverse/run_04/atomic.request.json,outputs/raw/zero_shot/GPT-5-Mini/Zooniverse/run_04/atomic.request.json
467,fbf37a46649b33863bec17ebcf1ee6263cac6c2bb15b81555edaf6ce9ac6a4e3,results/raw/zero_shot/GPT-5-Mini/Zooniverse/run_05/atomic.request.json,outputs/raw/zero_shot/GPT-5-Mini/Zooniverse/run_05/atomic.request.json
468,36771b07d42ecfb64825105f4ad28d76126ceef1e3213af3d3b64d410f0fdfaf,results/raw/zero_shot/GPT-5-Mini/Zooniverse/run_01/complete.request.json,outputs/raw/zero_shot/GPT-5-Mini/Zooniverse/run_01/complete.request.json
468,36771b07d42ecfb64825105f4ad28d76126ceef1e3213af3d3b64d410f0fdfaf,results/raw/zero_shot/GPT-5-Mini/Zooniverse/run_02/complete.request.json,outputs/raw/zero_shot/GPT-5-Mini/Zooniverse/run_02/complete.request.json
468,36771b07d42ecfb64825105f4ad28d76126ceef1e3213af3d3b64d410f0fdfaf,results/raw/zero_shot/GPT-5-Mini/Zooniverse/run_03/complete.request.json,outputs/raw/zero_shot/GPT-5-Mini/Zooniverse/run_03/complete.request.json
468,36771b07d42ecfb64825105f4ad28d76126ceef1e3213af3d3b64d410f0fdfaf,results/raw/zero_shot/GPT-5-Mini/Zooniverse/run_04/complete.request.json,outputs/raw/zero_shot/GPT-5-Mini/Zooniverse/run_04/complete.request.json
468,36771b07d42ecfb64825105f4ad28d76126ceef1e3213af3d3b64d410f0fdfaf,results/raw/zero_shot/GPT-5-Mini/Zooniverse/run_05/complete.request.json,outputs/raw/zero_shot/GPT-5-Mini/Zooniverse/run_05/complete.request.json
469,a60117f3822684badb2142ad804ab6096daa1a94602cb3489d869e6332d29b23,results/raw/zero_shot/GPT-5-Mini/Zooniverse/run_01/conceptually_sound.request.json,outputs/raw/zero_shot/GPT-5-Mini/Zooniverse/run_01/conceptually_sound.request.json
469,a60117f3822684badb2142ad804ab6096daa1a94602cb3489d869e6332d29b23,results/raw/zero_shot/GPT-5-Mini/Zooniverse/run_02/conceptually_sound.request.json,outputs/raw/zero_shot/GPT-5-Mini/Zooniverse/run_02/conceptually_sound.request.json
469,a60117f3822684badb2142ad804ab6096daa1a94602cb3489d869e6332d29b23,results/raw/zero_shot/GPT-5-Mini/Zooniverse/run_03/conceptually_sound.request.json,outputs/raw/zero_shot/GPT-5-Mini/Zooniverse/run_03/conceptually_sound.request.json
469,a60117f3822684badb2142ad804ab6096daa1a94602cb3489d869e6332d29b23,results/raw/zero_shot/GPT-5-Mini/Zooniverse/run_04/conceptually_sound.request.json,outputs/raw/zero_shot/GPT-5-Mini/Zooniverse/run_04/conceptually_sound.request.json
469,a60117f3822684badb2142ad804ab6096daa1a94602cb3489d869e6332d29b23,results/raw/zero_shot/GPT-5-Mini/Zooniverse/run_05/conceptually_sound.request.json,outputs/raw/zero_shot/GPT-5-Mini/Zooniverse/run_05/conceptually_sound.request.json
470,afae355dcec11836a01917e8fe88733657aa732585ecec7fc82df54654b48900,results/raw/zero_shot/GPT-5-Mini/Zooniverse/run_01/conflict_free.request.json,outputs/raw/zero_shot/GPT-5-Mini/Zooniverse/run_01/conflict_free.request.json
470,afae355dcec11836a01917e8fe88733657aa732585ecec7fc82df54654b48900,results/raw/zero_shot/GPT-5-Mini/Zooniverse/run_02/conflict_free.request.json,outputs/raw/zero_shot/GPT-5-Mini/Zooniverse/run_02/conflict_free.request.json
470,afae355dcec11836a01917e8fe88733657aa732585ecec7fc82df54654b48900,results/raw/zero_shot/GPT-5-Mini/Zooniverse/run_03/conflict_free.request.json,outputs/raw/zero_shot/GPT-5-Mini/Zooniverse/run_03/conflict_free.request.json
470,afae355dcec11836a01917e8fe88733657aa732585ecec7fc82df54654b48900,results/raw/zero_shot/GPT-5-Mini/Zooniverse/run_04/conflict_free.request.json,outputs/raw/zero_shot/GPT-5-Mini/Zooniverse/run_04/conflict_free.request.json
470,afae355dcec11836a01917e8fe88733657aa732585ecec7fc82df54654b48900,results/raw/zero_shot/GPT-5-Mini/Zooniverse/run_05/conflict_free.request.json,outputs/raw/zero_shot/GPT-5-Mini/Zooniverse/run_05/conflict_free.request.json
471,c787aa2b424d36f9eecaf552b35cd7bf2f00aff6b35886a0421a5a92e7940989,results/raw/zero_shot/GPT-5-Mini/Zooniverse/run_01/estimatable.request.json,outputs/raw/zero_shot/GPT-5-Mini/Zooniverse/run_01/estimatable.request.json
471,c787aa2b424d36f9eecaf552b35cd7bf2f00aff6b35886a0421a5a92e7940989,results/raw/zero_shot/GPT-5-Mini/Zooniverse/run_02/estimatable.request.json,outputs/raw/zero_shot/GPT-5-Mini/Zooniverse/run_02/estimatable.request.json
471,c787aa2b424d36f9eecaf552b35cd7bf2f00aff6b35886a0421a5a92e7940989,results/raw/zero_shot/GPT-5-Mini/Zooniverse/run_03/estimatable.request.json,outputs/raw/zero_shot/GPT-5-Mini/Zooniverse/run_03/estimatable.request.json
471,c787aa2b424d36f9eecaf552b35cd7bf2f00aff6b35886a0421a5a92e7940989,results/raw/zero_shot/GPT-5-Mini/Zooniverse/run_04/estimatable.request.json,outputs/raw/zero_shot/GPT-5-Mini/Zooniverse/run_04/estimatable.request.json
471,c787aa2b424d36f9eecaf552b35cd7bf2f00aff6b35886a0421a5a92e7940989,results/raw/zero_shot/GPT-5-Mini/Zooniverse/run_05/estimatable.request.json,outputs/raw/zero_shot/GPT-5-Mini/Zooniverse/run_05/estimatable.request.json
472,ce873e7592f8d1db1067d521c817bb9f87447d0f23189c7e5e62eb19fa562959,results/raw/zero_shot/GPT-5-Mini/Zooniverse/run_01/full_sentence.request.json,outputs/raw/zero_shot/GPT-5-Mini/Zooniverse/run_01/full_sentence.request.json
472,ce873e7592f8d1db1067d521c817bb9f87447d0f23189c7e5e62eb19fa562959,results/raw/zero_shot/GPT-5-Mini/Zooniverse/run_02/full_sentence.request.json,outputs/raw/zero_shot/GPT-5-Mini/Zooniverse/run_02/full_sentence.request.json
472,ce873e7592f8d1db1067d521c817bb9f87447d0f23189c7e5e62eb19fa562959,results/raw/zero_shot/GPT-5-Mini/Zooniverse/run_03/full_sentence.request.json,outputs/raw/zero_shot/GPT-5-Mini/Zooniverse/run_03/full_sentence.request.json
472,ce873e7592f8d1db1067d521c817bb9f87447d0f23189c7e5e62eb19fa562959,results/raw/zero_shot/GPT-5-Mini/Zooniverse/run_04/full_sentence.request.json,outputs/raw/zero_shot/GPT-5-Mini/Zooniverse/run_04/full_sentence.request.json
472,ce873e7592f8d1db1067d521c817bb9f87447d0f23189c7e5e62eb19fa562959,results/raw/zero_shot/GPT-5-Mini/Zooniverse/run_05/full_sentence.request.json,outputs/raw/zero_shot/GPT-5-Mini/Zooniverse/run_05/full_sentence.request.json
473,1ba8376e34c5fa318e3131ac4bf5f5337edd4a64957f3fb6e677b2cf05cec46c,results/raw/zero_shot/GPT-5-Mini/Zooniverse/run_01/independent.request.json,outputs/raw/zero_shot/GPT-5-Mini/Zooniverse/run_01/independent.request.json
473,1ba8376e34c5fa318e3131ac4bf5f5337edd4a64957f3fb6e677b2cf05cec46c,results/raw/zero_shot/GPT-5-Mini/Zooniverse/run_02/independent.request.json,outputs/raw/zero_shot/GPT-5-Mini/Zooniverse/run_02/independent.request.json
473,1ba8376e34c5fa318e3131ac4bf5f5337edd4a64957f3fb6e677b2cf05cec46c,results/raw/zero_shot/GPT-5-Mini/Zooniverse/run_03/independent.request.json,outputs/raw/zero_shot/GPT-5-Mini/Zooniverse/run_03/independent.request.json
473,1ba8376e34c5fa318e3131ac4bf5f5337edd4a64957f3fb6e677b2cf05cec46c,results/raw/zero_shot/GPT-5-Mini/Zooniverse/run_04/independent.request.json,outputs/raw/zero_shot/GPT-5-Mini/Zooniverse/run_04/independent.request.json
473,1ba8376e34c5fa318e3131ac4bf5f5337edd4a64957f3fb6e677b2cf05cec46c,results/raw/zero_shot/GPT-5-Mini/Zooniverse/run_05/independent.request.json,outputs/raw/zero_shot/GPT-5-Mini/Zooniverse/run_05/independent.request.json
474,613643ee0591c0b8759bf3562adb232c32dc5b3b2faf67513533966a9e48ce65,results/raw/zero_shot/GPT-5-Mini/Zooniverse/run_01/minimal.request.json,outputs/raw/zero_shot/GPT-5-Mini/Zooniverse/run_01/minimal.request.json
474,613643ee0591c0b8759bf3562adb232c32dc5b3b2faf67513533966a9e48ce65,results/raw/zero_shot/GPT-5-Mini/Zooniverse/run_02/minimal.request.json,outputs/raw/zero_shot/GPT-5-Mini/Zooniverse/run_02/minimal.request.json
474,613643ee0591c0b8759bf3562adb232c32dc5b3b2faf67513533966a9e48ce65,results/raw/zero_shot/GPT-5-Mini/Zooniverse/run_03/minimal.request.json,outputs/raw/zero_shot/GPT-5-Mini/Zooniverse/run_03/minimal.request.json
474,613643ee0591c0b8759bf3562adb232c32dc5b3b2faf67513533966a9e48ce65,results/raw/zero_shot/GPT-5-Mini/Zooniverse/run_04/minimal.request.json,outputs/raw/zero_shot/GPT-5-Mini/Zooniverse/run_04/minimal.request.json
474,613643ee0591c0b8759bf3562adb232c32dc5b3b2faf67513533966a9e48ce65,results/raw/zero_shot/GPT-5-Mini/Zooniverse/run_05/minimal.request.json,outputs/raw/zero_shot/GPT-5-Mini/Zooniverse/run_05/minimal.request.json
475,d8f04e9240a5ffb33b09818be038f6a89b6e52cf4a740a68b5107e506e52711c,results/raw/zero_shot/GPT-5-Mini/Zooniverse/run_01/problem_oriented.request.json,outputs/raw/zero_shot/GPT-5-Mini/Zooniverse/run_01/problem_oriented.request.json
475,d8f04e9240a5ffb33b09818be038f6a89b6e52cf4a740a68b5107e506e52711c,results/raw/zero_shot/GPT-5-Mini/Zooniverse/run_02/problem_oriented.request.json,outputs/raw/zero_shot/GPT-5-Mini/Zooniverse/run_02/problem_oriented.request.json
475,d8f04e9240a5ffb33b09818be038f6a89b6e52cf4a740a68b5107e506e52711c,results/raw/zero_shot/GPT-5-Mini/Zooniverse/run_03/problem_oriented.request.json,outputs/raw/zero_shot/GPT-5-Mini/Zooniverse/run_03/problem_oriented.request.json
475,d8f04e9240a5ffb33b09818be038f6a89b6e52cf4a740a68b5107e506e52711c,results/raw/zero_shot/GPT-5-Mini/Zooniverse/run_04/problem_oriented.request.json,outputs/raw/zero_shot/GPT-5-Mini/Zooniverse/run_04/problem_oriented.request.json
475,d8f04e9240a5ffb33b09818be038f6a89b6e52cf4a740a68b5107e506e52711c,results/raw/zero_shot/GPT-5-Mini/Zooniverse/run_05/problem_oriented.request.json,outputs/raw/zero_shot/GPT-5-Mini/Zooniverse/run_05/problem_oriented.request.json
476,50e7b851232b13db4b89caccf64e7b1f945157ce07402f27d302a06189b26b0f,results/raw/zero_shot/GPT-5-Mini/Zooniverse/run_01/unambiguous.request.json,outputs/raw/zero_shot/GPT-5-Mini/Zooniverse/run_01/unambiguous.request.json
476,50e7b851232b13db4b89caccf64e7b1f945157ce07402f27d302a06189b26b0f,results/raw/zero_shot/GPT-5-Mini/Zooniverse/run_02/unambiguous.request.json,outputs/raw/zero_shot/GPT-5-Mini/Zooniverse/run_02/unambiguous.request.json
476,50e7b851232b13db4b89caccf64e7b1f945157ce07402f27d302a06189b26b0f,results/raw/zero_shot/GPT-5-Mini/Zooniverse/run_03/unambiguous.request.json,outputs/raw/zero_shot/GPT-5-Mini/Zooniverse/run_03/unambiguous.request.json
476,50e7b851232b13db4b89caccf64e7b1f945157ce07402f27d302a06189b26b0f,results/raw/zero_shot/GPT-5-Mini/Zooniverse/run_04/unambiguous.request.json,outputs/raw/zero_shot/GPT-5-Mini/Zooniverse/run_04/unambiguous.request.json
476,50e7b851232b13db4b89caccf64e7b1f945157ce07402f27d302a06189b26b0f,results/raw/zero_shot/GPT-5-Mini/Zooniverse/run_05/unambiguous.request.json,outputs/raw/zero_shot/GPT-5-Mini/Zooniverse/run_05/unambiguous.request.json
477,3bc78c773116500c99d27ee1e9ff5cfd5f0c78283bc4a4780468a787a2406551,results/raw/zero_shot/GPT-5-Mini/Zooniverse/run_01/uniform.request.json,outputs/raw/zero_shot/GPT-5-Mini/Zooniverse/run_01/uniform.request.json
477,3bc78c773116500c99d27ee1e9ff5cfd5f0c78283bc4a4780468a787a2406551,results/raw/zero_shot/GPT-5-Mini/Zooniverse/run_02/uniform.request.json,outputs/raw/zero_shot/GPT-5-Mini/Zooniverse/run_02/uniform.request.json
477,3bc78c773116500c99d27ee1e9ff5cfd5f0c78283bc4a4780468a787a2406551,results/raw/zero_shot/GPT-5-Mini/Zooniverse/run_03/uniform.request.json,outputs/raw/zero_shot/GPT-5-Mini/Zooniverse/run_03/uniform.request.json
477,3bc78c773116500c99d27ee1e9ff5cfd5f0c78283bc4a4780468a787a2406551,results/raw/zero_shot/GPT-5-Mini/Zooniverse/run_04/uniform.request.json,outputs/raw/zero_shot/GPT-5-Mini/Zooniverse/run_04/uniform.request.json
477,3bc78c773116500c99d27ee1e9ff5cfd5f0c78283bc4a4780468a787a2406551,results/raw/zero_shot/GPT-5-Mini/Zooniverse/run_05/uniform.request.json,outputs/raw/zero_shot/GPT-5-Mini/Zooniverse/run_05/uniform.request.json
478,ab3a94e3b8237e5eb172e54acd333ed18d9f12ae782b8da421f641c54edec18b,results/raw/zero_shot/GPT-5-Mini/Zooniverse/run_01/unique.request.json,outputs/raw/zero_shot/GPT-5-Mini/Zooniverse/run_01/unique.request.json
478,ab3a94e3b8237e5eb172e54acd333ed18d9f12ae782b8da421f641c54edec18b,results/raw/zero_shot/GPT-5-Mini/Zooniverse/run_02/unique.request.json,outputs/raw/zero_shot/GPT-5-Mini/Zooniverse/run_02/unique.request.json
478,ab3a94e3b8237e5eb172e54acd333ed18d9f12ae782b8da421f641c54edec18b,results/raw/zero_shot/GPT-5-Mini/Zooniverse/run_03/unique.request.json,outputs/raw/zero_shot/GPT-5-Mini/Zooniverse/run_03/unique.request.json
478,ab3a94e3b8237e5eb172e54acd333ed18d9f12ae782b8da421f641c54edec18b,results/raw/zero_shot/GPT-5-Mini/Zooniverse/run_04/unique.request.json,outputs/raw/zero_shot/GPT-5-Mini/Zooniverse/run_04/unique.request.json
478,ab3a94e3b8237e5eb172e54acd333ed18d9f12ae782b8da421f641c54edec18b,results/raw/zero_shot/GPT-5-Mini/Zooniverse/run_05/unique.request.json,outputs/raw/zero_shot/GPT-5-Mini/Zooniverse/run_05/unique.request.json
479,5db5a003bd6da3850cba8d6f26bf8082b7487fbf86503616593e6d31ee197349,results/raw/zero_shot/GPT-5-Mini/Zooniverse/run_01/well_formed.request.json,outputs/raw/zero_shot/GPT-5-Mini/Zooniverse/run_01/well_formed.request.json
479,5db5a003bd6da3850cba8d6f26bf8082b7487fbf86503616593e6d31ee197349,results/raw/zero_shot/GPT-5-Mini/Zooniverse/run_02/well_formed.request.json,outputs/raw/zero_shot/GPT-5-Mini/Zooniverse/run_02/well_formed.request.json
479,5db5a003bd6da3850cba8d6f26bf8082b7487fbf86503616593e6d31ee197349,results/raw/zero_shot/GPT-5-Mini/Zooniverse/run_03/well_formed.request.json,outputs/raw/zero_shot/GPT-5-Mini/Zooniverse/run_03/well_formed.request.json
479,5db5a003bd6da3850cba8d6f26bf8082b7487fbf86503616593e6d31ee197349,results/raw/zero_shot/GPT-5-Mini/Zooniverse/run_04/well_formed.request.json,outputs/raw/zero_shot/GPT-5-Mini/Zooniverse/run_04/well_formed.request.json
479,5db5a003bd6da3850cba8d6f26bf8082b7487fbf86503616593e6d31ee197349,results/raw/zero_shot/GPT-5-Mini/Zooniverse/run_05/well_formed.request.json,outputs/raw/zero_shot/GPT-5-Mini/Zooniverse/run_05/well_formed.request.json
480,bcce9a282c769579d4422e29571ed9167d302f87e15bc4307895c1d3db2a92f5,results/raw/zero_shot/Gemini-3.1-Pro-Preview/BADCamp/run_01/atomic.request.json,outputs/raw/zero_shot/Gemini-3.1-Pro-Preview/BADCamp/run_01/atomic.request.json
480,bcce9a282c769579d4422e29571ed9167d302f87e15bc4307895c1d3db2a92f5,results/raw/zero_shot/Gemini-3.1-Pro-Preview/BADCamp/run_02/atomic.request.json,outputs/raw/zero_shot/Gemini-3.1-Pro-Preview/BADCamp/run_02/atomic.request.json
480,bcce9a282c769579d4422e29571ed9167d302f87e15bc4307895c1d3db2a92f5,results/raw/zero_shot/Gemini-3.1-Pro-Preview/BADCamp/run_03/atomic.request.json,outputs/raw/zero_shot/Gemini-3.1-Pro-Preview/BADCamp/run_03/atomic.request.json
480,bcce9a282c769579d4422e29571ed9167d302f87e15bc4307895c1d3db2a92f5,results/raw/zero_shot/Gemini-3.1-Pro-Preview/BADCamp/run_04/atomic.request.json,outputs/raw/zero_shot/Gemini-3.1-Pro-Preview/BADCamp/run_04/atomic.request.json
480,bcce9a282c769579d4422e29571ed9167d302f87e15bc4307895c1d3db2a92f5,results/raw/zero_shot/Gemini-3.1-Pro-Preview/BADCamp/run_05/atomic.request.json,outputs/raw/zero_shot/Gemini-3.1-Pro-Preview/BADCamp/run_05/atomic.request.json
481,ce0f5cf1545801c0ae836640992be7c54e6b442036f4aea9935dd1229cb0885b,results/raw/zero_shot/Gemini-3.1-Pro-Preview/BADCamp/run_01/complete.request.json,outputs/raw/zero_shot/Gemini-3.1-Pro-Preview/BADCamp/run_01/complete.request.json
481,ce0f5cf1545801c0ae836640992be7c54e6b442036f4aea9935dd1229cb0885b,results/raw/zero_shot/Gemini-3.1-Pro-Preview/BADCamp/run_02/complete.request.json,outputs/raw/zero_shot/Gemini-3.1-Pro-Preview/BADCamp/run_02/complete.request.json
481,ce0f5cf1545801c0ae836640992be7c54e6b442036f4aea9935dd1229cb0885b,results/raw/zero_shot/Gemini-3.1-Pro-Preview/BADCamp/run_03/complete.request.json,outputs/raw/zero_shot/Gemini-3.1-Pro-Preview/BADCamp/run_03/complete.request.json
481,ce0f5cf1545801c0ae836640992be7c54e6b442036f4aea9935dd1229cb0885b,results/raw/zero_shot/Gemini-3.1-Pro-Preview/BADCamp/run_04/complete.request.json,outputs/raw/zero_shot/Gemini-3.1-Pro-Preview/BADCamp/run_04/complete.request.json
481,ce0f5cf1545801c0ae836640992be7c54e6b442036f4aea9935dd1229cb0885b,results/raw/zero_shot/Gemini-3.1-Pro-Preview/BADCamp/run_05/complete.request.json,outputs/raw/zero_shot/Gemini-3.1-Pro-Preview/BADCamp/run_05/complete.request.json
482,2560938151177fd5c5bb28604cf31a5f45588842b5f7d5b3c64a0b8c6d96ae2a,results/raw/zero_shot/Gemini-3.1-Pro-Preview/BADCamp/run_01/conceptually_sound.request.json,outputs/raw/zero_shot/Gemini-3.1-Pro-Preview/BADCamp/run_01/conceptually_sound.request.json
482,2560938151177fd5c5bb28604cf31a5f45588842b5f7d5b3c64a0b8c6d96ae2a,results/raw/zero_shot/Gemini-3.1-Pro-Preview/BADCamp/run_02/conceptually_sound.request.json,outputs/raw/zero_shot/Gemini-3.1-Pro-Preview/BADCamp/run_02/conceptually_sound.request.json
482,2560938151177fd5c5bb28604cf31a5f45588842b5f7d5b3c64a0b8c6d96ae2a,results/raw/zero_shot/Gemini-3.1-Pro-Preview/BADCamp/run_03/conceptually_sound.request.json,outputs/raw/zero_shot/Gemini-3.1-Pro-Preview/BADCamp/run_03/conceptually_sound.request.json
482,2560938151177fd5c5bb28604cf31a5f45588842b5f7d5b3c64a0b8c6d96ae2a,results/raw/zero_shot/Gemini-3.1-Pro-Preview/BADCamp/run_04/conceptually_sound.request.json,outputs/raw/zero_shot/Gemini-3.1-Pro-Preview/BADCamp/run_04/conceptually_sound.request.json
482,2560938151177fd5c5bb28604cf31a5f45588842b5f7d5b3c64a0b8c6d96ae2a,results/raw/zero_shot/Gemini-3.1-Pro-Preview/BADCamp/run_05/conceptually_sound.request.json,outputs/raw/zero_shot/Gemini-3.1-Pro-Preview/BADCamp/run_05/conceptually_sound.request.json
483,79e725a88690148c1fbf57c9a34db44abf43bc897e886ec134a94dab2bfedec6,results/raw/zero_shot/Gemini-3.1-Pro-Preview/BADCamp/run_01/conflict_free.request.json,outputs/raw/zero_shot/Gemini-3.1-Pro-Preview/BADCamp/run_01/conflict_free.request.json
483,79e725a88690148c1fbf57c9a34db44abf43bc897e886ec134a94dab2bfedec6,results/raw/zero_shot/Gemini-3.1-Pro-Preview/BADCamp/run_02/conflict_free.request.json,outputs/raw/zero_shot/Gemini-3.1-Pro-Preview/BADCamp/run_02/conflict_free.request.json
483,79e725a88690148c1fbf57c9a34db44abf43bc897e886ec134a94dab2bfedec6,results/raw/zero_shot/Gemini-3.1-Pro-Preview/BADCamp/run_03/conflict_free.request.json,outputs/raw/zero_shot/Gemini-3.1-Pro-Preview/BADCamp/run_03/conflict_free.request.json
483,79e725a88690148c1fbf57c9a34db44abf43bc897e886ec134a94dab2bfedec6,results/raw/zero_shot/Gemini-3.1-Pro-Preview/BADCamp/run_04/conflict_free.request.json,outputs/raw/zero_shot/Gemini-3.1-Pro-Preview/BADCamp/run_04/conflict_free.request.json
483,79e725a88690148c1fbf57c9a34db44abf43bc897e886ec134a94dab2bfedec6,results/raw/zero_shot/Gemini-3.1-Pro-Preview/BADCamp/run_05/conflict_free.request.json,outputs/raw/zero_shot/Gemini-3.1-Pro-Preview/BADCamp/run_05/conflict_free.request.json
484,34967e018288cdc6fe8be03ac7fa2a2cfebc279998652dc266bd300be7dc0136,results/raw/zero_shot/Gemini-3.1-Pro-Preview/BADCamp/run_01/estimatable.request.json,outputs/raw/zero_shot/Gemini-3.1-Pro-Preview/BADCamp/run_01/estimatable.request.json
484,34967e018288cdc6fe8be03ac7fa2a2cfebc279998652dc266bd300be7dc0136,results/raw/zero_shot/Gemini-3.1-Pro-Preview/BADCamp/run_02/estimatable.request.json,outputs/raw/zero_shot/Gemini-3.1-Pro-Preview/BADCamp/run_02/estimatable.request.json
484,34967e018288cdc6fe8be03ac7fa2a2cfebc279998652dc266bd300be7dc0136,results/raw/zero_shot/Gemini-3.1-Pro-Preview/BADCamp/run_03/estimatable.request.json,outputs/raw/zero_shot/Gemini-3.1-Pro-Preview/BADCamp/run_03/estimatable.request.json
484,34967e018288cdc6fe8be03ac7fa2a2cfebc279998652dc266bd300be7dc0136,results/raw/zero_shot/Gemini-3.1-Pro-Preview/BADCamp/run_04/estimatable.request.json,outputs/raw/zero_shot/Gemini-3.1-Pro-Preview/BADCamp/run_04/estimatable.request.json
484,34967e018288cdc6fe8be03ac7fa2a2cfebc279998652dc266bd300be7dc0136,results/raw/zero_shot/Gemini-3.1-Pro-Preview/BADCamp/run_05/estimatable.request.json,outputs/raw/zero_shot/Gemini-3.1-Pro-Preview/BADCamp/run_05/estimatable.request.json
485,1c70c2ef69bb73d22cb3f8c644d7e51ffacf73ac5bdf460ea0d151a43c0088b0,results/raw/zero_shot/Gemini-3.1-Pro-Preview/BADCamp/run_01/full_sentence.request.json,outputs/raw/zero_shot/Gemini-3.1-Pro-Preview/BADCamp/run_01/full_sentence.request.json
485,1c70c2ef69bb73d22cb3f8c644d7e51ffacf73ac5bdf460ea0d151a43c0088b0,results/raw/zero_shot/Gemini-3.1-Pro-Preview/BADCamp/run_02/full_sentence.request.json,outputs/raw/zero_shot/Gemini-3.1-Pro-Preview/BADCamp/run_02/full_sentence.request.json
485,1c70c2ef69bb73d22cb3f8c644d7e51ffacf73ac5bdf460ea0d151a43c0088b0,results/raw/zero_shot/Gemini-3.1-Pro-Preview/BADCamp/run_03/full_sentence.request.json,outputs/raw/zero_shot/Gemini-3.1-Pro-Preview/BADCamp/run_03/full_sentence.request.json
485,1c70c2ef69bb73d22cb3f8c644d7e51ffacf73ac5bdf460ea0d151a43c0088b0,results/raw/zero_shot/Gemini-3.1-Pro-Preview/BADCamp/run_04/full_sentence.request.json,outputs/raw/zero_shot/Gemini-3.1-Pro-Preview/BADCamp/run_04/full_sentence.request.json
485,1c70c2ef69bb73d22cb3f8c644d7e51ffacf73ac5bdf460ea0d151a43c0088b0,results/raw/zero_shot/Gemini-3.1-Pro-Preview/BADCamp/run_05/full_sentence.request.json,outputs/raw/zero_shot/Gemini-3.1-Pro-Preview/BADCamp/run_05/full_sentence.request.json
486,c9bbb58c501e18d2d3606cb93e61653628ee7c655b08141c57e935dbc125d2ec,results/raw/zero_shot/Gemini-3.1-Pro-Preview/BADCamp/run_01/independent.request.json,outputs/raw/zero_shot/Gemini-3.1-Pro-Preview/BADCamp/run_01/independent.request.json
486,c9bbb58c501e18d2d3606cb93e61653628ee7c655b08141c57e935dbc125d2ec,results/raw/zero_shot/Gemini-3.1-Pro-Preview/BADCamp/run_02/independent.request.json,outputs/raw/zero_shot/Gemini-3.1-Pro-Preview/BADCamp/run_02/independent.request.json
486,c9bbb58c501e18d2d3606cb93e61653628ee7c655b08141c57e935dbc125d2ec,results/raw/zero_shot/Gemini-3.1-Pro-Preview/BADCamp/run_03/independent.request.json,outputs/raw/zero_shot/Gemini-3.1-Pro-Preview/BADCamp/run_03/independent.request.json
486,c9bbb58c501e18d2d3606cb93e61653628ee7c655b08141c57e935dbc125d2ec,results/raw/zero_shot/Gemini-3.1-Pro-Preview/BADCamp/run_04/independent.request.json,outputs/raw/zero_shot/Gemini-3.1-Pro-Preview/BADCamp/run_04/independent.request.json
486,c9bbb58c501e18d2d3606cb93e61653628ee7c655b08141c57e935dbc125d2ec,results/raw/zero_shot/Gemini-3.1-Pro-Preview/BADCamp/run_05/independent.request.json,outputs/raw/zero_shot/Gemini-3.1-Pro-Preview/BADCamp/run_05/independent.request.json
487,9bc4260632051c7e9d0d1db4b24974c955a59298aae42f63fa3ab62e174735a6,results/raw/zero_shot/Gemini-3.1-Pro-Preview/BADCamp/run_01/minimal.request.json,outputs/raw/zero_shot/Gemini-3.1-Pro-Preview/BADCamp/run_01/minimal.request.json
487,9bc4260632051c7e9d0d1db4b24974c955a59298aae42f63fa3ab62e174735a6,results/raw/zero_shot/Gemini-3.1-Pro-Preview/BADCamp/run_02/minimal.request.json,outputs/raw/zero_shot/Gemini-3.1-Pro-Preview/BADCamp/run_02/minimal.request.json
487,9bc4260632051c7e9d0d1db4b24974c955a59298aae42f63fa3ab62e174735a6,results/raw/zero_shot/Gemini-3.1-Pro-Preview/BADCamp/run_03/minimal.request.json,outputs/raw/zero_shot/Gemini-3.1-Pro-Preview/BADCamp/run_03/minimal.request.json
487,9bc4260632051c7e9d0d1db4b24974c955a59298aae42f63fa3ab62e174735a6,results/raw/zero_shot/Gemini-3.1-Pro-Preview/BADCamp/run_04/minimal.request.json,outputs/raw/zero_shot/Gemini-3.1-Pro-Preview/BADCamp/run_04/minimal.request.json
487,9bc4260632051c7e9d0d1db4b24974c955a59298aae42f63fa3ab62e174735a6,results/raw/zero_shot/Gemini-3.1-Pro-Preview/BADCamp/run_05/minimal.request.json,outputs/raw/zero_shot/Gemini-3.1-Pro-Preview/BADCamp/run_05/minimal.request.json
488,c6c9b7335245afe98985871a97c06eb6ce08c7512c6b7d0c27cba536f7237ffc,results/raw/zero_shot/Gemini-3.1-Pro-Preview/BADCamp/run_01/problem_oriented.request.json,outputs/raw/zero_shot/Gemini-3.1-Pro-Preview/BADCamp/run_01/problem_oriented.request.json
488,c6c9b7335245afe98985871a97c06eb6ce08c7512c6b7d0c27cba536f7237ffc,results/raw/zero_shot/Gemini-3.1-Pro-Preview/BADCamp/run_02/problem_oriented.request.json,outputs/raw/zero_shot/Gemini-3.1-Pro-Preview/BADCamp/run_02/problem_oriented.request.json
488,c6c9b7335245afe98985871a97c06eb6ce08c7512c6b7d0c27cba536f7237ffc,results/raw/zero_shot/Gemini-3.1-Pro-Preview/BADCamp/run_03/problem_oriented.request.json,outputs/raw/zero_shot/Gemini-3.1-Pro-Preview/BADCamp/run_03/problem_oriented.request.json
488,c6c9b7335245afe98985871a97c06eb6ce08c7512c6b7d0c27cba536f7237ffc,results/raw/zero_shot/Gemini-3.1-Pro-Preview/BADCamp/run_04/problem_oriented.request.json,outputs/raw/zero_shot/Gemini-3.1-Pro-Preview/BADCamp/run_04/problem_oriented.request.json
488,c6c9b7335245afe98985871a97c06eb6ce08c7512c6b7d0c27cba536f7237ffc,results/raw/zero_shot/Gemini-3.1-Pro-Preview/BADCamp/run_05/problem_oriented.request.json,outputs/raw/zero_shot/Gemini-3.1-Pro-Preview/BADCamp/run_05/problem_oriented.request.json
489,c4053c43d004eb8ec86a2fc1e6772bedf6e73e69e7b1615c5dfb3508c3d131ad,results/raw/zero_shot/Gemini-3.1-Pro-Preview/BADCamp/run_01/unambiguous.request.json,outputs/raw/zero_shot/Gemini-3.1-Pro-Preview/BADCamp/run_01/unambiguous.request.json
489,c4053c43d004eb8ec86a2fc1e6772bedf6e73e69e7b1615c5dfb3508c3d131ad,results/raw/zero_shot/Gemini-3.1-Pro-Preview/BADCamp/run_02/unambiguous.request.json,outputs/raw/zero_shot/Gemini-3.1-Pro-Preview/BADCamp/run_02/unambiguous.request.json
489,c4053c43d004eb8ec86a2fc1e6772bedf6e73e69e7b1615c5dfb3508c3d131ad,results/raw/zero_shot/Gemini-3.1-Pro-Preview/BADCamp/run_03/unambiguous.request.json,outputs/raw/zero_shot/Gemini-3.1-Pro-Preview/BADCamp/run_03/unambiguous.request.json
489,c4053c43d004eb8ec86a2fc1e6772bedf6e73e69e7b1615c5dfb3508c3d131ad,results/raw/zero_shot/Gemini-3.1-Pro-Preview/BADCamp/run_04/unambiguous.request.json,outputs/raw/zero_shot/Gemini-3.1-Pro-Preview/BADCamp/run_04/unambiguous.request.json
489,c4053c43d004eb8ec86a2fc1e6772bedf6e73e69e7b1615c5dfb3508c3d131ad,results/raw/zero_shot/Gemini-3.1-Pro-Preview/BADCamp/run_05/unambiguous.request.json,outputs/raw/zero_shot/Gemini-3.1-Pro-Preview/BADCamp/run_05/unambiguous.request.json
490,1bc7195b3daffe653162a508130c94a151201a4110d9e3fa86ede2d15b62f1ef,results/raw/zero_shot/Gemini-3.1-Pro-Preview/BADCamp/run_01/uniform.request.json,outputs/raw/zero_shot/Gemini-3.1-Pro-Preview/BADCamp/run_01/uniform.request.json
490,1bc7195b3daffe653162a508130c94a151201a4110d9e3fa86ede2d15b62f1ef,results/raw/zero_shot/Gemini-3.1-Pro-Preview/BADCamp/run_02/uniform.request.json,outputs/raw/zero_shot/Gemini-3.1-Pro-Preview/BADCamp/run_02/uniform.request.json
490,1bc7195b3daffe653162a508130c94a151201a4110d9e3fa86ede2d15b62f1ef,results/raw/zero_shot/Gemini-3.1-Pro-Preview/BADCamp/run_03/uniform.request.json,outputs/raw/zero_shot/Gemini-3.1-Pro-Preview/BADCamp/run_03/uniform.request.json
490,1bc7195b3daffe653162a508130c94a151201a4110d9e3fa86ede2d15b62f1ef,results/raw/zero_shot/Gemini-3.1-Pro-Preview/BADCamp/run_04/uniform.request.json,outputs/raw/zero_shot/Gemini-3.1-Pro-Preview/BADCamp/run_04/uniform.request.json
490,1bc7195b3daffe653162a508130c94a151201a4110d9e3fa86ede2d15b62f1ef,results/raw/zero_shot/Gemini-3.1-Pro-Preview/BADCamp/run_05/uniform.request.json,outputs/raw/zero_shot/Gemini-3.1-Pro-Preview/BADCamp/run_05/uniform.request.json
491,2074329c4194a46d4e37816c01e2814acfd2fc173d3798c130764f82ef697e9c,results/raw/zero_shot/Gemini-3.1-Pro-Preview/BADCamp/run_01/unique.request.json,outputs/raw/zero_shot/Gemini-3.1-Pro-Preview/BADCamp/run_01/unique.request.json
491,2074329c4194a46d4e37816c01e2814acfd2fc173d3798c130764f82ef697e9c,results/raw/zero_shot/Gemini-3.1-Pro-Preview/BADCamp/run_02/unique.request.json,outputs/raw/zero_shot/Gemini-3.1-Pro-Preview/BADCamp/run_02/unique.request.json
491,2074329c4194a46d4e37816c01e2814acfd2fc173d3798c130764f82ef697e9c,results/raw/zero_shot/Gemini-3.1-Pro-Preview/BADCamp/run_03/unique.request.json,outputs/raw/zero_shot/Gemini-3.1-Pro-Preview/BADCamp/run_03/unique.request.json
491,2074329c4194a46d4e37816c01e2814acfd2fc173d3798c130764f82ef697e9c,results/raw/zero_shot/Gemini-3.1-Pro-Preview/BADCamp/run_04/unique.request.json,outputs/raw/zero_shot/Gemini-3.1-Pro-Preview/BADCamp/run_04/unique.request.json
491,2074329c4194a46d4e37816c01e2814acfd2fc173d3798c130764f82ef697e9c,results/raw/zero_shot/Gemini-3.1-Pro-Preview/BADCamp/run_05/unique.request.json,outputs/raw/zero_shot/Gemini-3.1-Pro-Preview/BADCamp/run_05/unique.request.json
492,243e3d84254dc09aedd46794b60e86711dbba34ec52f42cb1fa2ee1bc7c658b8,results/raw/zero_shot/Gemini-3.1-Pro-Preview/BADCamp/run_01/well_formed.request.json,outputs/raw/zero_shot/Gemini-3.1-Pro-Preview/BADCamp/run_01/well_formed.request.json
492,243e3d84254dc09aedd46794b60e86711dbba34ec52f42cb1fa2ee1bc7c658b8,results/raw/zero_shot/Gemini-3.1-Pro-Preview/BADCamp/run_02/well_formed.request.json,outputs/raw/zero_shot/Gemini-3.1-Pro-Preview/BADCamp/run_02/well_formed.request.json
492,243e3d84254dc09aedd46794b60e86711dbba34ec52f42cb1fa2ee1bc7c658b8,results/raw/zero_shot/Gemini-3.1-Pro-Preview/BADCamp/run_03/well_formed.request.json,outputs/raw/zero_shot/Gemini-3.1-Pro-Preview/BADCamp/run_03/well_formed.request.json
492,243e3d84254dc09aedd46794b60e86711dbba34ec52f42cb1fa2ee1bc7c658b8,results/raw/zero_shot/Gemini-3.1-Pro-Preview/BADCamp/run_04/well_formed.request.json,outputs/raw/zero_shot/Gemini-3.1-Pro-Preview/BADCamp/run_04/well_formed.request.json
492,243e3d84254dc09aedd46794b60e86711dbba34ec52f42cb1fa2ee1bc7c658b8,results/raw/zero_shot/Gemini-3.1-Pro-Preview/BADCamp/run_05/well_formed.request.json,outputs/raw/zero_shot/Gemini-3.1-Pro-Preview/BADCamp/run_05/well_formed.request.json
493,a9566d1330518384fc281882c2c2392a259724442a0df9877aa61c312a1418ba,results/raw/zero_shot/Gemini-3.1-Pro-Preview/PlanningPoker/run_01/atomic.request.json,outputs/raw/zero_shot/Gemini-3.1-Pro-Preview/PlanningPoker/run_01/atomic.request.json
493,a9566d1330518384fc281882c2c2392a259724442a0df9877aa61c312a1418ba,results/raw/zero_shot/Gemini-3.1-Pro-Preview/PlanningPoker/run_02/atomic.request.json,outputs/raw/zero_shot/Gemini-3.1-Pro-Preview/PlanningPoker/run_02/atomic.request.json
493,a9566d1330518384fc281882c2c2392a259724442a0df9877aa61c312a1418ba,results/raw/zero_shot/Gemini-3.1-Pro-Preview/PlanningPoker/run_03/atomic.request.json,outputs/raw/zero_shot/Gemini-3.1-Pro-Preview/PlanningPoker/run_03/atomic.request.json
493,a9566d1330518384fc281882c2c2392a259724442a0df9877aa61c312a1418ba,results/raw/zero_shot/Gemini-3.1-Pro-Preview/PlanningPoker/run_04/atomic.request.json,outputs/raw/zero_shot/Gemini-3.1-Pro-Preview/PlanningPoker/run_04/atomic.request.json
493,a9566d1330518384fc281882c2c2392a259724442a0df9877aa61c312a1418ba,results/raw/zero_shot/Gemini-3.1-Pro-Preview/PlanningPoker/run_05/atomic.request.json,outputs/raw/zero_shot/Gemini-3.1-Pro-Preview/PlanningPoker/run_05/atomic.request.json
494,ae4148937006f47d0942c396e9bc04be92f908daf9744401c41d49092a050b8f,results/raw/zero_shot/Gemini-3.1-Pro-Preview/PlanningPoker/run_01/complete.request.json,outputs/raw/zero_shot/Gemini-3.1-Pro-Preview/PlanningPoker/run_01/complete.request.json
494,ae4148937006f47d0942c396e9bc04be92f908daf9744401c41d49092a050b8f,results/raw/zero_shot/Gemini-3.1-Pro-Preview/PlanningPoker/run_02/complete.request.json,outputs/raw/zero_shot/Gemini-3.1-Pro-Preview/PlanningPoker/run_02/complete.request.json
494,ae4148937006f47d0942c396e9bc04be92f908daf9744401c41d49092a050b8f,results/raw/zero_shot/Gemini-3.1-Pro-Preview/PlanningPoker/run_03/complete.request.json,outputs/raw/zero_shot/Gemini-3.1-Pro-Preview/PlanningPoker/run_03/complete.request.json
494,ae4148937006f47d0942c396e9bc04be92f908daf9744401c41d49092a050b8f,results/raw/zero_shot/Gemini-3.1-Pro-Preview/PlanningPoker/run_04/complete.request.json,outputs/raw/zero_shot/Gemini-3.1-Pro-Preview/PlanningPoker/run_04/complete.request.json
494,ae4148937006f47d0942c396e9bc04be92f908daf9744401c41d49092a050b8f,results/raw/zero_shot/Gemini-3.1-Pro-Preview/PlanningPoker/run_05/complete.request.json,outputs/raw/zero_shot/Gemini-3.1-Pro-Preview/PlanningPoker/run_05/complete.request.json
495,af372587128a6c42977867189c3397ba7bb7ef900e3f719ac5bc9ff57e4530c1,results/raw/zero_shot/Gemini-3.1-Pro-Preview/PlanningPoker/run_01/conceptually_sound.request.json,outputs/raw/zero_shot/Gemini-3.1-Pro-Preview/PlanningPoker/run_01/conceptually_sound.request.json
495,af372587128a6c42977867189c3397ba7bb7ef900e3f719ac5bc9ff57e4530c1,results/raw/zero_shot/Gemini-3.1-Pro-Preview/PlanningPoker/run_02/conceptually_sound.request.json,outputs/raw/zero_shot/Gemini-3.1-Pro-Preview/PlanningPoker/run_02/conceptually_sound.request.json
495,af372587128a6c42977867189c3397ba7bb7ef900e3f719ac5bc9ff57e4530c1,results/raw/zero_shot/Gemini-3.1-Pro-Preview/PlanningPoker/run_03/conceptually_sound.request.json,outputs/raw/zero_shot/Gemini-3.1-Pro-Preview/PlanningPoker/run_03/conceptually_sound.request.json
495,af372587128a6c42977867189c3397ba7bb7ef900e3f719ac5bc9ff57e4530c1,results/raw/zero_shot/Gemini-3.1-Pro-Preview/PlanningPoker/run_04/conceptually_sound.request.json,outputs/raw/zero_shot/Gemini-3.1-Pro-Preview/PlanningPoker/run_04/conceptually_sound.request.json
495,af372587128a6c42977867189c3397ba7bb7ef900e3f719ac5bc9ff57e4530c1,results/raw/zero_shot/Gemini-3.1-Pro-Preview/PlanningPoker/run_05/conceptually_sound.request.json,outputs/raw/zero_shot/Gemini-3.1-Pro-Preview/PlanningPoker/run_05/conceptually_sound.request.json
496,266168fb7b73c8cf59b0dfe1fc1f065bcf200ebab4d0fdcdd085bdaf3d06e133,results/raw/zero_shot/Gemini-3.1-Pro-Preview/PlanningPoker/run_01/conflict_free.request.json,outputs/raw/zero_shot/Gemini-3.1-Pro-Preview/PlanningPoker/run_01/conflict_free.request.json
496,266168fb7b73c8cf59b0dfe1fc1f065bcf200ebab4d0fdcdd085bdaf3d06e133,results/raw/zero_shot/Gemini-3.1-Pro-Preview/PlanningPoker/run_02/conflict_free.request.json,outputs/raw/zero_shot/Gemini-3.1-Pro-Preview/PlanningPoker/run_02/conflict_free.request.json
496,266168fb7b73c8cf59b0dfe1fc1f065bcf200ebab4d0fdcdd085bdaf3d06e133,results/raw/zero_shot/Gemini-3.1-Pro-Preview/PlanningPoker/run_03/conflict_free.request.json,outputs/raw/zero_shot/Gemini-3.1-Pro-Preview/PlanningPoker/run_03/conflict_free.request.json
496,266168fb7b73c8cf59b0dfe1fc1f065bcf200ebab4d0fdcdd085bdaf3d06e133,results/raw/zero_shot/Gemini-3.1-Pro-Preview/PlanningPoker/run_04/conflict_free.request.json,outputs/raw/zero_shot/Gemini-3.1-Pro-Preview/PlanningPoker/run_04/conflict_free.request.json
496,266168fb7b73c8cf59b0dfe1fc1f065bcf200ebab4d0fdcdd085bdaf3d06e133,results/raw/zero_shot/Gemini-3.1-Pro-Preview/PlanningPoker/run_05/conflict_free.request.json,outputs/raw/zero_shot/Gemini-3.1-Pro-Preview/PlanningPoker/run_05/conflict_free.request.json
497,4deca05a5d23560206ac5f2f6300e900ba40f9caab22217e52ab739f50eac8a6,results/raw/zero_shot/Gemini-3.1-Pro-Preview/PlanningPoker/run_01/estimatable.request.json,outputs/raw/zero_shot/Gemini-3.1-Pro-Preview/PlanningPoker/run_01/estimatable.request.json
497,4deca05a5d23560206ac5f2f6300e900ba40f9caab22217e52ab739f50eac8a6,results/raw/zero_shot/Gemini-3.1-Pro-Preview/PlanningPoker/run_02/estimatable.request.json,outputs/raw/zero_shot/Gemini-3.1-Pro-Preview/PlanningPoker/run_02/estimatable.request.json
497,4deca05a5d23560206ac5f2f6300e900ba40f9caab22217e52ab739f50eac8a6,results/raw/zero_shot/Gemini-3.1-Pro-Preview/PlanningPoker/run_03/estimatable.request.json,outputs/raw/zero_shot/Gemini-3.1-Pro-Preview/PlanningPoker/run_03/estimatable.request.json
497,4deca05a5d23560206ac5f2f6300e900ba40f9caab22217e52ab739f50eac8a6,results/raw/zero_shot/Gemini-3.1-Pro-Preview/PlanningPoker/run_04/estimatable.request.json,outputs/raw/zero_shot/Gemini-3.1-Pro-Preview/PlanningPoker/run_04/estimatable.request.json
497,4deca05a5d23560206ac5f2f6300e900ba40f9caab22217e52ab739f50eac8a6,results/raw/zero_shot/Gemini-3.1-Pro-Preview/PlanningPoker/run_05/estimatable.request.json,outputs/raw/zero_shot/Gemini-3.1-Pro-Preview/PlanningPoker/run_05/estimatable.request.json
498,7861a145226472d5da4998e147941c1ea9b5cf9ea2fd52b764d9367845f8fed4,results/raw/zero_shot/Gemini-3.1-Pro-Preview/PlanningPoker/run_01/full_sentence.request.json,outputs/raw/zero_shot/Gemini-3.1-Pro-Preview/PlanningPoker/run_01/full_sentence.request.json
498,7861a145226472d5da4998e147941c1ea9b5cf9ea2fd52b764d9367845f8fed4,results/raw/zero_shot/Gemini-3.1-Pro-Preview/PlanningPoker/run_02/full_sentence.request.json,outputs/raw/zero_shot/Gemini-3.1-Pro-Preview/PlanningPoker/run_02/full_sentence.request.json
498,7861a145226472d5da4998e147941c1ea9b5cf9ea2fd52b764d9367845f8fed4,results/raw/zero_shot/Gemini-3.1-Pro-Preview/PlanningPoker/run_03/full_sentence.request.json,outputs/raw/zero_shot/Gemini-3.1-Pro-Preview/PlanningPoker/run_03/full_sentence.request.json
498,7861a145226472d5da4998e147941c1ea9b5cf9ea2fd52b764d9367845f8fed4,results/raw/zero_shot/Gemini-3.1-Pro-Preview/PlanningPoker/run_04/full_sentence.request.json,outputs/raw/zero_shot/Gemini-3.1-Pro-Preview/PlanningPoker/run_04/full_sentence.request.json
498,7861a145226472d5da4998e147941c1ea9b5cf9ea2fd52b764d9367845f8fed4,results/raw/zero_shot/Gemini-3.1-Pro-Preview/PlanningPoker/run_05/full_sentence.request.json,outputs/raw/zero_shot/Gemini-3.1-Pro-Preview/PlanningPoker/run_05/full_sentence.request.json
499,2a683a795bfc322f708e252c0f998133c5567890177c7ab1cbc66210aab28f25,results/raw/zero_shot/Gemini-3.1-Pro-Preview/PlanningPoker/run_01/independent.request.json,outputs/raw/zero_shot/Gemini-3.1-Pro-Preview/PlanningPoker/run_01/independent.request.json
499,2a683a795bfc322f708e252c0f998133c5567890177c7ab1cbc66210aab28f25,results/raw/zero_shot/Gemini-3.1-Pro-Preview/PlanningPoker/run_02/independent.request.json,outputs/raw/zero_shot/Gemini-3.1-Pro-Preview/PlanningPoker/run_02/independent.request.json
499,2a683a795bfc322f708e252c0f998133c5567890177c7ab1cbc66210aab28f25,results/raw/zero_shot/Gemini-3.1-Pro-Preview/PlanningPoker/run_03/independent.request.json,outputs/raw/zero_shot/Gemini-3.1-Pro-Preview/PlanningPoker/run_03/independent.request.json
499,2a683a795bfc322f708e252c0f998133c5567890177c7ab1cbc66210aab28f25,results/raw/zero_shot/Gemini-3.1-Pro-Preview/PlanningPoker/run_04/independent.request.json,outputs/raw/zero_shot/Gemini-3.1-Pro-Preview/PlanningPoker/run_04/independent.request.json
499,2a683a795bfc322f708e252c0f998133c5567890177c7ab1cbc66210aab28f25,results/raw/zero_shot/Gemini-3.1-Pro-Preview/PlanningPoker/run_05/independent.request.json,outputs/raw/zero_shot/Gemini-3.1-Pro-Preview/PlanningPoker/run_05/independent.request.json
500,ec71fb8bfdc83dc636eb201fcd737f9f107df00c3f703bc0ce795bf215c87d96,results/raw/zero_shot/Gemini-3.1-Pro-Preview/PlanningPoker/run_01/minimal.request.json,outputs/raw/zero_shot/Gemini-3.1-Pro-Preview/PlanningPoker/run_01/minimal.request.json
500,ec71fb8bfdc83dc636eb201fcd737f9f107df00c3f703bc0ce795bf215c87d96,results/raw/zero_shot/Gemini-3.1-Pro-Preview/PlanningPoker/run_02/minimal.request.json,outputs/raw/zero_shot/Gemini-3.1-Pro-Preview/PlanningPoker/run_02/minimal.request.json
500,ec71fb8bfdc83dc636eb201fcd737f9f107df00c3f703bc0ce795bf215c87d96,results/raw/zero_shot/Gemini-3.1-Pro-Preview/PlanningPoker/run_03/minimal.request.json,outputs/raw/zero_shot/Gemini-3.1-Pro-Preview/PlanningPoker/run_03/minimal.request.json
500,ec71fb8bfdc83dc636eb201fcd737f9f107df00c3f703bc0ce795bf215c87d96,results/raw/zero_shot/Gemini-3.1-Pro-Preview/PlanningPoker/run_04/minimal.request.json,outputs/raw/zero_shot/Gemini-3.1-Pro-Preview/PlanningPoker/run_04/minimal.request.json
500,ec71fb8bfdc83dc636eb201fcd737f9f107df00c3f703bc0ce795bf215c87d96,results/raw/zero_shot/Gemini-3.1-Pro-Preview/PlanningPoker/run_05/minimal.request.json,outputs/raw/zero_shot/Gemini-3.1-Pro-Preview/PlanningPoker/run_05/minimal.request.json
501,747c5bf6b26988dd731c6a12050c71440bd79f8e63d0644fb14033c862b524b8,results/raw/zero_shot/Gemini-3.1-Pro-Preview/PlanningPoker/run_01/problem_oriented.request.json,outputs/raw/zero_shot/Gemini-3.1-Pro-Preview/PlanningPoker/run_01/problem_oriented.request.json
501,747c5bf6b26988dd731c6a12050c71440bd79f8e63d0644fb14033c862b524b8,results/raw/zero_shot/Gemini-3.1-Pro-Preview/PlanningPoker/run_02/problem_oriented.request.json,outputs/raw/zero_shot/Gemini-3.1-Pro-Preview/PlanningPoker/run_02/problem_oriented.request.json
501,747c5bf6b26988dd731c6a12050c71440bd79f8e63d0644fb14033c862b524b8,results/raw/zero_shot/Gemini-3.1-Pro-Preview/PlanningPoker/run_03/problem_oriented.request.json,outputs/raw/zero_shot/Gemini-3.1-Pro-Preview/PlanningPoker/run_03/problem_oriented.request.json
501,747c5bf6b26988dd731c6a12050c71440bd79f8e63d0644fb14033c862b524b8,results/raw/zero_shot/Gemini-3.1-Pro-Preview/PlanningPoker/run_04/problem_oriented.request.json,outputs/raw/zero_shot/Gemini-3.1-Pro-Preview/PlanningPoker/run_04/problem_oriented.request.json
501,747c5bf6b26988dd731c6a12050c71440bd79f8e63d0644fb14033c862b524b8,results/raw/zero_shot/Gemini-3.1-Pro-Preview/PlanningPoker/run_05/problem_oriented.request.json,outputs/raw/zero_shot/Gemini-3.1-Pro-Preview/PlanningPoker/run_05/problem_oriented.request.json
502,f80cae8512ce56c12552297a924646da9e78e9e032c97fd46836c35e060ac125,results/raw/zero_shot/Gemini-3.1-Pro-Preview/PlanningPoker/run_01/unambiguous.request.json,outputs/raw/zero_shot/Gemini-3.1-Pro-Preview/PlanningPoker/run_01/unambiguous.request.json
502,f80cae8512ce56c12552297a924646da9e78e9e032c97fd46836c35e060ac125,results/raw/zero_shot/Gemini-3.1-Pro-Preview/PlanningPoker/run_02/unambiguous.request.json,outputs/raw/zero_shot/Gemini-3.1-Pro-Preview/PlanningPoker/run_02/unambiguous.request.json
502,f80cae8512ce56c12552297a924646da9e78e9e032c97fd46836c35e060ac125,results/raw/zero_shot/Gemini-3.1-Pro-Preview/PlanningPoker/run_03/unambiguous.request.json,outputs/raw/zero_shot/Gemini-3.1-Pro-Preview/PlanningPoker/run_03/unambiguous.request.json
502,f80cae8512ce56c12552297a924646da9e78e9e032c97fd46836c35e060ac125,results/raw/zero_shot/Gemini-3.1-Pro-Preview/PlanningPoker/run_04/unambiguous.request.json,outputs/raw/zero_shot/Gemini-3.1-Pro-Preview/PlanningPoker/run_04/unambiguous.request.json
502,f80cae8512ce56c12552297a924646da9e78e9e032c97fd46836c35e060ac125,results/raw/zero_shot/Gemini-3.1-Pro-Preview/PlanningPoker/run_05/unambiguous.request.json,outputs/raw/zero_shot/Gemini-3.1-Pro-Preview/PlanningPoker/run_05/unambiguous.request.json
503,cad047c26e2df4f2aa64321b5b549443565fa9899a06a0e3954e4634c4b76e16,results/raw/zero_shot/Gemini-3.1-Pro-Preview/PlanningPoker/run_01/uniform.request.json,outputs/raw/zero_shot/Gemini-3.1-Pro-Preview/PlanningPoker/run_01/uniform.request.json
503,cad047c26e2df4f2aa64321b5b549443565fa9899a06a0e3954e4634c4b76e16,results/raw/zero_shot/Gemini-3.1-Pro-Preview/PlanningPoker/run_02/uniform.request.json,outputs/raw/zero_shot/Gemini-3.1-Pro-Preview/PlanningPoker/run_02/uniform.request.json
503,cad047c26e2df4f2aa64321b5b549443565fa9899a06a0e3954e4634c4b76e16,results/raw/zero_shot/Gemini-3.1-Pro-Preview/PlanningPoker/run_03/uniform.request.json,outputs/raw/zero_shot/Gemini-3.1-Pro-Preview/PlanningPoker/run_03/uniform.request.json
503,cad047c26e2df4f2aa64321b5b549443565fa9899a06a0e3954e4634c4b76e16,results/raw/zero_shot/Gemini-3.1-Pro-Preview/PlanningPoker/run_04/uniform.request.json,outputs/raw/zero_shot/Gemini-3.1-Pro-Preview/PlanningPoker/run_04/uniform.request.json
503,cad047c26e2df4f2aa64321b5b549443565fa9899a06a0e3954e4634c4b76e16,results/raw/zero_shot/Gemini-3.1-Pro-Preview/PlanningPoker/run_05/uniform.request.json,outputs/raw/zero_shot/Gemini-3.1-Pro-Preview/PlanningPoker/run_05/uniform.request.json
504,f554002dbaf65c9b0a469d6477aca812041c538e7118266790300eece9c41865,results/raw/zero_shot/Gemini-3.1-Pro-Preview/PlanningPoker/run_01/unique.request.json,outputs/raw/zero_shot/Gemini-3.1-Pro-Preview/PlanningPoker/run_01/unique.request.json
504,f554002dbaf65c9b0a469d6477aca812041c538e7118266790300eece9c41865,results/raw/zero_shot/Gemini-3.1-Pro-Preview/PlanningPoker/run_02/unique.request.json,outputs/raw/zero_shot/Gemini-3.1-Pro-Preview/PlanningPoker/run_02/unique.request.json
504,f554002dbaf65c9b0a469d6477aca812041c538e7118266790300eece9c41865,results/raw/zero_shot/Gemini-3.1-Pro-Preview/PlanningPoker/run_03/unique.request.json,outputs/raw/zero_shot/Gemini-3.1-Pro-Preview/PlanningPoker/run_03/unique.request.json
504,f554002dbaf65c9b0a469d6477aca812041c538e7118266790300eece9c41865,results/raw/zero_shot/Gemini-3.1-Pro-Preview/PlanningPoker/run_04/unique.request.json,outputs/raw/zero_shot/Gemini-3.1-Pro-Preview/PlanningPoker/run_04/unique.request.json
504,f554002dbaf65c9b0a469d6477aca812041c538e7118266790300eece9c41865,results/raw/zero_shot/Gemini-3.1-Pro-Preview/PlanningPoker/run_05/unique.request.json,outputs/raw/zero_shot/Gemini-3.1-Pro-Preview/PlanningPoker/run_05/unique.request.json
505,c903666d4afdfea9fccc33ff945ec4e627193f59301172126bc76674151cfd3e,results/raw/zero_shot/Gemini-3.1-Pro-Preview/PlanningPoker/run_01/well_formed.request.json,outputs/raw/zero_shot/Gemini-3.1-Pro-Preview/PlanningPoker/run_01/well_formed.request.json
505,c903666d4afdfea9fccc33ff945ec4e627193f59301172126bc76674151cfd3e,results/raw/zero_shot/Gemini-3.1-Pro-Preview/PlanningPoker/run_02/well_formed.request.json,outputs/raw/zero_shot/Gemini-3.1-Pro-Preview/PlanningPoker/run_02/well_formed.request.json
505,c903666d4afdfea9fccc33ff945ec4e627193f59301172126bc76674151cfd3e,results/raw/zero_shot/Gemini-3.1-Pro-Preview/PlanningPoker/run_03/well_formed.request.json,outputs/raw/zero_shot/Gemini-3.1-Pro-Preview/PlanningPoker/run_03/well_formed.request.json
505,c903666d4afdfea9fccc33ff945ec4e627193f59301172126bc76674151cfd3e,results/raw/zero_shot/Gemini-3.1-Pro-Preview/PlanningPoker/run_04/well_formed.request.json,outputs/raw/zero_shot/Gemini-3.1-Pro-Preview/PlanningPoker/run_04/well_formed.request.json
505,c903666d4afdfea9fccc33ff945ec4e627193f59301172126bc76674151cfd3e,results/raw/zero_shot/Gemini-3.1-Pro-Preview/PlanningPoker/run_05/well_formed.request.json,outputs/raw/zero_shot/Gemini-3.1-Pro-Preview/PlanningPoker/run_05/well_formed.request.json
506,b830108780b82ace4a1eb6e8fd66089ad018b34bf156a2724ee04ae2013cd351,results/raw/zero_shot/Gemini-3.1-Pro-Preview/Zooniverse/run_01/atomic.request.json,outputs/raw/zero_shot/Gemini-3.1-Pro-Preview/Zooniverse/run_01/atomic.request.json
506,b830108780b82ace4a1eb6e8fd66089ad018b34bf156a2724ee04ae2013cd351,results/raw/zero_shot/Gemini-3.1-Pro-Preview/Zooniverse/run_02/atomic.request.json,outputs/raw/zero_shot/Gemini-3.1-Pro-Preview/Zooniverse/run_02/atomic.request.json
506,b830108780b82ace4a1eb6e8fd66089ad018b34bf156a2724ee04ae2013cd351,results/raw/zero_shot/Gemini-3.1-Pro-Preview/Zooniverse/run_03/atomic.request.json,outputs/raw/zero_shot/Gemini-3.1-Pro-Preview/Zooniverse/run_03/atomic.request.json
506,b830108780b82ace4a1eb6e8fd66089ad018b34bf156a2724ee04ae2013cd351,results/raw/zero_shot/Gemini-3.1-Pro-Preview/Zooniverse/run_04/atomic.request.json,outputs/raw/zero_shot/Gemini-3.1-Pro-Preview/Zooniverse/run_04/atomic.request.json
506,b830108780b82ace4a1eb6e8fd66089ad018b34bf156a2724ee04ae2013cd351,results/raw/zero_shot/Gemini-3.1-Pro-Preview/Zooniverse/run_05/atomic.request.json,outputs/raw/zero_shot/Gemini-3.1-Pro-Preview/Zooniverse/run_05/atomic.request.json
507,b3aba7b0667940cdd1640b0bbe43cb1aff3810f6608a3de65a2477ecbe7177c1,results/raw/zero_shot/Gemini-3.1-Pro-Preview/Zooniverse/run_01/complete.request.json,outputs/raw/zero_shot/Gemini-3.1-Pro-Preview/Zooniverse/run_01/complete.request.json
507,b3aba7b0667940cdd1640b0bbe43cb1aff3810f6608a3de65a2477ecbe7177c1,results/raw/zero_shot/Gemini-3.1-Pro-Preview/Zooniverse/run_02/complete.request.json,outputs/raw/zero_shot/Gemini-3.1-Pro-Preview/Zooniverse/run_02/complete.request.json
507,b3aba7b0667940cdd1640b0bbe43cb1aff3810f6608a3de65a2477ecbe7177c1,results/raw/zero_shot/Gemini-3.1-Pro-Preview/Zooniverse/run_03/complete.request.json,outputs/raw/zero_shot/Gemini-3.1-Pro-Preview/Zooniverse/run_03/complete.request.json
507,b3aba7b0667940cdd1640b0bbe43cb1aff3810f6608a3de65a2477ecbe7177c1,results/raw/zero_shot/Gemini-3.1-Pro-Preview/Zooniverse/run_04/complete.request.json,outputs/raw/zero_shot/Gemini-3.1-Pro-Preview/Zooniverse/run_04/complete.request.json
507,b3aba7b0667940cdd1640b0bbe43cb1aff3810f6608a3de65a2477ecbe7177c1,results/raw/zero_shot/Gemini-3.1-Pro-Preview/Zooniverse/run_05/complete.request.json,outputs/raw/zero_shot/Gemini-3.1-Pro-Preview/Zooniverse/run_05/complete.request.json
508,2f336a5e725a3172c6c76e34ce7461196d61686649a1d6b7e01a0f804b1be945,results/raw/zero_shot/Gemini-3.1-Pro-Preview/Zooniverse/run_01/conceptually_sound.request.json,outputs/raw/zero_shot/Gemini-3.1-Pro-Preview/Zooniverse/run_01/conceptually_sound.request.json
508,2f336a5e725a3172c6c76e34ce7461196d61686649a1d6b7e01a0f804b1be945,results/raw/zero_shot/Gemini-3.1-Pro-Preview/Zooniverse/run_02/conceptually_sound.request.json,outputs/raw/zero_shot/Gemini-3.1-Pro-Preview/Zooniverse/run_02/conceptually_sound.request.json
508,2f336a5e725a3172c6c76e34ce7461196d61686649a1d6b7e01a0f804b1be945,results/raw/zero_shot/Gemini-3.1-Pro-Preview/Zooniverse/run_03/conceptually_sound.request.json,outputs/raw/zero_shot/Gemini-3.1-Pro-Preview/Zooniverse/run_03/conceptually_sound.request.json
508,2f336a5e725a3172c6c76e34ce7461196d61686649a1d6b7e01a0f804b1be945,results/raw/zero_shot/Gemini-3.1-Pro-Preview/Zooniverse/run_04/conceptually_sound.request.json,outputs/raw/zero_shot/Gemini-3.1-Pro-Preview/Zooniverse/run_04/conceptually_sound.request.json
508,2f336a5e725a3172c6c76e34ce7461196d61686649a1d6b7e01a0f804b1be945,results/raw/zero_shot/Gemini-3.1-Pro-Preview/Zooniverse/run_05/conceptually_sound.request.json,outputs/raw/zero_shot/Gemini-3.1-Pro-Preview/Zooniverse/run_05/conceptually_sound.request.json
509,495cd656e612b8f67164a1555277ed5755218156b7b61bdbd1793cf75acea50d,results/raw/zero_shot/Gemini-3.1-Pro-Preview/Zooniverse/run_01/conflict_free.request.json,outputs/raw/zero_shot/Gemini-3.1-Pro-Preview/Zooniverse/run_01/conflict_free.request.json
509,495cd656e612b8f67164a1555277ed5755218156b7b61bdbd1793cf75acea50d,results/raw/zero_shot/Gemini-3.1-Pro-Preview/Zooniverse/run_02/conflict_free.request.json,outputs/raw/zero_shot/Gemini-3.1-Pro-Preview/Zooniverse/run_02/conflict_free.request.json
509,495cd656e612b8f67164a1555277ed5755218156b7b61bdbd1793cf75acea50d,results/raw/zero_shot/Gemini-3.1-Pro-Preview/Zooniverse/run_03/conflict_free.request.json,outputs/raw/zero_shot/Gemini-3.1-Pro-Preview/Zooniverse/run_03/conflict_free.request.json
509,495cd656e612b8f67164a1555277ed5755218156b7b61bdbd1793cf75acea50d,results/raw/zero_shot/Gemini-3.1-Pro-Preview/Zooniverse/run_04/conflict_free.request.json,outputs/raw/zero_shot/Gemini-3.1-Pro-Preview/Zooniverse/run_04/conflict_free.request.json
509,495cd656e612b8f67164a1555277ed5755218156b7b61bdbd1793cf75acea50d,results/raw/zero_shot/Gemini-3.1-Pro-Preview/Zooniverse/run_05/conflict_free.request.json,outputs/raw/zero_shot/Gemini-3.1-Pro-Preview/Zooniverse/run_05/conflict_free.request.json
510,5fe576e4f87a4ae62b3df1cc21839231c3fc0e48d7002af9611b0fc3b68eb6fa,results/raw/zero_shot/Gemini-3.1-Pro-Preview/Zooniverse/run_01/estimatable.request.json,outputs/raw/zero_shot/Gemini-3.1-Pro-Preview/Zooniverse/run_01/estimatable.request.json
510,5fe576e4f87a4ae62b3df1cc21839231c3fc0e48d7002af9611b0fc3b68eb6fa,results/raw/zero_shot/Gemini-3.1-Pro-Preview/Zooniverse/run_02/estimatable.request.json,outputs/raw/zero_shot/Gemini-3.1-Pro-Preview/Zooniverse/run_02/estimatable.request.json
510,5fe576e4f87a4ae62b3df1cc21839231c3fc0e48d7002af9611b0fc3b68eb6fa,results/raw/zero_shot/Gemini-3.1-Pro-Preview/Zooniverse/run_03/estimatable.request.json,outputs/raw/zero_shot/Gemini-3.1-Pro-Preview/Zooniverse/run_03/estimatable.request.json
510,5fe576e4f87a4ae62b3df1cc21839231c3fc0e48d7002af9611b0fc3b68eb6fa,results/raw/zero_shot/Gemini-3.1-Pro-Preview/Zooniverse/run_04/estimatable.request.json,outputs/raw/zero_shot/Gemini-3.1-Pro-Preview/Zooniverse/run_04/estimatable.request.json
510,5fe576e4f87a4ae62b3df1cc21839231c3fc0e48d7002af9611b0fc3b68eb6fa,results/raw/zero_shot/Gemini-3.1-Pro-Preview/Zooniverse/run_05/estimatable.request.json,outputs/raw/zero_shot/Gemini-3.1-Pro-Preview/Zooniverse/run_05/estimatable.request.json
511,b2c9cf8d64e091d0c39c4e16823e7a644231ccd631e13f27651d3848e5909b6a,results/raw/zero_shot/Gemini-3.1-Pro-Preview/Zooniverse/run_01/full_sentence.request.json,outputs/raw/zero_shot/Gemini-3.1-Pro-Preview/Zooniverse/run_01/full_sentence.request.json
511,b2c9cf8d64e091d0c39c4e16823e7a644231ccd631e13f27651d3848e5909b6a,results/raw/zero_shot/Gemini-3.1-Pro-Preview/Zooniverse/run_02/full_sentence.request.json,outputs/raw/zero_shot/Gemini-3.1-Pro-Preview/Zooniverse/run_02/full_sentence.request.json
511,b2c9cf8d64e091d0c39c4e16823e7a644231ccd631e13f27651d3848e5909b6a,results/raw/zero_shot/Gemini-3.1-Pro-Preview/Zooniverse/run_03/full_sentence.request.json,outputs/raw/zero_shot/Gemini-3.1-Pro-Preview/Zooniverse/run_03/full_sentence.request.json
511,b2c9cf8d64e091d0c39c4e16823e7a644231ccd631e13f27651d3848e5909b6a,results/raw/zero_shot/Gemini-3.1-Pro-Preview/Zooniverse/run_04/full_sentence.request.json,outputs/raw/zero_shot/Gemini-3.1-Pro-Preview/Zooniverse/run_04/full_sentence.request.json
511,b2c9cf8d64e091d0c39c4e16823e7a644231ccd631e13f27651d3848e5909b6a,results/raw/zero_shot/Gemini-3.1-Pro-Preview/Zooniverse/run_05/full_sentence.request.json,outputs/raw/zero_shot/Gemini-3.1-Pro-Preview/Zooniverse/run_05/full_sentence.request.json
512,fd3e424b041be64d3ed31f1f736171e690c479810e6a347ebf92c2bae6acc513,results/raw/zero_shot/Gemini-3.1-Pro-Preview/Zooniverse/run_01/independent.request.json,outputs/raw/zero_shot/Gemini-3.1-Pro-Preview/Zooniverse/run_01/independent.request.json
512,fd3e424b041be64d3ed31f1f736171e690c479810e6a347ebf92c2bae6acc513,results/raw/zero_shot/Gemini-3.1-Pro-Preview/Zooniverse/run_02/independent.request.json,outputs/raw/zero_shot/Gemini-3.1-Pro-Preview/Zooniverse/run_02/independent.request.json
512,fd3e424b041be64d3ed31f1f736171e690c479810e6a347ebf92c2bae6acc513,results/raw/zero_shot/Gemini-3.1-Pro-Preview/Zooniverse/run_03/independent.request.json,outputs/raw/zero_shot/Gemini-3.1-Pro-Preview/Zooniverse/run_03/independent.request.json
512,fd3e424b041be64d3ed31f1f736171e690c479810e6a347ebf92c2bae6acc513,results/raw/zero_shot/Gemini-3.1-Pro-Preview/Zooniverse/run_04/independent.request.json,outputs/raw/zero_shot/Gemini-3.1-Pro-Preview/Zooniverse/run_04/independent.request.json
512,fd3e424b041be64d3ed31f1f736171e690c479810e6a347ebf92c2bae6acc513,results/raw/zero_shot/Gemini-3.1-Pro-Preview/Zooniverse/run_05/independent.request.json,outputs/raw/zero_shot/Gemini-3.1-Pro-Preview/Zooniverse/run_05/independent.request.json
513,f8a7bd304d7d3d5c5a48fd88f3ec629bd0ae020f0524456a2e49d3e4972dba13,results/raw/zero_shot/Gemini-3.1-Pro-Preview/Zooniverse/run_01/minimal.request.json,outputs/raw/zero_shot/Gemini-3.1-Pro-Preview/Zooniverse/run_01/minimal.request.json
513,f8a7bd304d7d3d5c5a48fd88f3ec629bd0ae020f0524456a2e49d3e4972dba13,results/raw/zero_shot/Gemini-3.1-Pro-Preview/Zooniverse/run_02/minimal.request.json,outputs/raw/zero_shot/Gemini-3.1-Pro-Preview/Zooniverse/run_02/minimal.request.json
513,f8a7bd304d7d3d5c5a48fd88f3ec629bd0ae020f0524456a2e49d3e4972dba13,results/raw/zero_shot/Gemini-3.1-Pro-Preview/Zooniverse/run_03/minimal.request.json,outputs/raw/zero_shot/Gemini-3.1-Pro-Preview/Zooniverse/run_03/minimal.request.json
513,f8a7bd304d7d3d5c5a48fd88f3ec629bd0ae020f0524456a2e49d3e4972dba13,results/raw/zero_shot/Gemini-3.1-Pro-Preview/Zooniverse/run_04/minimal.request.json,outputs/raw/zero_shot/Gemini-3.1-Pro-Preview/Zooniverse/run_04/minimal.request.json
513,f8a7bd304d7d3d5c5a48fd88f3ec629bd0ae020f0524456a2e49d3e4972dba13,results/raw/zero_shot/Gemini-3.1-Pro-Preview/Zooniverse/run_05/minimal.request.json,outputs/raw/zero_shot/Gemini-3.1-Pro-Preview/Zooniverse/run_05/minimal.request.json
514,25512358f297bbc7d0c877cf7145a3f6690e1d646068c111fd51dd96ba05ba7a,results/raw/zero_shot/Gemini-3.1-Pro-Preview/Zooniverse/run_01/problem_oriented.request.json,outputs/raw/zero_shot/Gemini-3.1-Pro-Preview/Zooniverse/run_01/problem_oriented.request.json
514,25512358f297bbc7d0c877cf7145a3f6690e1d646068c111fd51dd96ba05ba7a,results/raw/zero_shot/Gemini-3.1-Pro-Preview/Zooniverse/run_02/problem_oriented.request.json,outputs/raw/zero_shot/Gemini-3.1-Pro-Preview/Zooniverse/run_02/problem_oriented.request.json
514,25512358f297bbc7d0c877cf7145a3f6690e1d646068c111fd51dd96ba05ba7a,results/raw/zero_shot/Gemini-3.1-Pro-Preview/Zooniverse/run_03/problem_oriented.request.json,outputs/raw/zero_shot/Gemini-3.1-Pro-Preview/Zooniverse/run_03/problem_oriented.request.json
514,25512358f297bbc7d0c877cf7145a3f6690e1d646068c111fd51dd96ba05ba7a,results/raw/zero_shot/Gemini-3.1-Pro-Preview/Zooniverse/run_04/problem_oriented.request.json,outputs/raw/zero_shot/Gemini-3.1-Pro-Preview/Zooniverse/run_04/problem_oriented.request.json
514,25512358f297bbc7d0c877cf7145a3f6690e1d646068c111fd51dd96ba05ba7a,results/raw/zero_shot/Gemini-3.1-Pro-Preview/Zooniverse/run_05/problem_oriented.request.json,outputs/raw/zero_shot/Gemini-3.1-Pro-Preview/Zooniverse/run_05/problem_oriented.request.json
515,41a009796c1b229a5b33b799b7328790bd6d2eb65db26ff867647b6719e5e271,results/raw/zero_shot/Gemini-3.1-Pro-Preview/Zooniverse/run_01/unambiguous.request.json,outputs/raw/zero_shot/Gemini-3.1-Pro-Preview/Zooniverse/run_01/unambiguous.request.json
515,41a009796c1b229a5b33b799b7328790bd6d2eb65db26ff867647b6719e5e271,results/raw/zero_shot/Gemini-3.1-Pro-Preview/Zooniverse/run_02/unambiguous.request.json,outputs/raw/zero_shot/Gemini-3.1-Pro-Preview/Zooniverse/run_02/unambiguous.request.json
515,41a009796c1b229a5b33b799b7328790bd6d2eb65db26ff867647b6719e5e271,results/raw/zero_shot/Gemini-3.1-Pro-Preview/Zooniverse/run_03/unambiguous.request.json,outputs/raw/zero_shot/Gemini-3.1-Pro-Preview/Zooniverse/run_03/unambiguous.request.json
515,41a009796c1b229a5b33b799b7328790bd6d2eb65db26ff867647b6719e5e271,results/raw/zero_shot/Gemini-3.1-Pro-Preview/Zooniverse/run_04/unambiguous.request.json,outputs/raw/zero_shot/Gemini-3.1-Pro-Preview/Zooniverse/run_04/unambiguous.request.json
515,41a009796c1b229a5b33b799b7328790bd6d2eb65db26ff867647b6719e5e271,results/raw/zero_shot/Gemini-3.1-Pro-Preview/Zooniverse/run_05/unambiguous.request.json,outputs/raw/zero_shot/Gemini-3.1-Pro-Preview/Zooniverse/run_05/unambiguous.request.json
516,3e048fa45e66228e9d57452f1cde8a7200ddc11e0f4c96113c259b388ea0e5e5,results/raw/zero_shot/Gemini-3.1-Pro-Preview/Zooniverse/run_01/uniform.request.json,outputs/raw/zero_shot/Gemini-3.1-Pro-Preview/Zooniverse/run_01/uniform.request.json
516,3e048fa45e66228e9d57452f1cde8a7200ddc11e0f4c96113c259b388ea0e5e5,results/raw/zero_shot/Gemini-3.1-Pro-Preview/Zooniverse/run_02/uniform.request.json,outputs/raw/zero_shot/Gemini-3.1-Pro-Preview/Zooniverse/run_02/uniform.request.json
516,3e048fa45e66228e9d57452f1cde8a7200ddc11e0f4c96113c259b388ea0e5e5,results/raw/zero_shot/Gemini-3.1-Pro-Preview/Zooniverse/run_03/uniform.request.json,outputs/raw/zero_shot/Gemini-3.1-Pro-Preview/Zooniverse/run_03/uniform.request.json
516,3e048fa45e66228e9d57452f1cde8a7200ddc11e0f4c96113c259b388ea0e5e5,results/raw/zero_shot/Gemini-3.1-Pro-Preview/Zooniverse/run_04/uniform.request.json,outputs/raw/zero_shot/Gemini-3.1-Pro-Preview/Zooniverse/run_04/uniform.request.json
516,3e048fa45e66228e9d57452f1cde8a7200ddc11e0f4c96113c259b388ea0e5e5,results/raw/zero_shot/Gemini-3.1-Pro-Preview/Zooniverse/run_05/uniform.request.json,outputs/raw/zero_shot/Gemini-3.1-Pro-Preview/Zooniverse/run_05/uniform.request.json
517,b08fef8f6372f952dd9620982e2e3cc2a163c248a426f5e696bdabc11eb58a3a,results/raw/zero_shot/Gemini-3.1-Pro-Preview/Zooniverse/run_01/unique.request.json,outputs/raw/zero_shot/Gemini-3.1-Pro-Preview/Zooniverse/run_01/unique.request.json
517,b08fef8f6372f952dd9620982e2e3cc2a163c248a426f5e696bdabc11eb58a3a,results/raw/zero_shot/Gemini-3.1-Pro-Preview/Zooniverse/run_02/unique.request.json,outputs/raw/zero_shot/Gemini-3.1-Pro-Preview/Zooniverse/run_02/unique.request.json
517,b08fef8f6372f952dd9620982e2e3cc2a163c248a426f5e696bdabc11eb58a3a,results/raw/zero_shot/Gemini-3.1-Pro-Preview/Zooniverse/run_03/unique.request.json,outputs/raw/zero_shot/Gemini-3.1-Pro-Preview/Zooniverse/run_03/unique.request.json
517,b08fef8f6372f952dd9620982e2e3cc2a163c248a426f5e696bdabc11eb58a3a,results/raw/zero_shot/Gemini-3.1-Pro-Preview/Zooniverse/run_04/unique.request.json,outputs/raw/zero_shot/Gemini-3.1-Pro-Preview/Zooniverse/run_04/unique.request.json
517,b08fef8f6372f952dd9620982e2e3cc2a163c248a426f5e696bdabc11eb58a3a,results/raw/zero_shot/Gemini-3.1-Pro-Preview/Zooniverse/run_05/unique.request.json,outputs/raw/zero_shot/Gemini-3.1-Pro-Preview/Zooniverse/run_05/unique.request.json
518,459db53a766ae439d8fbd93d3befc6d49981d63daa1848bd903846356fa076dc,results/raw/zero_shot/Gemini-3.1-Pro-Preview/Zooniverse/run_01/well_formed.request.json,outputs/raw/zero_shot/Gemini-3.1-Pro-Preview/Zooniverse/run_01/well_formed.request.json
518,459db53a766ae439d8fbd93d3befc6d49981d63daa1848bd903846356fa076dc,results/raw/zero_shot/Gemini-3.1-Pro-Preview/Zooniverse/run_02/well_formed.request.json,outputs/raw/zero_shot/Gemini-3.1-Pro-Preview/Zooniverse/run_02/well_formed.request.json
518,459db53a766ae439d8fbd93d3befc6d49981d63daa1848bd903846356fa076dc,results/raw/zero_shot/Gemini-3.1-Pro-Preview/Zooniverse/run_03/well_formed.request.json,outputs/raw/zero_shot/Gemini-3.1-Pro-Preview/Zooniverse/run_03/well_formed.request.json
518,459db53a766ae439d8fbd93d3befc6d49981d63daa1848bd903846356fa076dc,results/raw/zero_shot/Gemini-3.1-Pro-Preview/Zooniverse/run_04/well_formed.request.json,outputs/raw/zero_shot/Gemini-3.1-Pro-Preview/Zooniverse/run_04/well_formed.request.json
518,459db53a766ae439d8fbd93d3befc6d49981d63daa1848bd903846356fa076dc,results/raw/zero_shot/Gemini-3.1-Pro-Preview/Zooniverse/run_05/well_formed.request.json,outputs/raw/zero_shot/Gemini-3.1-Pro-Preview/Zooniverse/run_05/well_formed.request.json
