story_id,project,user_story,qus_dimension,qus_criterion,decision,evidence,rationale,context_used,related_story_ids,notes
PP-001,PlanningPoker,"As a moderator, I want to create a new game by entering a name and an optional description, so that I can start inviting estimators.",Syntactic,Well-formed,No Violation,,,Story only,,
PP-001,PlanningPoker,"As a moderator, I want to create a new game by entering a name and an optional description, so that I can start inviting estimators.",Syntactic,Atomic,No Violation,,,Story only,,
PP-001,PlanningPoker,"As a moderator, I want to create a new game by entering a name and an optional description, so that I can start inviting estimators.",Syntactic,Minimal,Violation,create a new game by entering a name and an optional description,"The story incorporates solution, interface, technology, format, field, or constraint details that exceed the minimal description of the stakeholder need.",Story only,,
PP-001,PlanningPoker,"As a moderator, I want to create a new game by entering a name and an optional description, so that I can start inviting estimators.",Semantic,Conceptually sound,No Violation,,,Story only,,
PP-001,PlanningPoker,"As a moderator, I want to create a new game by entering a name and an optional description, so that I can start inviting estimators.",Semantic,Problem-oriented,Violation,create a new game by entering a name and an optional description,"The story prescribes a mechanism, technology, format, interface element, or concrete solution instead of remaining at the level of the stakeholder need.",Story only,,
PP-001,PlanningPoker,"As a moderator, I want to create a new game by entering a name and an optional description, so that I can start inviting estimators.",Semantic,Unambiguous,No Violation,,,Story only,,
PP-001,PlanningPoker,"As a moderator, I want to create a new game by entering a name and an optional description, so that I can start inviting estimators.",Semantic,Conflict-free,No Violation,,,Story + Backlog,,No explicit conflict was identified in the available backlog.
PP-001,PlanningPoker,"As a moderator, I want to create a new game by entering a name and an optional description, so that I can start inviting estimators.",Pragmatic,Full sentence,No Violation,,,Story only,,
PP-001,PlanningPoker,"As a moderator, I want to create a new game by entering a name and an optional description, so that I can start inviting estimators.",Pragmatic,Estimatable,No Violation,,,Story + Backlog,,The backlog and the story itself provide sufficient scope for a preliminary estimate.
PP-001,PlanningPoker,"As a moderator, I want to create a new game by entering a name and an optional description, so that I can start inviting estimators.",Pragmatic,Unique,No Violation,,,Story + Backlog,,No substantial duplication was identified in the backlog.
PP-001,PlanningPoker,"As a moderator, I want to create a new game by entering a name and an optional description, so that I can start inviting estimators.",Pragmatic,Uniform,No Violation,,,Story + Backlog,,
PP-001,PlanningPoker,"As a moderator, I want to create a new game by entering a name and an optional description, so that I can start inviting estimators.",Pragmatic,Independent,No Violation,,,Story + Backlog,,No evident unnecessary dependency was identified.
PP-001,PlanningPoker,"As a moderator, I want to create a new game by entering a name and an optional description, so that I can start inviting estimators.",Pragmatic,Complete,No Violation,,,Story + Backlog,,No evident complementary omission was identified in the available backlog.
PP-002,PlanningPoker,"As a moderator, I want to invite estimators by giving them a URL where they can access the game, so that we can start the game.",Syntactic,Well-formed,No Violation,,,Story only,,
PP-002,PlanningPoker,"As a moderator, I want to invite estimators by giving them a URL where they can access the game, so that we can start the game.",Syntactic,Atomic,No Violation,,,Story only,,
PP-002,PlanningPoker,"As a moderator, I want to invite estimators by giving them a URL where they can access the game, so that we can start the game.",Syntactic,Minimal,Violation,invite estimators by giving them a URL where they can access the game,"The story embeds additional implementation, interface, field, constraint, or workflow detail beyond the minimal role–means–optional end structure.",Story only,,Revisar durante a calibração do critério Minimal.
PP-002,PlanningPoker,"As a moderator, I want to invite estimators by giving them a URL where they can access the game, so that we can start the game.",Semantic,Conceptually sound,No Violation,,,Story only,,
PP-002,PlanningPoker,"As a moderator, I want to invite estimators by giving them a URL where they can access the game, so that we can start the game.",Semantic,Problem-oriented,Violation,invite estimators by giving them a URL where they can access the game,"The story prescribes a mechanism, technology, format, interface element, or concrete solution instead of remaining at the level of the stakeholder need.",Story only,,
PP-002,PlanningPoker,"As a moderator, I want to invite estimators by giving them a URL where they can access the game, so that we can start the game.",Semantic,Unambiguous,No Violation,,,Story only,,
PP-002,PlanningPoker,"As a moderator, I want to invite estimators by giving them a URL where they can access the game, so that we can start the game.",Semantic,Conflict-free,No Violation,,,Story + Backlog,,No explicit conflict was identified in the available backlog.
PP-002,PlanningPoker,"As a moderator, I want to invite estimators by giving them a URL where they can access the game, so that we can start the game.",Pragmatic,Full sentence,No Violation,,,Story only,,
PP-002,PlanningPoker,"As a moderator, I want to invite estimators by giving them a URL where they can access the game, so that we can start the game.",Pragmatic,Estimatable,No Violation,,,Story + Backlog,,The backlog and the story itself provide sufficient scope for a preliminary estimate.
PP-002,PlanningPoker,"As a moderator, I want to invite estimators by giving them a URL where they can access the game, so that we can start the game.",Pragmatic,Unique,No Violation,,,Story + Backlog,,No substantial duplication was identified in the backlog.
PP-002,PlanningPoker,"As a moderator, I want to invite estimators by giving them a URL where they can access the game, so that we can start the game.",Pragmatic,Uniform,No Violation,,,Story + Backlog,,
PP-002,PlanningPoker,"As a moderator, I want to invite estimators by giving them a URL where they can access the game, so that we can start the game.",Pragmatic,Independent,No Violation,,,Story + Backlog,PP-001,
PP-002,PlanningPoker,"As a moderator, I want to invite estimators by giving them a URL where they can access the game, so that we can start the game.",Pragmatic,Complete,No Violation,,,Story + Backlog,,No evident complementary omission was identified in the available backlog.
PP-003,PlanningPoker,"As a moderator, I want to start a round by entering an item in a single multi-line text field, so that we can estimate it.",Syntactic,Well-formed,No Violation,,,Story only,,
PP-003,PlanningPoker,"As a moderator, I want to start a round by entering an item in a single multi-line text field, so that we can estimate it.",Syntactic,Atomic,No Violation,,,Story only,,
PP-003,PlanningPoker,"As a moderator, I want to start a round by entering an item in a single multi-line text field, so that we can estimate it.",Syntactic,Minimal,Violation,start a round by entering an item in a single multi-line text field,"The story incorporates solution, interface, technology, format, field, or constraint details that exceed the minimal description of the stakeholder need.",Story only,,
PP-003,PlanningPoker,"As a moderator, I want to start a round by entering an item in a single multi-line text field, so that we can estimate it.",Semantic,Conceptually sound,No Violation,,,Story only,,
PP-003,PlanningPoker,"As a moderator, I want to start a round by entering an item in a single multi-line text field, so that we can estimate it.",Semantic,Problem-oriented,Violation,start a round by entering an item in a single multi-line text field,"The story prescribes a mechanism, technology, format, interface element, or concrete solution instead of remaining at the level of the stakeholder need.",Story only,,
PP-003,PlanningPoker,"As a moderator, I want to start a round by entering an item in a single multi-line text field, so that we can estimate it.",Semantic,Unambiguous,No Violation,,,Story only,,
PP-003,PlanningPoker,"As a moderator, I want to start a round by entering an item in a single multi-line text field, so that we can estimate it.",Semantic,Conflict-free,No Violation,,,Story + Backlog,,No explicit conflict was identified in the available backlog.
PP-003,PlanningPoker,"As a moderator, I want to start a round by entering an item in a single multi-line text field, so that we can estimate it.",Pragmatic,Full sentence,No Violation,,,Story only,,
PP-003,PlanningPoker,"As a moderator, I want to start a round by entering an item in a single multi-line text field, so that we can estimate it.",Pragmatic,Estimatable,No Violation,,,Story + Backlog,,The backlog and the story itself provide sufficient scope for a preliminary estimate.
PP-003,PlanningPoker,"As a moderator, I want to start a round by entering an item in a single multi-line text field, so that we can estimate it.",Pragmatic,Unique,No Violation,,,Story + Backlog,,No substantial duplication was identified in the backlog.
PP-003,PlanningPoker,"As a moderator, I want to start a round by entering an item in a single multi-line text field, so that we can estimate it.",Pragmatic,Uniform,No Violation,,,Story + Backlog,,
PP-003,PlanningPoker,"As a moderator, I want to start a round by entering an item in a single multi-line text field, so that we can estimate it.",Pragmatic,Independent,No Violation,,,Story + Backlog,,No evident unnecessary dependency was identified.
PP-003,PlanningPoker,"As a moderator, I want to start a round by entering an item in a single multi-line text field, so that we can estimate it.",Pragmatic,Complete,No Violation,,,Story + Backlog,,No evident complementary omission was identified in the available backlog.
PP-004,PlanningPoker,"As a moderator, I want to see all items we try to estimate this session, so that I can answer questions about the current story such as ""does this include ___"".",Syntactic,Well-formed,No Violation,,,Story only,,
PP-004,PlanningPoker,"As a moderator, I want to see all items we try to estimate this session, so that I can answer questions about the current story such as ""does this include ___"".",Syntactic,Atomic,No Violation,,,Story only,,
PP-004,PlanningPoker,"As a moderator, I want to see all items we try to estimate this session, so that I can answer questions about the current story such as ""does this include ___"".",Syntactic,Minimal,Violation,see all items we try to estimate this session,"The story incorporates solution, interface, technology, format, field, or constraint details that exceed the minimal description of the stakeholder need.",Story only,,
PP-004,PlanningPoker,"As a moderator, I want to see all items we try to estimate this session, so that I can answer questions about the current story such as ""does this include ___"".",Semantic,Conceptually sound,No Violation,,,Story only,,
PP-004,PlanningPoker,"As a moderator, I want to see all items we try to estimate this session, so that I can answer questions about the current story such as ""does this include ___"".",Semantic,Problem-oriented,No Violation,,,Story only,,
PP-004,PlanningPoker,"As a moderator, I want to see all items we try to estimate this session, so that I can answer questions about the current story such as ""does this include ___"".",Semantic,Unambiguous,No Violation,,,Story only,,
PP-004,PlanningPoker,"As a moderator, I want to see all items we try to estimate this session, so that I can answer questions about the current story such as ""does this include ___"".",Semantic,Conflict-free,No Violation,,,Story + Backlog,,No explicit conflict was identified in the available backlog.
PP-004,PlanningPoker,"As a moderator, I want to see all items we try to estimate this session, so that I can answer questions about the current story such as ""does this include ___"".",Pragmatic,Full sentence,No Violation,,,Story only,,
PP-004,PlanningPoker,"As a moderator, I want to see all items we try to estimate this session, so that I can answer questions about the current story such as ""does this include ___"".",Pragmatic,Estimatable,No Violation,,,Story + Backlog,,
PP-004,PlanningPoker,"As a moderator, I want to see all items we try to estimate this session, so that I can answer questions about the current story such as ""does this include ___"".",Pragmatic,Unique,No Violation,,,Story + Backlog,PP-031,Comparar semanticamente as duas histórias antes do consenso.
PP-004,PlanningPoker,"As a moderator, I want to see all items we try to estimate this session, so that I can answer questions about the current story such as ""does this include ___"".",Pragmatic,Uniform,No Violation,,,Story + Backlog,,
PP-004,PlanningPoker,"As a moderator, I want to see all items we try to estimate this session, so that I can answer questions about the current story such as ""does this include ___"".",Pragmatic,Independent,No Violation,,,Story + Backlog,,No evident unnecessary dependency was identified.
PP-004,PlanningPoker,"As a moderator, I want to see all items we try to estimate this session, so that I can answer questions about the current story such as ""does this include ___"".",Pragmatic,Complete,No Violation,,,Story + Backlog,,No evident complementary omission was identified in the available backlog.
PP-005,PlanningPoker,"As a moderator, I want to select an item to be estimated or re-estimated, so that the team sees that item and can estimate it.",Syntactic,Well-formed,No Violation,,,Story only,,
PP-005,PlanningPoker,"As a moderator, I want to select an item to be estimated or re-estimated, so that the team sees that item and can estimate it.",Syntactic,Atomic,No Violation,,,Story only,,Requer alinhamento da regra de fronteira para Atomic.
PP-005,PlanningPoker,"As a moderator, I want to select an item to be estimated or re-estimated, so that the team sees that item and can estimate it.",Syntactic,Minimal,No Violation,,,Story only,,
PP-005,PlanningPoker,"As a moderator, I want to select an item to be estimated or re-estimated, so that the team sees that item and can estimate it.",Semantic,Conceptually sound,No Violation,,,Story only,,
PP-005,PlanningPoker,"As a moderator, I want to select an item to be estimated or re-estimated, so that the team sees that item and can estimate it.",Semantic,Problem-oriented,No Violation,,,Story only,,
PP-005,PlanningPoker,"As a moderator, I want to select an item to be estimated or re-estimated, so that the team sees that item and can estimate it.",Semantic,Unambiguous,No Violation,,,Story only,,
PP-005,PlanningPoker,"As a moderator, I want to select an item to be estimated or re-estimated, so that the team sees that item and can estimate it.",Semantic,Conflict-free,No Violation,,,Story + Backlog,,No explicit conflict was identified in the available backlog.
PP-005,PlanningPoker,"As a moderator, I want to select an item to be estimated or re-estimated, so that the team sees that item and can estimate it.",Pragmatic,Full sentence,No Violation,,,Story only,,
PP-005,PlanningPoker,"As a moderator, I want to select an item to be estimated or re-estimated, so that the team sees that item and can estimate it.",Pragmatic,Estimatable,No Violation,,,Story + Backlog,,
PP-005,PlanningPoker,"As a moderator, I want to select an item to be estimated or re-estimated, so that the team sees that item and can estimate it.",Pragmatic,Unique,No Violation,,,Story + Backlog,,No substantial duplication was identified in the backlog.
PP-005,PlanningPoker,"As a moderator, I want to select an item to be estimated or re-estimated, so that the team sees that item and can estimate it.",Pragmatic,Uniform,No Violation,,,Story + Backlog,,
PP-005,PlanningPoker,"As a moderator, I want to select an item to be estimated or re-estimated, so that the team sees that item and can estimate it.",Pragmatic,Independent,No Violation,,,Story + Backlog,,No evident unnecessary dependency was identified.
PP-005,PlanningPoker,"As a moderator, I want to select an item to be estimated or re-estimated, so that the team sees that item and can estimate it.",Pragmatic,Complete,No Violation,,,Story + Backlog,,No evident complementary omission was identified in the available backlog.
PP-006,PlanningPoker,"As a moderator, I want to add an item to the list of items to be estimated, so that so that we can be flexible and accommodate situations where we think of a new story while playing.",Syntactic,Well-formed,No Violation,,,Story only,,
PP-006,PlanningPoker,"As a moderator, I want to add an item to the list of items to be estimated, so that so that we can be flexible and accommodate situations where we think of a new story while playing.",Syntactic,Atomic,No Violation,,,Story only,,
PP-006,PlanningPoker,"As a moderator, I want to add an item to the list of items to be estimated, so that so that we can be flexible and accommodate situations where we think of a new story while playing.",Syntactic,Minimal,No Violation,,,Story only,,
PP-006,PlanningPoker,"As a moderator, I want to add an item to the list of items to be estimated, so that so that we can be flexible and accommodate situations where we think of a new story while playing.",Semantic,Conceptually sound,No Violation,,,Story only,,
PP-006,PlanningPoker,"As a moderator, I want to add an item to the list of items to be estimated, so that so that we can be flexible and accommodate situations where we think of a new story while playing.",Semantic,Problem-oriented,No Violation,,,Story only,,
PP-006,PlanningPoker,"As a moderator, I want to add an item to the list of items to be estimated, so that so that we can be flexible and accommodate situations where we think of a new story while playing.",Semantic,Unambiguous,No Violation,,,Story only,,
PP-006,PlanningPoker,"As a moderator, I want to add an item to the list of items to be estimated, so that so that we can be flexible and accommodate situations where we think of a new story while playing.",Semantic,Conflict-free,No Violation,,,Story + Backlog,,No explicit conflict was identified in the available backlog.
PP-006,PlanningPoker,"As a moderator, I want to add an item to the list of items to be estimated, so that so that we can be flexible and accommodate situations where we think of a new story while playing.",Pragmatic,Full sentence,No Violation,,,Story only,,
PP-006,PlanningPoker,"As a moderator, I want to add an item to the list of items to be estimated, so that so that we can be flexible and accommodate situations where we think of a new story while playing.",Pragmatic,Estimatable,No Violation,,,Story + Backlog,,The backlog and the story itself provide sufficient scope for a preliminary estimate.
PP-006,PlanningPoker,"As a moderator, I want to add an item to the list of items to be estimated, so that so that we can be flexible and accommodate situations where we think of a new story while playing.",Pragmatic,Unique,No Violation,,,Story + Backlog,,No substantial duplication was identified in the backlog.
PP-006,PlanningPoker,"As a moderator, I want to add an item to the list of items to be estimated, so that so that we can be flexible and accommodate situations where we think of a new story while playing.",Pragmatic,Uniform,No Violation,,,Story + Backlog,,
PP-006,PlanningPoker,"As a moderator, I want to add an item to the list of items to be estimated, so that so that we can be flexible and accommodate situations where we think of a new story while playing.",Pragmatic,Independent,No Violation,,,Story + Backlog,,No evident unnecessary dependency was identified.
PP-006,PlanningPoker,"As a moderator, I want to add an item to the list of items to be estimated, so that so that we can be flexible and accommodate situations where we think of a new story while playing.",Pragmatic,Complete,No Violation,,,Story + Backlog,,No evident complementary omission was identified in the available backlog.
PP-007,PlanningPoker,"As a moderator, I want to edit an item in the list of items to be estimated, so that I can make it better reflect the team's understanding of the item.",Syntactic,Well-formed,No Violation,,,Story only,,
PP-007,PlanningPoker,"As a moderator, I want to edit an item in the list of items to be estimated, so that I can make it better reflect the team's understanding of the item.",Syntactic,Atomic,No Violation,,,Story only,,
PP-007,PlanningPoker,"As a moderator, I want to edit an item in the list of items to be estimated, so that I can make it better reflect the team's understanding of the item.",Syntactic,Minimal,No Violation,,,Story only,,
PP-007,PlanningPoker,"As a moderator, I want to edit an item in the list of items to be estimated, so that I can make it better reflect the team's understanding of the item.",Semantic,Conceptually sound,No Violation,,,Story only,,
PP-007,PlanningPoker,"As a moderator, I want to edit an item in the list of items to be estimated, so that I can make it better reflect the team's understanding of the item.",Semantic,Problem-oriented,No Violation,,,Story only,,
PP-007,PlanningPoker,"As a moderator, I want to edit an item in the list of items to be estimated, so that I can make it better reflect the team's understanding of the item.",Semantic,Unambiguous,No Violation,,,Story only,,
PP-007,PlanningPoker,"As a moderator, I want to edit an item in the list of items to be estimated, so that I can make it better reflect the team's understanding of the item.",Semantic,Conflict-free,No Violation,,,Story + Backlog,,No explicit conflict was identified in the available backlog.
PP-007,PlanningPoker,"As a moderator, I want to edit an item in the list of items to be estimated, so that I can make it better reflect the team's understanding of the item.",Pragmatic,Full sentence,No Violation,,,Story only,,
PP-007,PlanningPoker,"As a moderator, I want to edit an item in the list of items to be estimated, so that I can make it better reflect the team's understanding of the item.",Pragmatic,Estimatable,No Violation,,,Story + Backlog,,The backlog and the story itself provide sufficient scope for a preliminary estimate.
PP-007,PlanningPoker,"As a moderator, I want to edit an item in the list of items to be estimated, so that I can make it better reflect the team's understanding of the item.",Pragmatic,Unique,No Violation,,,Story + Backlog,,No substantial duplication was identified in the backlog.
PP-007,PlanningPoker,"As a moderator, I want to edit an item in the list of items to be estimated, so that I can make it better reflect the team's understanding of the item.",Pragmatic,Uniform,No Violation,,,Story + Backlog,,
PP-007,PlanningPoker,"As a moderator, I want to edit an item in the list of items to be estimated, so that I can make it better reflect the team's understanding of the item.",Pragmatic,Independent,No Violation,,,Story + Backlog,,No evident unnecessary dependency was identified.
PP-007,PlanningPoker,"As a moderator, I want to edit an item in the list of items to be estimated, so that I can make it better reflect the team's understanding of the item.",Pragmatic,Complete,No Violation,,,Story + Backlog,,No evident complementary omission was identified in the available backlog.
PP-008,PlanningPoker,"As a moderator, I want to delete an item from the list of items to be estimated, so that we can remove it and not estimate it.",Syntactic,Well-formed,No Violation,,,Story only,,
PP-008,PlanningPoker,"As a moderator, I want to delete an item from the list of items to be estimated, so that we can remove it and not estimate it.",Syntactic,Atomic,No Violation,,,Story only,,
PP-008,PlanningPoker,"As a moderator, I want to delete an item from the list of items to be estimated, so that we can remove it and not estimate it.",Syntactic,Minimal,No Violation,,,Story only,,
PP-008,PlanningPoker,"As a moderator, I want to delete an item from the list of items to be estimated, so that we can remove it and not estimate it.",Semantic,Conceptually sound,No Violation,,,Story only,,
PP-008,PlanningPoker,"As a moderator, I want to delete an item from the list of items to be estimated, so that we can remove it and not estimate it.",Semantic,Problem-oriented,No Violation,,,Story only,,
PP-008,PlanningPoker,"As a moderator, I want to delete an item from the list of items to be estimated, so that we can remove it and not estimate it.",Semantic,Unambiguous,No Violation,,,Story only,,
PP-008,PlanningPoker,"As a moderator, I want to delete an item from the list of items to be estimated, so that we can remove it and not estimate it.",Semantic,Conflict-free,No Violation,,,Story + Backlog,,No explicit conflict was identified in the available backlog.
PP-008,PlanningPoker,"As a moderator, I want to delete an item from the list of items to be estimated, so that we can remove it and not estimate it.",Pragmatic,Full sentence,No Violation,,,Story only,,
PP-008,PlanningPoker,"As a moderator, I want to delete an item from the list of items to be estimated, so that we can remove it and not estimate it.",Pragmatic,Estimatable,No Violation,,,Story + Backlog,,The backlog and the story itself provide sufficient scope for a preliminary estimate.
PP-008,PlanningPoker,"As a moderator, I want to delete an item from the list of items to be estimated, so that we can remove it and not estimate it.",Pragmatic,Unique,No Violation,,,Story + Backlog,,No substantial duplication was identified in the backlog.
PP-008,PlanningPoker,"As a moderator, I want to delete an item from the list of items to be estimated, so that we can remove it and not estimate it.",Pragmatic,Uniform,No Violation,,,Story + Backlog,,
PP-008,PlanningPoker,"As a moderator, I want to delete an item from the list of items to be estimated, so that we can remove it and not estimate it.",Pragmatic,Independent,No Violation,,,Story + Backlog,,No evident unnecessary dependency was identified.
PP-008,PlanningPoker,"As a moderator, I want to delete an item from the list of items to be estimated, so that we can remove it and not estimate it.",Pragmatic,Complete,No Violation,,,Story + Backlog,,No evident complementary omission was identified in the available backlog.
PP-009,PlanningPoker,"As a moderator, I want to show all estimates immediately, so that I can decide to show the estimates that have been given even though not all estimators have given their estimate.",Syntactic,Well-formed,No Violation,,,Story only,,
PP-009,PlanningPoker,"As a moderator, I want to show all estimates immediately, so that I can decide to show the estimates that have been given even though not all estimators have given their estimate.",Syntactic,Atomic,No Violation,,,Story only,,
PP-009,PlanningPoker,"As a moderator, I want to show all estimates immediately, so that I can decide to show the estimates that have been given even though not all estimators have given their estimate.",Syntactic,Minimal,No Violation,,,Story only,,
PP-009,PlanningPoker,"As a moderator, I want to show all estimates immediately, so that I can decide to show the estimates that have been given even though not all estimators have given their estimate.",Semantic,Conceptually sound,No Violation,,,Story only,,
PP-009,PlanningPoker,"As a moderator, I want to show all estimates immediately, so that I can decide to show the estimates that have been given even though not all estimators have given their estimate.",Semantic,Problem-oriented,No Violation,,,Story only,,
PP-009,PlanningPoker,"As a moderator, I want to show all estimates immediately, so that I can decide to show the estimates that have been given even though not all estimators have given their estimate.",Semantic,Unambiguous,Violation,show all estimates immediately,"The highlighted wording leaves a key term, scope, reference, or expected behavior open to materially different interpretations.",Story only,,
PP-009,PlanningPoker,"As a moderator, I want to show all estimates immediately, so that I can decide to show the estimates that have been given even though not all estimators have given their estimate.",Semantic,Conflict-free,No Violation,,,Story + Backlog,PP-033,Comparar as regras de exibição de estimativas antes do consenso.
PP-009,PlanningPoker,"As a moderator, I want to show all estimates immediately, so that I can decide to show the estimates that have been given even though not all estimators have given their estimate.",Pragmatic,Full sentence,No Violation,,,Story only,,
PP-009,PlanningPoker,"As a moderator, I want to show all estimates immediately, so that I can decide to show the estimates that have been given even though not all estimators have given their estimate.",Pragmatic,Estimatable,Violation,show all estimates immediately,"The highlighted wording leaves relevant scope, expected behavior, or constraints insufficiently defined to support a reliable implementation estimate.",Story + Backlog,,
PP-009,PlanningPoker,"As a moderator, I want to show all estimates immediately, so that I can decide to show the estimates that have been given even though not all estimators have given their estimate.",Pragmatic,Unique,No Violation,,,Story + Backlog,,No substantial duplication was identified in the backlog.
PP-009,PlanningPoker,"As a moderator, I want to show all estimates immediately, so that I can decide to show the estimates that have been given even though not all estimators have given their estimate.",Pragmatic,Uniform,No Violation,,,Story + Backlog,,
PP-009,PlanningPoker,"As a moderator, I want to show all estimates immediately, so that I can decide to show the estimates that have been given even though not all estimators have given their estimate.",Pragmatic,Independent,No Violation,,,Story + Backlog,"PP-032, PP-033",
PP-009,PlanningPoker,"As a moderator, I want to show all estimates immediately, so that I can decide to show the estimates that have been given even though not all estimators have given their estimate.",Pragmatic,Complete,No Violation,,,Story + Backlog,,No evident complementary omission was identified in the available backlog.
PP-010,PlanningPoker,"As a moderator, I want to accept the average of all estimates, so that we can move on to the next item when we agree.",Syntactic,Well-formed,No Violation,,,Story only,,
PP-010,PlanningPoker,"As a moderator, I want to accept the average of all estimates, so that we can move on to the next item when we agree.",Syntactic,Atomic,No Violation,,,Story only,,
PP-010,PlanningPoker,"As a moderator, I want to accept the average of all estimates, so that we can move on to the next item when we agree.",Syntactic,Minimal,No Violation,,,Story only,,
PP-010,PlanningPoker,"As a moderator, I want to accept the average of all estimates, so that we can move on to the next item when we agree.",Semantic,Conceptually sound,No Violation,,,Story only,,
PP-010,PlanningPoker,"As a moderator, I want to accept the average of all estimates, so that we can move on to the next item when we agree.",Semantic,Problem-oriented,No Violation,,,Story only,,
PP-010,PlanningPoker,"As a moderator, I want to accept the average of all estimates, so that we can move on to the next item when we agree.",Semantic,Unambiguous,No Violation,,,Story only,,
PP-010,PlanningPoker,"As a moderator, I want to accept the average of all estimates, so that we can move on to the next item when we agree.",Semantic,Conflict-free,No Violation,,,Story + Backlog,,No explicit conflict was identified in the available backlog.
PP-010,PlanningPoker,"As a moderator, I want to accept the average of all estimates, so that we can move on to the next item when we agree.",Pragmatic,Full sentence,No Violation,,,Story only,,
PP-010,PlanningPoker,"As a moderator, I want to accept the average of all estimates, so that we can move on to the next item when we agree.",Pragmatic,Estimatable,No Violation,,,Story + Backlog,,The backlog and the story itself provide sufficient scope for a preliminary estimate.
PP-010,PlanningPoker,"As a moderator, I want to accept the average of all estimates, so that we can move on to the next item when we agree.",Pragmatic,Unique,No Violation,,,Story + Backlog,,No substantial duplication was identified in the backlog.
PP-010,PlanningPoker,"As a moderator, I want to accept the average of all estimates, so that we can move on to the next item when we agree.",Pragmatic,Uniform,No Violation,,,Story + Backlog,,
PP-010,PlanningPoker,"As a moderator, I want to accept the average of all estimates, so that we can move on to the next item when we agree.",Pragmatic,Independent,No Violation,,,Story + Backlog,,No evident unnecessary dependency was identified.
PP-010,PlanningPoker,"As a moderator, I want to accept the average of all estimates, so that we can move on to the next item when we agree.",Pragmatic,Complete,No Violation,,,Story + Backlog,,No evident complementary omission was identified in the available backlog.
PP-011,PlanningPoker,"As a moderator, I want to have the ""estimate"" field filled in automatically if all estimators show the same card, so that I can accept it more quickly.",Syntactic,Well-formed,No Violation,,,Story only,,
PP-011,PlanningPoker,"As a moderator, I want to have the ""estimate"" field filled in automatically if all estimators show the same card, so that I can accept it more quickly.",Syntactic,Atomic,No Violation,,,Story only,,
PP-011,PlanningPoker,"As a moderator, I want to have the ""estimate"" field filled in automatically if all estimators show the same card, so that I can accept it more quickly.",Syntactic,Minimal,Violation,"have the ""estimate"" field filled in automatically if all estimators show the same card","The story embeds additional implementation, interface, field, constraint, or workflow detail beyond the minimal role–means–optional end structure.",Story only,,Revisar durante a calibração do critério Minimal.
PP-011,PlanningPoker,"As a moderator, I want to have the ""estimate"" field filled in automatically if all estimators show the same card, so that I can accept it more quickly.",Semantic,Conceptually sound,No Violation,,,Story only,,
PP-011,PlanningPoker,"As a moderator, I want to have the ""estimate"" field filled in automatically if all estimators show the same card, so that I can accept it more quickly.",Semantic,Problem-oriented,Violation,"have the ""estimate"" field filled in automatically if all estimators show the same card","The story prescribes a mechanism, technology, format, interface element, or concrete solution instead of remaining at the level of the stakeholder need.",Story only,,
PP-011,PlanningPoker,"As a moderator, I want to have the ""estimate"" field filled in automatically if all estimators show the same card, so that I can accept it more quickly.",Semantic,Unambiguous,No Violation,,,Story only,,
PP-011,PlanningPoker,"As a moderator, I want to have the ""estimate"" field filled in automatically if all estimators show the same card, so that I can accept it more quickly.",Semantic,Conflict-free,No Violation,,,Story + Backlog,,No explicit conflict was identified in the available backlog.
PP-011,PlanningPoker,"As a moderator, I want to have the ""estimate"" field filled in automatically if all estimators show the same card, so that I can accept it more quickly.",Pragmatic,Full sentence,No Violation,,,Story only,,
PP-011,PlanningPoker,"As a moderator, I want to have the ""estimate"" field filled in automatically if all estimators show the same card, so that I can accept it more quickly.",Pragmatic,Estimatable,No Violation,,,Story + Backlog,,The backlog and the story itself provide sufficient scope for a preliminary estimate.
PP-011,PlanningPoker,"As a moderator, I want to have the ""estimate"" field filled in automatically if all estimators show the same card, so that I can accept it more quickly.",Pragmatic,Unique,No Violation,,,Story + Backlog,,No substantial duplication was identified in the backlog.
PP-011,PlanningPoker,"As a moderator, I want to have the ""estimate"" field filled in automatically if all estimators show the same card, so that I can accept it more quickly.",Pragmatic,Uniform,No Violation,,,Story + Backlog,,
PP-011,PlanningPoker,"As a moderator, I want to have the ""estimate"" field filled in automatically if all estimators show the same card, so that I can accept it more quickly.",Pragmatic,Independent,No Violation,,,Story + Backlog,PP-033,
PP-011,PlanningPoker,"As a moderator, I want to have the ""estimate"" field filled in automatically if all estimators show the same card, so that I can accept it more quickly.",Pragmatic,Complete,No Violation,,,Story + Backlog,,No evident complementary omission was identified in the available backlog.
PP-012,PlanningPoker,"As a moderator, I want to enter the agreed-upon estimate, so that we can move on to the next item when we agree.",Syntactic,Well-formed,No Violation,,,Story only,,
PP-012,PlanningPoker,"As a moderator, I want to enter the agreed-upon estimate, so that we can move on to the next item when we agree.",Syntactic,Atomic,No Violation,,,Story only,,
PP-012,PlanningPoker,"As a moderator, I want to enter the agreed-upon estimate, so that we can move on to the next item when we agree.",Syntactic,Minimal,No Violation,,,Story only,,
PP-012,PlanningPoker,"As a moderator, I want to enter the agreed-upon estimate, so that we can move on to the next item when we agree.",Semantic,Conceptually sound,No Violation,,,Story only,,
PP-012,PlanningPoker,"As a moderator, I want to enter the agreed-upon estimate, so that we can move on to the next item when we agree.",Semantic,Problem-oriented,No Violation,,,Story only,,
PP-012,PlanningPoker,"As a moderator, I want to enter the agreed-upon estimate, so that we can move on to the next item when we agree.",Semantic,Unambiguous,No Violation,,,Story only,,
PP-012,PlanningPoker,"As a moderator, I want to enter the agreed-upon estimate, so that we can move on to the next item when we agree.",Semantic,Conflict-free,No Violation,,,Story + Backlog,,No explicit conflict was identified in the available backlog.
PP-012,PlanningPoker,"As a moderator, I want to enter the agreed-upon estimate, so that we can move on to the next item when we agree.",Pragmatic,Full sentence,No Violation,,,Story only,,
PP-012,PlanningPoker,"As a moderator, I want to enter the agreed-upon estimate, so that we can move on to the next item when we agree.",Pragmatic,Estimatable,No Violation,,,Story + Backlog,,The backlog and the story itself provide sufficient scope for a preliminary estimate.
PP-012,PlanningPoker,"As a moderator, I want to enter the agreed-upon estimate, so that we can move on to the next item when we agree.",Pragmatic,Unique,No Violation,,,Story + Backlog,,No substantial duplication was identified in the backlog.
PP-012,PlanningPoker,"As a moderator, I want to enter the agreed-upon estimate, so that we can move on to the next item when we agree.",Pragmatic,Uniform,No Violation,,,Story + Backlog,,
PP-012,PlanningPoker,"As a moderator, I want to enter the agreed-upon estimate, so that we can move on to the next item when we agree.",Pragmatic,Independent,No Violation,,,Story + Backlog,PP-033,
PP-012,PlanningPoker,"As a moderator, I want to enter the agreed-upon estimate, so that we can move on to the next item when we agree.",Pragmatic,Complete,No Violation,,,Story + Backlog,,No evident complementary omission was identified in the available backlog.
PP-013,PlanningPoker,"As a moderator, I want to estimate a story we estimated earlier in the session again, so that we can give a new estimate if we feel different about the story after estimating other related stories.",Syntactic,Well-formed,No Violation,,,Story only,,
PP-013,PlanningPoker,"As a moderator, I want to estimate a story we estimated earlier in the session again, so that we can give a new estimate if we feel different about the story after estimating other related stories.",Syntactic,Atomic,No Violation,,,Story only,,
PP-013,PlanningPoker,"As a moderator, I want to estimate a story we estimated earlier in the session again, so that we can give a new estimate if we feel different about the story after estimating other related stories.",Syntactic,Minimal,No Violation,,,Story only,,
PP-013,PlanningPoker,"As a moderator, I want to estimate a story we estimated earlier in the session again, so that we can give a new estimate if we feel different about the story after estimating other related stories.",Semantic,Conceptually sound,No Violation,,,Story only,,
PP-013,PlanningPoker,"As a moderator, I want to estimate a story we estimated earlier in the session again, so that we can give a new estimate if we feel different about the story after estimating other related stories.",Semantic,Problem-oriented,No Violation,,,Story only,,
PP-013,PlanningPoker,"As a moderator, I want to estimate a story we estimated earlier in the session again, so that we can give a new estimate if we feel different about the story after estimating other related stories.",Semantic,Unambiguous,No Violation,,,Story only,,
PP-013,PlanningPoker,"As a moderator, I want to estimate a story we estimated earlier in the session again, so that we can give a new estimate if we feel different about the story after estimating other related stories.",Semantic,Conflict-free,No Violation,,,Story + Backlog,,No explicit conflict was identified in the available backlog.
PP-013,PlanningPoker,"As a moderator, I want to estimate a story we estimated earlier in the session again, so that we can give a new estimate if we feel different about the story after estimating other related stories.",Pragmatic,Full sentence,No Violation,,,Story only,,
PP-013,PlanningPoker,"As a moderator, I want to estimate a story we estimated earlier in the session again, so that we can give a new estimate if we feel different about the story after estimating other related stories.",Pragmatic,Estimatable,No Violation,,,Story + Backlog,,The backlog and the story itself provide sufficient scope for a preliminary estimate.
PP-013,PlanningPoker,"As a moderator, I want to estimate a story we estimated earlier in the session again, so that we can give a new estimate if we feel different about the story after estimating other related stories.",Pragmatic,Unique,No Violation,,,Story + Backlog,,No substantial duplication was identified in the backlog.
PP-013,PlanningPoker,"As a moderator, I want to estimate a story we estimated earlier in the session again, so that we can give a new estimate if we feel different about the story after estimating other related stories.",Pragmatic,Uniform,No Violation,,,Story + Backlog,,
PP-013,PlanningPoker,"As a moderator, I want to estimate a story we estimated earlier in the session again, so that we can give a new estimate if we feel different about the story after estimating other related stories.",Pragmatic,Independent,No Violation,,,Story + Backlog,PP-012,
PP-013,PlanningPoker,"As a moderator, I want to estimate a story we estimated earlier in the session again, so that we can give a new estimate if we feel different about the story after estimating other related stories.",Pragmatic,Complete,No Violation,,,Story + Backlog,,No evident complementary omission was identified in the available backlog.
PP-014,PlanningPoker,"As a moderator, I want to import stories from a spreadsheet, so that I don't have to copy and paste each individual story.",Syntactic,Well-formed,No Violation,,,Story only,,
PP-014,PlanningPoker,"As a moderator, I want to import stories from a spreadsheet, so that I don't have to copy and paste each individual story.",Syntactic,Atomic,No Violation,,,Story only,,
PP-014,PlanningPoker,"As a moderator, I want to import stories from a spreadsheet, so that I don't have to copy and paste each individual story.",Syntactic,Minimal,No Violation,,,Story only,,
PP-014,PlanningPoker,"As a moderator, I want to import stories from a spreadsheet, so that I don't have to copy and paste each individual story.",Semantic,Conceptually sound,No Violation,,,Story only,,
PP-014,PlanningPoker,"As a moderator, I want to import stories from a spreadsheet, so that I don't have to copy and paste each individual story.",Semantic,Problem-oriented,Violation,import stories from a spreadsheet,"The story prescribes a mechanism, technology, format, interface element, or concrete solution instead of remaining at the level of the stakeholder need.",Story only,,
PP-014,PlanningPoker,"As a moderator, I want to import stories from a spreadsheet, so that I don't have to copy and paste each individual story.",Semantic,Unambiguous,No Violation,,,Story only,,
PP-014,PlanningPoker,"As a moderator, I want to import stories from a spreadsheet, so that I don't have to copy and paste each individual story.",Semantic,Conflict-free,No Violation,,,Story + Backlog,,No explicit conflict was identified in the available backlog.
PP-014,PlanningPoker,"As a moderator, I want to import stories from a spreadsheet, so that I don't have to copy and paste each individual story.",Pragmatic,Full sentence,No Violation,,,Story only,,
PP-014,PlanningPoker,"As a moderator, I want to import stories from a spreadsheet, so that I don't have to copy and paste each individual story.",Pragmatic,Estimatable,No Violation,,,Story + Backlog,,The backlog and the story itself provide sufficient scope for a preliminary estimate.
PP-014,PlanningPoker,"As a moderator, I want to import stories from a spreadsheet, so that I don't have to copy and paste each individual story.",Pragmatic,Unique,No Violation,,,Story + Backlog,,No substantial duplication was identified in the backlog.
PP-014,PlanningPoker,"As a moderator, I want to import stories from a spreadsheet, so that I don't have to copy and paste each individual story.",Pragmatic,Uniform,No Violation,,,Story + Backlog,,
PP-014,PlanningPoker,"As a moderator, I want to import stories from a spreadsheet, so that I don't have to copy and paste each individual story.",Pragmatic,Independent,No Violation,,,Story + Backlog,,No evident unnecessary dependency was identified.
PP-014,PlanningPoker,"As a moderator, I want to import stories from a spreadsheet, so that I don't have to copy and paste each individual story.",Pragmatic,Complete,No Violation,,,Story + Backlog,,No evident complementary omission was identified in the available backlog.
PP-015,PlanningPoker,"As a moderator, I want to copy/paste stories from a spreadsheet, so that I can get started more quickly.",Syntactic,Well-formed,No Violation,,,Story only,,
PP-015,PlanningPoker,"As a moderator, I want to copy/paste stories from a spreadsheet, so that I can get started more quickly.",Syntactic,Atomic,No Violation,,,Story only,,
PP-015,PlanningPoker,"As a moderator, I want to copy/paste stories from a spreadsheet, so that I can get started more quickly.",Syntactic,Minimal,No Violation,,,Story only,,
PP-015,PlanningPoker,"As a moderator, I want to copy/paste stories from a spreadsheet, so that I can get started more quickly.",Semantic,Conceptually sound,No Violation,,,Story only,,
PP-015,PlanningPoker,"As a moderator, I want to copy/paste stories from a spreadsheet, so that I can get started more quickly.",Semantic,Problem-oriented,Violation,copy/paste stories from a spreadsheet,"The story prescribes a mechanism, technology, format, interface element, or concrete solution instead of remaining at the level of the stakeholder need.",Story only,,
PP-015,PlanningPoker,"As a moderator, I want to copy/paste stories from a spreadsheet, so that I can get started more quickly.",Semantic,Unambiguous,No Violation,,,Story only,,
PP-015,PlanningPoker,"As a moderator, I want to copy/paste stories from a spreadsheet, so that I can get started more quickly.",Semantic,Conflict-free,No Violation,,,Story + Backlog,,No explicit conflict was identified in the available backlog.
PP-015,PlanningPoker,"As a moderator, I want to copy/paste stories from a spreadsheet, so that I can get started more quickly.",Pragmatic,Full sentence,No Violation,,,Story only,,
PP-015,PlanningPoker,"As a moderator, I want to copy/paste stories from a spreadsheet, so that I can get started more quickly.",Pragmatic,Estimatable,No Violation,,,Story + Backlog,,The backlog and the story itself provide sufficient scope for a preliminary estimate.
PP-015,PlanningPoker,"As a moderator, I want to copy/paste stories from a spreadsheet, so that I can get started more quickly.",Pragmatic,Unique,No Violation,,,Story + Backlog,,No substantial duplication was identified in the backlog.
PP-015,PlanningPoker,"As a moderator, I want to copy/paste stories from a spreadsheet, so that I can get started more quickly.",Pragmatic,Uniform,No Violation,,,Story + Backlog,,
PP-015,PlanningPoker,"As a moderator, I want to copy/paste stories from a spreadsheet, so that I can get started more quickly.",Pragmatic,Independent,No Violation,,,Story + Backlog,,No evident unnecessary dependency was identified.
PP-015,PlanningPoker,"As a moderator, I want to copy/paste stories from a spreadsheet, so that I can get started more quickly.",Pragmatic,Complete,No Violation,,,Story + Backlog,,No evident complementary omission was identified in the available backlog.
PP-016,PlanningPoker,"As a moderator, I want to browse through previous games, so that I can find the previous game I'm looking for.",Syntactic,Well-formed,No Violation,,,Story only,,
PP-016,PlanningPoker,"As a moderator, I want to browse through previous games, so that I can find the previous game I'm looking for.",Syntactic,Atomic,No Violation,,,Story only,,
PP-016,PlanningPoker,"As a moderator, I want to browse through previous games, so that I can find the previous game I'm looking for.",Syntactic,Minimal,No Violation,,,Story only,,
PP-016,PlanningPoker,"As a moderator, I want to browse through previous games, so that I can find the previous game I'm looking for.",Semantic,Conceptually sound,No Violation,,,Story only,,
PP-016,PlanningPoker,"As a moderator, I want to browse through previous games, so that I can find the previous game I'm looking for.",Semantic,Problem-oriented,No Violation,,,Story only,,
PP-016,PlanningPoker,"As a moderator, I want to browse through previous games, so that I can find the previous game I'm looking for.",Semantic,Unambiguous,No Violation,,,Story only,,
PP-016,PlanningPoker,"As a moderator, I want to browse through previous games, so that I can find the previous game I'm looking for.",Semantic,Conflict-free,No Violation,,,Story + Backlog,,No explicit conflict was identified in the available backlog.
PP-016,PlanningPoker,"As a moderator, I want to browse through previous games, so that I can find the previous game I'm looking for.",Pragmatic,Full sentence,No Violation,,,Story only,,
PP-016,PlanningPoker,"As a moderator, I want to browse through previous games, so that I can find the previous game I'm looking for.",Pragmatic,Estimatable,No Violation,,,Story + Backlog,,The backlog and the story itself provide sufficient scope for a preliminary estimate.
PP-016,PlanningPoker,"As a moderator, I want to browse through previous games, so that I can find the previous game I'm looking for.",Pragmatic,Unique,No Violation,,,Story + Backlog,,No substantial duplication was identified in the backlog.
PP-016,PlanningPoker,"As a moderator, I want to browse through previous games, so that I can find the previous game I'm looking for.",Pragmatic,Uniform,No Violation,,,Story + Backlog,,
PP-016,PlanningPoker,"As a moderator, I want to browse through previous games, so that I can find the previous game I'm looking for.",Pragmatic,Independent,No Violation,,,Story + Backlog,,No evident unnecessary dependency was identified.
PP-016,PlanningPoker,"As a moderator, I want to browse through previous games, so that I can find the previous game I'm looking for.",Pragmatic,Complete,No Violation,,,Story + Backlog,,No evident complementary omission was identified in the available backlog.
PP-017,PlanningPoker,"As a moderator, I want to view a transcript of a game, so that I can see the stories and estimates.",Syntactic,Well-formed,No Violation,,,Story only,,
PP-017,PlanningPoker,"As a moderator, I want to view a transcript of a game, so that I can see the stories and estimates.",Syntactic,Atomic,No Violation,,,Story only,,
PP-017,PlanningPoker,"As a moderator, I want to view a transcript of a game, so that I can see the stories and estimates.",Syntactic,Minimal,No Violation,,,Story only,,
PP-017,PlanningPoker,"As a moderator, I want to view a transcript of a game, so that I can see the stories and estimates.",Semantic,Conceptually sound,No Violation,,,Story only,,
PP-017,PlanningPoker,"As a moderator, I want to view a transcript of a game, so that I can see the stories and estimates.",Semantic,Problem-oriented,No Violation,,,Story only,,
PP-017,PlanningPoker,"As a moderator, I want to view a transcript of a game, so that I can see the stories and estimates.",Semantic,Unambiguous,No Violation,,,Story only,,
PP-017,PlanningPoker,"As a moderator, I want to view a transcript of a game, so that I can see the stories and estimates.",Semantic,Conflict-free,No Violation,,,Story + Backlog,,No explicit conflict was identified in the available backlog.
PP-017,PlanningPoker,"As a moderator, I want to view a transcript of a game, so that I can see the stories and estimates.",Pragmatic,Full sentence,No Violation,,,Story only,,
PP-017,PlanningPoker,"As a moderator, I want to view a transcript of a game, so that I can see the stories and estimates.",Pragmatic,Estimatable,No Violation,,,Story + Backlog,,The backlog and the story itself provide sufficient scope for a preliminary estimate.
PP-017,PlanningPoker,"As a moderator, I want to view a transcript of a game, so that I can see the stories and estimates.",Pragmatic,Unique,No Violation,,,Story + Backlog,,No substantial duplication was identified in the backlog.
PP-017,PlanningPoker,"As a moderator, I want to view a transcript of a game, so that I can see the stories and estimates.",Pragmatic,Uniform,No Violation,,,Story + Backlog,,
PP-017,PlanningPoker,"As a moderator, I want to view a transcript of a game, so that I can see the stories and estimates.",Pragmatic,Independent,No Violation,,,Story + Backlog,,No evident unnecessary dependency was identified.
PP-017,PlanningPoker,"As a moderator, I want to view a transcript of a game, so that I can see the stories and estimates.",Pragmatic,Complete,No Violation,,,Story + Backlog,,No evident complementary omission was identified in the available backlog.
PP-018,PlanningPoker,"As a moderator, I want to export a transcript of a game as a HTML file, so that I can save the stories and estimates locally.",Syntactic,Well-formed,No Violation,,,Story only,,
PP-018,PlanningPoker,"As a moderator, I want to export a transcript of a game as a HTML file, so that I can save the stories and estimates locally.",Syntactic,Atomic,No Violation,,,Story only,,
PP-018,PlanningPoker,"As a moderator, I want to export a transcript of a game as a HTML file, so that I can save the stories and estimates locally.",Syntactic,Minimal,No Violation,,,Story only,,
PP-018,PlanningPoker,"As a moderator, I want to export a transcript of a game as a HTML file, so that I can save the stories and estimates locally.",Semantic,Conceptually sound,No Violation,,,Story only,,
PP-018,PlanningPoker,"As a moderator, I want to export a transcript of a game as a HTML file, so that I can save the stories and estimates locally.",Semantic,Problem-oriented,Violation,export a transcript of a game as a HTML file,"The story prescribes a mechanism, technology, format, interface element, or concrete solution instead of remaining at the level of the stakeholder need.",Story only,,
PP-018,PlanningPoker,"As a moderator, I want to export a transcript of a game as a HTML file, so that I can save the stories and estimates locally.",Semantic,Unambiguous,No Violation,,,Story only,,
PP-018,PlanningPoker,"As a moderator, I want to export a transcript of a game as a HTML file, so that I can save the stories and estimates locally.",Semantic,Conflict-free,No Violation,,,Story + Backlog,,No explicit conflict was identified in the available backlog.
PP-018,PlanningPoker,"As a moderator, I want to export a transcript of a game as a HTML file, so that I can save the stories and estimates locally.",Pragmatic,Full sentence,No Violation,,,Story only,,
PP-018,PlanningPoker,"As a moderator, I want to export a transcript of a game as a HTML file, so that I can save the stories and estimates locally.",Pragmatic,Estimatable,No Violation,,,Story + Backlog,,The backlog and the story itself provide sufficient scope for a preliminary estimate.
PP-018,PlanningPoker,"As a moderator, I want to export a transcript of a game as a HTML file, so that I can save the stories and estimates locally.",Pragmatic,Unique,No Violation,,,Story + Backlog,,No substantial duplication was identified in the backlog.
PP-018,PlanningPoker,"As a moderator, I want to export a transcript of a game as a HTML file, so that I can save the stories and estimates locally.",Pragmatic,Uniform,No Violation,,,Story + Backlog,,
PP-018,PlanningPoker,"As a moderator, I want to export a transcript of a game as a HTML file, so that I can save the stories and estimates locally.",Pragmatic,Independent,No Violation,,,Story + Backlog,PP-017,
PP-018,PlanningPoker,"As a moderator, I want to export a transcript of a game as a HTML file, so that I can save the stories and estimates locally.",Pragmatic,Complete,No Violation,,,Story + Backlog,,No evident complementary omission was identified in the available backlog.
PP-019,PlanningPoker,"As a moderator, I want to export a transcript of a game as a CSV file, so that I can further process the stories and estimates.",Syntactic,Well-formed,No Violation,,,Story only,,
PP-019,PlanningPoker,"As a moderator, I want to export a transcript of a game as a CSV file, so that I can further process the stories and estimates.",Syntactic,Atomic,No Violation,,,Story only,,
PP-019,PlanningPoker,"As a moderator, I want to export a transcript of a game as a CSV file, so that I can further process the stories and estimates.",Syntactic,Minimal,No Violation,,,Story only,,
PP-019,PlanningPoker,"As a moderator, I want to export a transcript of a game as a CSV file, so that I can further process the stories and estimates.",Semantic,Conceptually sound,No Violation,,,Story only,,
PP-019,PlanningPoker,"As a moderator, I want to export a transcript of a game as a CSV file, so that I can further process the stories and estimates.",Semantic,Problem-oriented,Violation,export a transcript of a game as a CSV file,"The story prescribes a mechanism, technology, format, interface element, or concrete solution instead of remaining at the level of the stakeholder need.",Story only,,
PP-019,PlanningPoker,"As a moderator, I want to export a transcript of a game as a CSV file, so that I can further process the stories and estimates.",Semantic,Unambiguous,No Violation,,,Story only,,
PP-019,PlanningPoker,"As a moderator, I want to export a transcript of a game as a CSV file, so that I can further process the stories and estimates.",Semantic,Conflict-free,No Violation,,,Story + Backlog,,No explicit conflict was identified in the available backlog.
PP-019,PlanningPoker,"As a moderator, I want to export a transcript of a game as a CSV file, so that I can further process the stories and estimates.",Pragmatic,Full sentence,No Violation,,,Story only,,
PP-019,PlanningPoker,"As a moderator, I want to export a transcript of a game as a CSV file, so that I can further process the stories and estimates.",Pragmatic,Estimatable,No Violation,,,Story + Backlog,,The backlog and the story itself provide sufficient scope for a preliminary estimate.
PP-019,PlanningPoker,"As a moderator, I want to export a transcript of a game as a CSV file, so that I can further process the stories and estimates.",Pragmatic,Unique,No Violation,,,Story + Backlog,,No substantial duplication was identified in the backlog.
PP-019,PlanningPoker,"As a moderator, I want to export a transcript of a game as a CSV file, so that I can further process the stories and estimates.",Pragmatic,Uniform,No Violation,,,Story + Backlog,,
PP-019,PlanningPoker,"As a moderator, I want to export a transcript of a game as a CSV file, so that I can further process the stories and estimates.",Pragmatic,Independent,No Violation,,,Story + Backlog,PP-017,
PP-019,PlanningPoker,"As a moderator, I want to export a transcript of a game as a CSV file, so that I can further process the stories and estimates.",Pragmatic,Complete,No Violation,,,Story + Backlog,,No evident complementary omission was identified in the available backlog.
PP-020,PlanningPoker,"As a moderator, I want to delete a game, so that stories and estimates for this game are no longer stored.",Syntactic,Well-formed,No Violation,,,Story only,,
PP-020,PlanningPoker,"As a moderator, I want to delete a game, so that stories and estimates for this game are no longer stored.",Syntactic,Atomic,No Violation,,,Story only,,
PP-020,PlanningPoker,"As a moderator, I want to delete a game, so that stories and estimates for this game are no longer stored.",Syntactic,Minimal,No Violation,,,Story only,,
PP-020,PlanningPoker,"As a moderator, I want to delete a game, so that stories and estimates for this game are no longer stored.",Semantic,Conceptually sound,No Violation,,,Story only,,
PP-020,PlanningPoker,"As a moderator, I want to delete a game, so that stories and estimates for this game are no longer stored.",Semantic,Problem-oriented,No Violation,,,Story only,,
PP-020,PlanningPoker,"As a moderator, I want to delete a game, so that stories and estimates for this game are no longer stored.",Semantic,Unambiguous,No Violation,,,Story only,,
PP-020,PlanningPoker,"As a moderator, I want to delete a game, so that stories and estimates for this game are no longer stored.",Semantic,Conflict-free,No Violation,,,Story + Backlog,,No explicit conflict was identified in the available backlog.
PP-020,PlanningPoker,"As a moderator, I want to delete a game, so that stories and estimates for this game are no longer stored.",Pragmatic,Full sentence,No Violation,,,Story only,,
PP-020,PlanningPoker,"As a moderator, I want to delete a game, so that stories and estimates for this game are no longer stored.",Pragmatic,Estimatable,No Violation,,,Story + Backlog,,The backlog and the story itself provide sufficient scope for a preliminary estimate.
PP-020,PlanningPoker,"As a moderator, I want to delete a game, so that stories and estimates for this game are no longer stored.",Pragmatic,Unique,No Violation,,,Story + Backlog,,No substantial duplication was identified in the backlog.
PP-020,PlanningPoker,"As a moderator, I want to delete a game, so that stories and estimates for this game are no longer stored.",Pragmatic,Uniform,No Violation,,,Story + Backlog,,
PP-020,PlanningPoker,"As a moderator, I want to delete a game, so that stories and estimates for this game are no longer stored.",Pragmatic,Independent,No Violation,,,Story + Backlog,,No evident unnecessary dependency was identified.
PP-020,PlanningPoker,"As a moderator, I want to delete a game, so that stories and estimates for this game are no longer stored.",Pragmatic,Complete,No Violation,,,Story + Backlog,,No evident complementary omission was identified in the available backlog.
PP-021,PlanningPoker,"As a moderator, I want to create an account for the application by entering my name, email address, a password and a username, so that I can start using the application.",Syntactic,Well-formed,No Violation,,,Story only,,
PP-021,PlanningPoker,"As a moderator, I want to create an account for the application by entering my name, email address, a password and a username, so that I can start using the application.",Syntactic,Atomic,No Violation,,,Story only,,
PP-021,PlanningPoker,"As a moderator, I want to create an account for the application by entering my name, email address, a password and a username, so that I can start using the application.",Syntactic,Minimal,Violation,"create an account for the application by entering my name, email address, a password and a username","The story incorporates solution, interface, technology, format, field, or constraint details that exceed the minimal description of the stakeholder need.",Story only,,
PP-021,PlanningPoker,"As a moderator, I want to create an account for the application by entering my name, email address, a password and a username, so that I can start using the application.",Semantic,Conceptually sound,No Violation,,,Story only,,
PP-021,PlanningPoker,"As a moderator, I want to create an account for the application by entering my name, email address, a password and a username, so that I can start using the application.",Semantic,Problem-oriented,Violation,"create an account for the application by entering my name, email address, a password and a username","The story prescribes a mechanism, technology, format, interface element, or concrete solution instead of remaining at the level of the stakeholder need.",Story only,,
PP-021,PlanningPoker,"As a moderator, I want to create an account for the application by entering my name, email address, a password and a username, so that I can start using the application.",Semantic,Unambiguous,No Violation,,,Story only,,
PP-021,PlanningPoker,"As a moderator, I want to create an account for the application by entering my name, email address, a password and a username, so that I can start using the application.",Semantic,Conflict-free,No Violation,,,Story + Backlog,,No explicit conflict was identified in the available backlog.
PP-021,PlanningPoker,"As a moderator, I want to create an account for the application by entering my name, email address, a password and a username, so that I can start using the application.",Pragmatic,Full sentence,No Violation,,,Story only,,
PP-021,PlanningPoker,"As a moderator, I want to create an account for the application by entering my name, email address, a password and a username, so that I can start using the application.",Pragmatic,Estimatable,No Violation,,,Story + Backlog,,The backlog and the story itself provide sufficient scope for a preliminary estimate.
PP-021,PlanningPoker,"As a moderator, I want to create an account for the application by entering my name, email address, a password and a username, so that I can start using the application.",Pragmatic,Unique,No Violation,,,Story + Backlog,,No substantial duplication was identified in the backlog.
PP-021,PlanningPoker,"As a moderator, I want to create an account for the application by entering my name, email address, a password and a username, so that I can start using the application.",Pragmatic,Uniform,No Violation,,,Story + Backlog,,
PP-021,PlanningPoker,"As a moderator, I want to create an account for the application by entering my name, email address, a password and a username, so that I can start using the application.",Pragmatic,Independent,No Violation,,,Story + Backlog,,No evident unnecessary dependency was identified.
PP-021,PlanningPoker,"As a moderator, I want to create an account for the application by entering my name, email address, a password and a username, so that I can start using the application.",Pragmatic,Complete,No Violation,,,Story + Backlog,,No evident complementary omission was identified in the available backlog.
PP-022,PlanningPoker,"As a moderator, I want to log in using my account name and password, so that I can start using the application.",Syntactic,Well-formed,No Violation,,,Story only,,
PP-022,PlanningPoker,"As a moderator, I want to log in using my account name and password, so that I can start using the application.",Syntactic,Atomic,No Violation,,,Story only,,
PP-022,PlanningPoker,"As a moderator, I want to log in using my account name and password, so that I can start using the application.",Syntactic,Minimal,No Violation,,,Story only,,
PP-022,PlanningPoker,"As a moderator, I want to log in using my account name and password, so that I can start using the application.",Semantic,Conceptually sound,No Violation,,,Story only,,
PP-022,PlanningPoker,"As a moderator, I want to log in using my account name and password, so that I can start using the application.",Semantic,Problem-oriented,Violation,log in using my account name and password,"The story prescribes a mechanism, technology, format, interface element, or concrete solution instead of remaining at the level of the stakeholder need.",Story only,,
PP-022,PlanningPoker,"As a moderator, I want to log in using my account name and password, so that I can start using the application.",Semantic,Unambiguous,No Violation,,,Story only,,
PP-022,PlanningPoker,"As a moderator, I want to log in using my account name and password, so that I can start using the application.",Semantic,Conflict-free,No Violation,,,Story + Backlog,,No explicit conflict was identified in the available backlog.
PP-022,PlanningPoker,"As a moderator, I want to log in using my account name and password, so that I can start using the application.",Pragmatic,Full sentence,No Violation,,,Story only,,
PP-022,PlanningPoker,"As a moderator, I want to log in using my account name and password, so that I can start using the application.",Pragmatic,Estimatable,No Violation,,,Story + Backlog,,The backlog and the story itself provide sufficient scope for a preliminary estimate.
PP-022,PlanningPoker,"As a moderator, I want to log in using my account name and password, so that I can start using the application.",Pragmatic,Unique,No Violation,,,Story + Backlog,,No substantial duplication was identified in the backlog.
PP-022,PlanningPoker,"As a moderator, I want to log in using my account name and password, so that I can start using the application.",Pragmatic,Uniform,No Violation,,,Story + Backlog,,
PP-022,PlanningPoker,"As a moderator, I want to log in using my account name and password, so that I can start using the application.",Pragmatic,Independent,No Violation,,,Story + Backlog,,No evident unnecessary dependency was identified.
PP-022,PlanningPoker,"As a moderator, I want to log in using my account name and password, so that I can start using the application.",Pragmatic,Complete,No Violation,,,Story + Backlog,,No evident complementary omission was identified in the available backlog.
PP-023,PlanningPoker,"As a moderator, I want to change my account details, so that I can keep my account details up-to-date.",Syntactic,Well-formed,No Violation,,,Story only,,
PP-023,PlanningPoker,"As a moderator, I want to change my account details, so that I can keep my account details up-to-date.",Syntactic,Atomic,No Violation,,,Story only,,
PP-023,PlanningPoker,"As a moderator, I want to change my account details, so that I can keep my account details up-to-date.",Syntactic,Minimal,No Violation,,,Story only,,
PP-023,PlanningPoker,"As a moderator, I want to change my account details, so that I can keep my account details up-to-date.",Semantic,Conceptually sound,No Violation,,,Story only,,
PP-023,PlanningPoker,"As a moderator, I want to change my account details, so that I can keep my account details up-to-date.",Semantic,Problem-oriented,No Violation,,,Story only,,
PP-023,PlanningPoker,"As a moderator, I want to change my account details, so that I can keep my account details up-to-date.",Semantic,Unambiguous,No Violation,,,Story only,,
PP-023,PlanningPoker,"As a moderator, I want to change my account details, so that I can keep my account details up-to-date.",Semantic,Conflict-free,No Violation,,,Story + Backlog,,No explicit conflict was identified in the available backlog.
PP-023,PlanningPoker,"As a moderator, I want to change my account details, so that I can keep my account details up-to-date.",Pragmatic,Full sentence,No Violation,,,Story only,,
PP-023,PlanningPoker,"As a moderator, I want to change my account details, so that I can keep my account details up-to-date.",Pragmatic,Estimatable,No Violation,,,Story + Backlog,,The backlog and the story itself provide sufficient scope for a preliminary estimate.
PP-023,PlanningPoker,"As a moderator, I want to change my account details, so that I can keep my account details up-to-date.",Pragmatic,Unique,No Violation,,,Story + Backlog,,No substantial duplication was identified in the backlog.
PP-023,PlanningPoker,"As a moderator, I want to change my account details, so that I can keep my account details up-to-date.",Pragmatic,Uniform,No Violation,,,Story + Backlog,,
PP-023,PlanningPoker,"As a moderator, I want to change my account details, so that I can keep my account details up-to-date.",Pragmatic,Independent,No Violation,,,Story + Backlog,,No evident unnecessary dependency was identified.
PP-023,PlanningPoker,"As a moderator, I want to change my account details, so that I can keep my account details up-to-date.",Pragmatic,Complete,No Violation,,,Story + Backlog,,No evident complementary omission was identified in the available backlog.
PP-024,PlanningPoker,"As a moderator, I want to delete my account, so that account information and games are no longer stored.",Syntactic,Well-formed,No Violation,,,Story only,,
PP-024,PlanningPoker,"As a moderator, I want to delete my account, so that account information and games are no longer stored.",Syntactic,Atomic,No Violation,,,Story only,,
PP-024,PlanningPoker,"As a moderator, I want to delete my account, so that account information and games are no longer stored.",Syntactic,Minimal,No Violation,,,Story only,,
PP-024,PlanningPoker,"As a moderator, I want to delete my account, so that account information and games are no longer stored.",Semantic,Conceptually sound,No Violation,,,Story only,,
PP-024,PlanningPoker,"As a moderator, I want to delete my account, so that account information and games are no longer stored.",Semantic,Problem-oriented,No Violation,,,Story only,,
PP-024,PlanningPoker,"As a moderator, I want to delete my account, so that account information and games are no longer stored.",Semantic,Unambiguous,No Violation,,,Story only,,
PP-024,PlanningPoker,"As a moderator, I want to delete my account, so that account information and games are no longer stored.",Semantic,Conflict-free,No Violation,,,Story + Backlog,,No explicit conflict was identified in the available backlog.
PP-024,PlanningPoker,"As a moderator, I want to delete my account, so that account information and games are no longer stored.",Pragmatic,Full sentence,No Violation,,,Story only,,
PP-024,PlanningPoker,"As a moderator, I want to delete my account, so that account information and games are no longer stored.",Pragmatic,Estimatable,No Violation,,,Story + Backlog,,The backlog and the story itself provide sufficient scope for a preliminary estimate.
PP-024,PlanningPoker,"As a moderator, I want to delete my account, so that account information and games are no longer stored.",Pragmatic,Unique,No Violation,,,Story + Backlog,,No substantial duplication was identified in the backlog.
PP-024,PlanningPoker,"As a moderator, I want to delete my account, so that account information and games are no longer stored.",Pragmatic,Uniform,No Violation,,,Story + Backlog,,
PP-024,PlanningPoker,"As a moderator, I want to delete my account, so that account information and games are no longer stored.",Pragmatic,Independent,No Violation,,,Story + Backlog,,No evident unnecessary dependency was identified.
PP-024,PlanningPoker,"As a moderator, I want to delete my account, so that account information and games are no longer stored.",Pragmatic,Complete,No Violation,,,Story + Backlog,,No evident complementary omission was identified in the available backlog.
PP-025,PlanningPoker,"As a moderator, I want to see dates and times in my local timezone, so that I don't have to do timezone conversion myself.",Syntactic,Well-formed,No Violation,,,Story only,,
PP-025,PlanningPoker,"As a moderator, I want to see dates and times in my local timezone, so that I don't have to do timezone conversion myself.",Syntactic,Atomic,No Violation,,,Story only,,
PP-025,PlanningPoker,"As a moderator, I want to see dates and times in my local timezone, so that I don't have to do timezone conversion myself.",Syntactic,Minimal,No Violation,,,Story only,,
PP-025,PlanningPoker,"As a moderator, I want to see dates and times in my local timezone, so that I don't have to do timezone conversion myself.",Semantic,Conceptually sound,No Violation,,,Story only,,
PP-025,PlanningPoker,"As a moderator, I want to see dates and times in my local timezone, so that I don't have to do timezone conversion myself.",Semantic,Problem-oriented,Violation,see dates and times in my local timezone,"The story prescribes a mechanism, technology, format, interface element, or concrete solution instead of remaining at the level of the stakeholder need.",Story only,,
PP-025,PlanningPoker,"As a moderator, I want to see dates and times in my local timezone, so that I don't have to do timezone conversion myself.",Semantic,Unambiguous,No Violation,,,Story only,,
PP-025,PlanningPoker,"As a moderator, I want to see dates and times in my local timezone, so that I don't have to do timezone conversion myself.",Semantic,Conflict-free,No Violation,,,Story + Backlog,,No explicit conflict was identified in the available backlog.
PP-025,PlanningPoker,"As a moderator, I want to see dates and times in my local timezone, so that I don't have to do timezone conversion myself.",Pragmatic,Full sentence,No Violation,,,Story only,,
PP-025,PlanningPoker,"As a moderator, I want to see dates and times in my local timezone, so that I don't have to do timezone conversion myself.",Pragmatic,Estimatable,No Violation,,,Story + Backlog,,The backlog and the story itself provide sufficient scope for a preliminary estimate.
PP-025,PlanningPoker,"As a moderator, I want to see dates and times in my local timezone, so that I don't have to do timezone conversion myself.",Pragmatic,Unique,No Violation,,,Story + Backlog,,No substantial duplication was identified in the backlog.
PP-025,PlanningPoker,"As a moderator, I want to see dates and times in my local timezone, so that I don't have to do timezone conversion myself.",Pragmatic,Uniform,No Violation,,,Story + Backlog,,
PP-025,PlanningPoker,"As a moderator, I want to see dates and times in my local timezone, so that I don't have to do timezone conversion myself.",Pragmatic,Independent,No Violation,,,Story + Backlog,,No evident unnecessary dependency was identified.
PP-025,PlanningPoker,"As a moderator, I want to see dates and times in my local timezone, so that I don't have to do timezone conversion myself.",Pragmatic,Complete,No Violation,,,Story + Backlog,,No evident complementary omission was identified in the available backlog.
PP-026,PlanningPoker,"As a moderator, I want to get a password reminder by email, so that I can get back to using the application when I've forgotten my password.",Syntactic,Well-formed,No Violation,,,Story only,,
PP-026,PlanningPoker,"As a moderator, I want to get a password reminder by email, so that I can get back to using the application when I've forgotten my password.",Syntactic,Atomic,No Violation,,,Story only,,
PP-026,PlanningPoker,"As a moderator, I want to get a password reminder by email, so that I can get back to using the application when I've forgotten my password.",Syntactic,Minimal,No Violation,,,Story only,,
PP-026,PlanningPoker,"As a moderator, I want to get a password reminder by email, so that I can get back to using the application when I've forgotten my password.",Semantic,Conceptually sound,No Violation,,,Story only,,
PP-026,PlanningPoker,"As a moderator, I want to get a password reminder by email, so that I can get back to using the application when I've forgotten my password.",Semantic,Problem-oriented,Violation,get a password reminder by email,"The story prescribes a mechanism, technology, format, interface element, or concrete solution instead of remaining at the level of the stakeholder need.",Story only,,
PP-026,PlanningPoker,"As a moderator, I want to get a password reminder by email, so that I can get back to using the application when I've forgotten my password.",Semantic,Unambiguous,No Violation,,,Story only,,
PP-026,PlanningPoker,"As a moderator, I want to get a password reminder by email, so that I can get back to using the application when I've forgotten my password.",Semantic,Conflict-free,No Violation,,,Story + Backlog,,No explicit conflict was identified in the available backlog.
PP-026,PlanningPoker,"As a moderator, I want to get a password reminder by email, so that I can get back to using the application when I've forgotten my password.",Pragmatic,Full sentence,No Violation,,,Story only,,
PP-026,PlanningPoker,"As a moderator, I want to get a password reminder by email, so that I can get back to using the application when I've forgotten my password.",Pragmatic,Estimatable,No Violation,,,Story + Backlog,,The backlog and the story itself provide sufficient scope for a preliminary estimate.
PP-026,PlanningPoker,"As a moderator, I want to get a password reminder by email, so that I can get back to using the application when I've forgotten my password.",Pragmatic,Unique,No Violation,,,Story + Backlog,,No substantial duplication was identified in the backlog.
PP-026,PlanningPoker,"As a moderator, I want to get a password reminder by email, so that I can get back to using the application when I've forgotten my password.",Pragmatic,Uniform,No Violation,,,Story + Backlog,,
PP-026,PlanningPoker,"As a moderator, I want to get a password reminder by email, so that I can get back to using the application when I've forgotten my password.",Pragmatic,Independent,No Violation,,,Story + Backlog,,No evident unnecessary dependency was identified.
PP-026,PlanningPoker,"As a moderator, I want to get a password reminder by email, so that I can get back to using the application when I've forgotten my password.",Pragmatic,Complete,Violation,get a password reminder by email,"The backlog is missing a necessary complementary requirement for the described flow, leaving an evident gap in the requirement set.",Story + Backlog,"PP-021, PP-022",A decisão deve ser confirmada com conhecimento do escopo do produto.
PP-027,PlanningPoker,"As a moderator, I want to select whether to have the team estimate with {0, 1/2, 1, 2, 3, 5, 8, etc.} or {0, 1, 2, 4, 8, 16, 32, etc.}, so that the team can use either the modified Fibonacci sequence or powers of 2.",Syntactic,Well-formed,No Violation,,,Story only,,
PP-027,PlanningPoker,"As a moderator, I want to select whether to have the team estimate with {0, 1/2, 1, 2, 3, 5, 8, etc.} or {0, 1, 2, 4, 8, 16, 32, etc.}, so that the team can use either the modified Fibonacci sequence or powers of 2.",Syntactic,Atomic,No Violation,,,Story only,,Requer alinhamento da regra de fronteira para Atomic.
PP-027,PlanningPoker,"As a moderator, I want to select whether to have the team estimate with {0, 1/2, 1, 2, 3, 5, 8, etc.} or {0, 1, 2, 4, 8, 16, 32, etc.}, so that the team can use either the modified Fibonacci sequence or powers of 2.",Syntactic,Minimal,Violation,"select whether to have the team estimate with {0, 1/2, 1, 2, 3, 5, 8, etc.} or {0, 1, 2, 4, 8, 16, 32, etc.}","The story incorporates solution, interface, technology, format, field, or constraint details that exceed the minimal description of the stakeholder need.",Story only,,
PP-027,PlanningPoker,"As a moderator, I want to select whether to have the team estimate with {0, 1/2, 1, 2, 3, 5, 8, etc.} or {0, 1, 2, 4, 8, 16, 32, etc.}, so that the team can use either the modified Fibonacci sequence or powers of 2.",Semantic,Conceptually sound,No Violation,,,Story only,,
PP-027,PlanningPoker,"As a moderator, I want to select whether to have the team estimate with {0, 1/2, 1, 2, 3, 5, 8, etc.} or {0, 1, 2, 4, 8, 16, 32, etc.}, so that the team can use either the modified Fibonacci sequence or powers of 2.",Semantic,Problem-oriented,Violation,"select whether to have the team estimate with {0, 1/2, 1, 2, 3, 5, 8, etc.} or {0, 1, 2, 4, 8, 16, 32, etc.}","The story prescribes a mechanism, technology, format, interface element, or concrete solution instead of remaining at the level of the stakeholder need.",Story only,,
PP-027,PlanningPoker,"As a moderator, I want to select whether to have the team estimate with {0, 1/2, 1, 2, 3, 5, 8, etc.} or {0, 1, 2, 4, 8, 16, 32, etc.}, so that the team can use either the modified Fibonacci sequence or powers of 2.",Semantic,Unambiguous,No Violation,,,Story only,,
PP-027,PlanningPoker,"As a moderator, I want to select whether to have the team estimate with {0, 1/2, 1, 2, 3, 5, 8, etc.} or {0, 1, 2, 4, 8, 16, 32, etc.}, so that the team can use either the modified Fibonacci sequence or powers of 2.",Semantic,Conflict-free,No Violation,,,Story + Backlog,,No explicit conflict was identified in the available backlog.
PP-027,PlanningPoker,"As a moderator, I want to select whether to have the team estimate with {0, 1/2, 1, 2, 3, 5, 8, etc.} or {0, 1, 2, 4, 8, 16, 32, etc.}, so that the team can use either the modified Fibonacci sequence or powers of 2.",Pragmatic,Full sentence,No Violation,,,Story only,,
PP-027,PlanningPoker,"As a moderator, I want to select whether to have the team estimate with {0, 1/2, 1, 2, 3, 5, 8, etc.} or {0, 1, 2, 4, 8, 16, 32, etc.}, so that the team can use either the modified Fibonacci sequence or powers of 2.",Pragmatic,Estimatable,No Violation,,,Story + Backlog,,
PP-027,PlanningPoker,"As a moderator, I want to select whether to have the team estimate with {0, 1/2, 1, 2, 3, 5, 8, etc.} or {0, 1, 2, 4, 8, 16, 32, etc.}, so that the team can use either the modified Fibonacci sequence or powers of 2.",Pragmatic,Unique,No Violation,,,Story + Backlog,,No substantial duplication was identified in the backlog.
PP-027,PlanningPoker,"As a moderator, I want to select whether to have the team estimate with {0, 1/2, 1, 2, 3, 5, 8, etc.} or {0, 1, 2, 4, 8, 16, 32, etc.}, so that the team can use either the modified Fibonacci sequence or powers of 2.",Pragmatic,Uniform,No Violation,,,Story + Backlog,,
PP-027,PlanningPoker,"As a moderator, I want to select whether to have the team estimate with {0, 1/2, 1, 2, 3, 5, 8, etc.} or {0, 1, 2, 4, 8, 16, 32, etc.}, so that the team can use either the modified Fibonacci sequence or powers of 2.",Pragmatic,Independent,No Violation,,,Story + Backlog,,No evident unnecessary dependency was identified.
PP-027,PlanningPoker,"As a moderator, I want to select whether to have the team estimate with {0, 1/2, 1, 2, 3, 5, 8, etc.} or {0, 1, 2, 4, 8, 16, 32, etc.}, so that the team can use either the modified Fibonacci sequence or powers of 2.",Pragmatic,Complete,No Violation,,,Story + Backlog,,No evident complementary omission was identified in the available backlog.
PP-028,PlanningPoker,"As a moderator, I want to invite up to 15 estimators, so that we can play with large but not immense teams.",Syntactic,Well-formed,No Violation,,,Story only,,
PP-028,PlanningPoker,"As a moderator, I want to invite up to 15 estimators, so that we can play with large but not immense teams.",Syntactic,Atomic,No Violation,,,Story only,,
PP-028,PlanningPoker,"As a moderator, I want to invite up to 15 estimators, so that we can play with large but not immense teams.",Syntactic,Minimal,Violation,invite up to 15 estimators,"The story embeds additional implementation, interface, field, constraint, or workflow detail beyond the minimal role–means–optional end structure.",Story only,,Revisar durante a calibração do critério Minimal.
PP-028,PlanningPoker,"As a moderator, I want to invite up to 15 estimators, so that we can play with large but not immense teams.",Semantic,Conceptually sound,No Violation,,,Story only,,
PP-028,PlanningPoker,"As a moderator, I want to invite up to 15 estimators, so that we can play with large but not immense teams.",Semantic,Problem-oriented,No Violation,,,Story only,,Requer consenso sobre o nível aceitável de prescrição de solução.
PP-028,PlanningPoker,"As a moderator, I want to invite up to 15 estimators, so that we can play with large but not immense teams.",Semantic,Unambiguous,Violation,invite up to 15 estimators,"The highlighted wording leaves a key term, scope, reference, or expected behavior open to materially different interpretations.",Story only,,
PP-028,PlanningPoker,"As a moderator, I want to invite up to 15 estimators, so that we can play with large but not immense teams.",Semantic,Conflict-free,No Violation,,,Story + Backlog,,No explicit conflict was identified in the available backlog.
PP-028,PlanningPoker,"As a moderator, I want to invite up to 15 estimators, so that we can play with large but not immense teams.",Pragmatic,Full sentence,No Violation,,,Story only,,
PP-028,PlanningPoker,"As a moderator, I want to invite up to 15 estimators, so that we can play with large but not immense teams.",Pragmatic,Estimatable,No Violation,,,Story + Backlog,,
PP-028,PlanningPoker,"As a moderator, I want to invite up to 15 estimators, so that we can play with large but not immense teams.",Pragmatic,Unique,No Violation,,,Story + Backlog,,No substantial duplication was identified in the backlog.
PP-028,PlanningPoker,"As a moderator, I want to invite up to 15 estimators, so that we can play with large but not immense teams.",Pragmatic,Uniform,No Violation,,,Story + Backlog,,
PP-028,PlanningPoker,"As a moderator, I want to invite up to 15 estimators, so that we can play with large but not immense teams.",Pragmatic,Independent,No Violation,,,Story + Backlog,,No evident unnecessary dependency was identified.
PP-028,PlanningPoker,"As a moderator, I want to invite up to 15 estimators, so that we can play with large but not immense teams.",Pragmatic,Complete,No Violation,,,Story + Backlog,,No evident complementary omission was identified in the available backlog.
PP-029,PlanningPoker,"As an estimator, I want to join a game by entering my name on the page I received the URL for, so that I can participate.",Syntactic,Well-formed,No Violation,,,Story only,,
PP-029,PlanningPoker,"As an estimator, I want to join a game by entering my name on the page I received the URL for, so that I can participate.",Syntactic,Atomic,No Violation,,,Story only,,
PP-029,PlanningPoker,"As an estimator, I want to join a game by entering my name on the page I received the URL for, so that I can participate.",Syntactic,Minimal,No Violation,,,Story only,,
PP-029,PlanningPoker,"As an estimator, I want to join a game by entering my name on the page I received the URL for, so that I can participate.",Semantic,Conceptually sound,No Violation,,,Story only,,
PP-029,PlanningPoker,"As an estimator, I want to join a game by entering my name on the page I received the URL for, so that I can participate.",Semantic,Problem-oriented,Violation,join a game by entering my name on the page I received the URL for,"The story prescribes a mechanism, technology, format, interface element, or concrete solution instead of remaining at the level of the stakeholder need.",Story only,,
PP-029,PlanningPoker,"As an estimator, I want to join a game by entering my name on the page I received the URL for, so that I can participate.",Semantic,Unambiguous,No Violation,,,Story only,,
PP-029,PlanningPoker,"As an estimator, I want to join a game by entering my name on the page I received the URL for, so that I can participate.",Semantic,Conflict-free,No Violation,,,Story + Backlog,,No explicit conflict was identified in the available backlog.
PP-029,PlanningPoker,"As an estimator, I want to join a game by entering my name on the page I received the URL for, so that I can participate.",Pragmatic,Full sentence,No Violation,,,Story only,,
PP-029,PlanningPoker,"As an estimator, I want to join a game by entering my name on the page I received the URL for, so that I can participate.",Pragmatic,Estimatable,No Violation,,,Story + Backlog,,The backlog and the story itself provide sufficient scope for a preliminary estimate.
PP-029,PlanningPoker,"As an estimator, I want to join a game by entering my name on the page I received the URL for, so that I can participate.",Pragmatic,Unique,No Violation,,,Story + Backlog,,No substantial duplication was identified in the backlog.
PP-029,PlanningPoker,"As an estimator, I want to join a game by entering my name on the page I received the URL for, so that I can participate.",Pragmatic,Uniform,No Violation,,,Story + Backlog,,
PP-029,PlanningPoker,"As an estimator, I want to join a game by entering my name on the page I received the URL for, so that I can participate.",Pragmatic,Independent,No Violation,,,Story + Backlog,PP-002,
PP-029,PlanningPoker,"As an estimator, I want to join a game by entering my name on the page I received the URL for, so that I can participate.",Pragmatic,Complete,No Violation,,,Story + Backlog,,No evident complementary omission was identified in the available backlog.
PP-030,PlanningPoker,"As an estimator, I want to see the item we're estimating, so that I know what I'm giving an estimate for.",Syntactic,Well-formed,No Violation,,,Story only,,
PP-030,PlanningPoker,"As an estimator, I want to see the item we're estimating, so that I know what I'm giving an estimate for.",Syntactic,Atomic,No Violation,,,Story only,,
PP-030,PlanningPoker,"As an estimator, I want to see the item we're estimating, so that I know what I'm giving an estimate for.",Syntactic,Minimal,No Violation,,,Story only,,
PP-030,PlanningPoker,"As an estimator, I want to see the item we're estimating, so that I know what I'm giving an estimate for.",Semantic,Conceptually sound,No Violation,,,Story only,,
PP-030,PlanningPoker,"As an estimator, I want to see the item we're estimating, so that I know what I'm giving an estimate for.",Semantic,Problem-oriented,No Violation,,,Story only,,
PP-030,PlanningPoker,"As an estimator, I want to see the item we're estimating, so that I know what I'm giving an estimate for.",Semantic,Unambiguous,No Violation,,,Story only,,
PP-030,PlanningPoker,"As an estimator, I want to see the item we're estimating, so that I know what I'm giving an estimate for.",Semantic,Conflict-free,No Violation,,,Story + Backlog,,No explicit conflict was identified in the available backlog.
PP-030,PlanningPoker,"As an estimator, I want to see the item we're estimating, so that I know what I'm giving an estimate for.",Pragmatic,Full sentence,No Violation,,,Story only,,
PP-030,PlanningPoker,"As an estimator, I want to see the item we're estimating, so that I know what I'm giving an estimate for.",Pragmatic,Estimatable,No Violation,,,Story + Backlog,,The backlog and the story itself provide sufficient scope for a preliminary estimate.
PP-030,PlanningPoker,"As an estimator, I want to see the item we're estimating, so that I know what I'm giving an estimate for.",Pragmatic,Unique,No Violation,,,Story + Backlog,,No substantial duplication was identified in the backlog.
PP-030,PlanningPoker,"As an estimator, I want to see the item we're estimating, so that I know what I'm giving an estimate for.",Pragmatic,Uniform,No Violation,,,Story + Backlog,,
PP-030,PlanningPoker,"As an estimator, I want to see the item we're estimating, so that I know what I'm giving an estimate for.",Pragmatic,Independent,No Violation,,,Story + Backlog,,No evident unnecessary dependency was identified.
PP-030,PlanningPoker,"As an estimator, I want to see the item we're estimating, so that I know what I'm giving an estimate for.",Pragmatic,Complete,No Violation,,,Story + Backlog,,No evident complementary omission was identified in the available backlog.
PP-031,PlanningPoker,"As an estimator, I want to see all items we will try to estimate this session, so that I have a feel for the sizes of the various items.",Syntactic,Well-formed,No Violation,,,Story only,,
PP-031,PlanningPoker,"As an estimator, I want to see all items we will try to estimate this session, so that I have a feel for the sizes of the various items.",Syntactic,Atomic,No Violation,,,Story only,,
PP-031,PlanningPoker,"As an estimator, I want to see all items we will try to estimate this session, so that I have a feel for the sizes of the various items.",Syntactic,Minimal,No Violation,,,Story only,,
PP-031,PlanningPoker,"As an estimator, I want to see all items we will try to estimate this session, so that I have a feel for the sizes of the various items.",Semantic,Conceptually sound,No Violation,,,Story only,,
PP-031,PlanningPoker,"As an estimator, I want to see all items we will try to estimate this session, so that I have a feel for the sizes of the various items.",Semantic,Problem-oriented,No Violation,,,Story only,,
PP-031,PlanningPoker,"As an estimator, I want to see all items we will try to estimate this session, so that I have a feel for the sizes of the various items.",Semantic,Unambiguous,No Violation,,,Story only,,
PP-031,PlanningPoker,"As an estimator, I want to see all items we will try to estimate this session, so that I have a feel for the sizes of the various items.",Semantic,Conflict-free,No Violation,,,Story + Backlog,,No explicit conflict was identified in the available backlog.
PP-031,PlanningPoker,"As an estimator, I want to see all items we will try to estimate this session, so that I have a feel for the sizes of the various items.",Pragmatic,Full sentence,No Violation,,,Story only,,
PP-031,PlanningPoker,"As an estimator, I want to see all items we will try to estimate this session, so that I have a feel for the sizes of the various items.",Pragmatic,Estimatable,No Violation,,,Story + Backlog,,The backlog and the story itself provide sufficient scope for a preliminary estimate.
PP-031,PlanningPoker,"As an estimator, I want to see all items we will try to estimate this session, so that I have a feel for the sizes of the various items.",Pragmatic,Unique,No Violation,,,Story + Backlog,PP-004,Comparar semanticamente as duas histórias antes do consenso.
PP-031,PlanningPoker,"As an estimator, I want to see all items we will try to estimate this session, so that I have a feel for the sizes of the various items.",Pragmatic,Uniform,No Violation,,,Story + Backlog,,
PP-031,PlanningPoker,"As an estimator, I want to see all items we will try to estimate this session, so that I have a feel for the sizes of the various items.",Pragmatic,Independent,No Violation,,,Story + Backlog,,No evident unnecessary dependency was identified.
PP-031,PlanningPoker,"As an estimator, I want to see all items we will try to estimate this session, so that I have a feel for the sizes of the various items.",Pragmatic,Complete,No Violation,,,Story + Backlog,,No evident complementary omission was identified in the available backlog.
PP-032,PlanningPoker,"As a participant, I want to immediately see that an estimate has been given by a specific estimator, so that I know who has already given an estimate and who we're still waiting for.",Syntactic,Well-formed,No Violation,,,Story only,,
PP-032,PlanningPoker,"As a participant, I want to immediately see that an estimate has been given by a specific estimator, so that I know who has already given an estimate and who we're still waiting for.",Syntactic,Atomic,No Violation,,,Story only,,
PP-032,PlanningPoker,"As a participant, I want to immediately see that an estimate has been given by a specific estimator, so that I know who has already given an estimate and who we're still waiting for.",Syntactic,Minimal,No Violation,,,Story only,,
PP-032,PlanningPoker,"As a participant, I want to immediately see that an estimate has been given by a specific estimator, so that I know who has already given an estimate and who we're still waiting for.",Semantic,Conceptually sound,No Violation,,,Story only,,
PP-032,PlanningPoker,"As a participant, I want to immediately see that an estimate has been given by a specific estimator, so that I know who has already given an estimate and who we're still waiting for.",Semantic,Problem-oriented,No Violation,,,Story only,,
PP-032,PlanningPoker,"As a participant, I want to immediately see that an estimate has been given by a specific estimator, so that I know who has already given an estimate and who we're still waiting for.",Semantic,Unambiguous,No Violation,,,Story only,,
PP-032,PlanningPoker,"As a participant, I want to immediately see that an estimate has been given by a specific estimator, so that I know who has already given an estimate and who we're still waiting for.",Semantic,Conflict-free,No Violation,,,Story + Backlog,,No explicit conflict was identified in the available backlog.
PP-032,PlanningPoker,"As a participant, I want to immediately see that an estimate has been given by a specific estimator, so that I know who has already given an estimate and who we're still waiting for.",Pragmatic,Full sentence,No Violation,,,Story only,,
PP-032,PlanningPoker,"As a participant, I want to immediately see that an estimate has been given by a specific estimator, so that I know who has already given an estimate and who we're still waiting for.",Pragmatic,Estimatable,No Violation,,,Story + Backlog,,The backlog and the story itself provide sufficient scope for a preliminary estimate.
PP-032,PlanningPoker,"As a participant, I want to immediately see that an estimate has been given by a specific estimator, so that I know who has already given an estimate and who we're still waiting for.",Pragmatic,Unique,No Violation,,,Story + Backlog,,No substantial duplication was identified in the backlog.
PP-032,PlanningPoker,"As a participant, I want to immediately see that an estimate has been given by a specific estimator, so that I know who has already given an estimate and who we're still waiting for.",Pragmatic,Uniform,No Violation,,,Story + Backlog,,
PP-032,PlanningPoker,"As a participant, I want to immediately see that an estimate has been given by a specific estimator, so that I know who has already given an estimate and who we're still waiting for.",Pragmatic,Independent,No Violation,,,Story + Backlog,,No evident unnecessary dependency was identified.
PP-032,PlanningPoker,"As a participant, I want to immediately see that an estimate has been given by a specific estimator, so that I know who has already given an estimate and who we're still waiting for.",Pragmatic,Complete,No Violation,,,Story + Backlog,,No evident complementary omission was identified in the available backlog.
PP-033,PlanningPoker,"As a participant, I want to be shown all estimates at the same time after all estimators have given their estimate, so that I can be sure estimates are independent and not influenced by other estimates given in the same draw.",Syntactic,Well-formed,No Violation,,,Story only,,
PP-033,PlanningPoker,"As a participant, I want to be shown all estimates at the same time after all estimators have given their estimate, so that I can be sure estimates are independent and not influenced by other estimates given in the same draw.",Syntactic,Atomic,No Violation,,,Story only,,
PP-033,PlanningPoker,"As a participant, I want to be shown all estimates at the same time after all estimators have given their estimate, so that I can be sure estimates are independent and not influenced by other estimates given in the same draw.",Syntactic,Minimal,No Violation,,,Story only,,
PP-033,PlanningPoker,"As a participant, I want to be shown all estimates at the same time after all estimators have given their estimate, so that I can be sure estimates are independent and not influenced by other estimates given in the same draw.",Semantic,Conceptually sound,No Violation,,,Story only,,
PP-033,PlanningPoker,"As a participant, I want to be shown all estimates at the same time after all estimators have given their estimate, so that I can be sure estimates are independent and not influenced by other estimates given in the same draw.",Semantic,Problem-oriented,No Violation,,,Story only,,
PP-033,PlanningPoker,"As a participant, I want to be shown all estimates at the same time after all estimators have given their estimate, so that I can be sure estimates are independent and not influenced by other estimates given in the same draw.",Semantic,Unambiguous,No Violation,,,Story only,,
PP-033,PlanningPoker,"As a participant, I want to be shown all estimates at the same time after all estimators have given their estimate, so that I can be sure estimates are independent and not influenced by other estimates given in the same draw.",Semantic,Conflict-free,No Violation,,,Story + Backlog,PP-009,Comparar as regras de exibição de estimativas antes do consenso.
PP-033,PlanningPoker,"As a participant, I want to be shown all estimates at the same time after all estimators have given their estimate, so that I can be sure estimates are independent and not influenced by other estimates given in the same draw.",Pragmatic,Full sentence,No Violation,,,Story only,,
PP-033,PlanningPoker,"As a participant, I want to be shown all estimates at the same time after all estimators have given their estimate, so that I can be sure estimates are independent and not influenced by other estimates given in the same draw.",Pragmatic,Estimatable,No Violation,,,Story + Backlog,,The backlog and the story itself provide sufficient scope for a preliminary estimate.
PP-033,PlanningPoker,"As a participant, I want to be shown all estimates at the same time after all estimators have given their estimate, so that I can be sure estimates are independent and not influenced by other estimates given in the same draw.",Pragmatic,Unique,No Violation,,,Story + Backlog,,No substantial duplication was identified in the backlog.
PP-033,PlanningPoker,"As a participant, I want to be shown all estimates at the same time after all estimators have given their estimate, so that I can be sure estimates are independent and not influenced by other estimates given in the same draw.",Pragmatic,Uniform,No Violation,,,Story + Backlog,,
PP-033,PlanningPoker,"As a participant, I want to be shown all estimates at the same time after all estimators have given their estimate, so that I can be sure estimates are independent and not influenced by other estimates given in the same draw.",Pragmatic,Independent,No Violation,,,Story + Backlog,,No evident unnecessary dependency was identified.
PP-033,PlanningPoker,"As a participant, I want to be shown all estimates at the same time after all estimators have given their estimate, so that I can be sure estimates are independent and not influenced by other estimates given in the same draw.",Pragmatic,Complete,No Violation,,,Story + Backlog,,No evident complementary omission was identified in the available backlog.
PP-034,PlanningPoker,"As a participant, I want to be able to change my estimate up until the last person selects a card and all are shown, so that I can change my mind based on information I hear.",Syntactic,Well-formed,No Violation,,,Story only,,
PP-034,PlanningPoker,"As a participant, I want to be able to change my estimate up until the last person selects a card and all are shown, so that I can change my mind based on information I hear.",Syntactic,Atomic,No Violation,,,Story only,,
PP-034,PlanningPoker,"As a participant, I want to be able to change my estimate up until the last person selects a card and all are shown, so that I can change my mind based on information I hear.",Syntactic,Minimal,No Violation,,,Story only,,
PP-034,PlanningPoker,"As a participant, I want to be able to change my estimate up until the last person selects a card and all are shown, so that I can change my mind based on information I hear.",Semantic,Conceptually sound,No Violation,,,Story only,,
PP-034,PlanningPoker,"As a participant, I want to be able to change my estimate up until the last person selects a card and all are shown, so that I can change my mind based on information I hear.",Semantic,Problem-oriented,No Violation,,,Story only,,
PP-034,PlanningPoker,"As a participant, I want to be able to change my estimate up until the last person selects a card and all are shown, so that I can change my mind based on information I hear.",Semantic,Unambiguous,No Violation,,,Story only,,
PP-034,PlanningPoker,"As a participant, I want to be able to change my estimate up until the last person selects a card and all are shown, so that I can change my mind based on information I hear.",Semantic,Conflict-free,No Violation,,,Story + Backlog,,No explicit conflict was identified in the available backlog.
PP-034,PlanningPoker,"As a participant, I want to be able to change my estimate up until the last person selects a card and all are shown, so that I can change my mind based on information I hear.",Pragmatic,Full sentence,No Violation,,,Story only,,
PP-034,PlanningPoker,"As a participant, I want to be able to change my estimate up until the last person selects a card and all are shown, so that I can change my mind based on information I hear.",Pragmatic,Estimatable,No Violation,,,Story + Backlog,,The backlog and the story itself provide sufficient scope for a preliminary estimate.
PP-034,PlanningPoker,"As a participant, I want to be able to change my estimate up until the last person selects a card and all are shown, so that I can change my mind based on information I hear.",Pragmatic,Unique,Violation,be able to change my estimate up until the last person selects a card and all are shown,"Another backlog story expresses a substantially equivalent functional requirement, indicating duplication without a relevant difference in goal.",Story + Backlog,PP-041,
PP-034,PlanningPoker,"As a participant, I want to be able to change my estimate up until the last person selects a card and all are shown, so that I can change my mind based on information I hear.",Pragmatic,Uniform,No Violation,,,Story + Backlog,,
PP-034,PlanningPoker,"As a participant, I want to be able to change my estimate up until the last person selects a card and all are shown, so that I can change my mind based on information I hear.",Pragmatic,Independent,No Violation,,,Story + Backlog,,No evident unnecessary dependency was identified.
PP-034,PlanningPoker,"As a participant, I want to be able to change my estimate up until the last person selects a card and all are shown, so that I can change my mind based on information I hear.",Pragmatic,Complete,No Violation,,,Story + Backlog,,No evident complementary omission was identified in the available backlog.
PP-035,PlanningPoker,"As a participant, I want to be able to see each estimator's prior estimates for the story being estimated, so that I can see how his or her opinion has changed so I can ask questions.",Syntactic,Well-formed,No Violation,,,Story only,,
PP-035,PlanningPoker,"As a participant, I want to be able to see each estimator's prior estimates for the story being estimated, so that I can see how his or her opinion has changed so I can ask questions.",Syntactic,Atomic,No Violation,,,Story only,,
PP-035,PlanningPoker,"As a participant, I want to be able to see each estimator's prior estimates for the story being estimated, so that I can see how his or her opinion has changed so I can ask questions.",Syntactic,Minimal,No Violation,,,Story only,,
PP-035,PlanningPoker,"As a participant, I want to be able to see each estimator's prior estimates for the story being estimated, so that I can see how his or her opinion has changed so I can ask questions.",Semantic,Conceptually sound,No Violation,,,Story only,,
PP-035,PlanningPoker,"As a participant, I want to be able to see each estimator's prior estimates for the story being estimated, so that I can see how his or her opinion has changed so I can ask questions.",Semantic,Problem-oriented,No Violation,,,Story only,,
PP-035,PlanningPoker,"As a participant, I want to be able to see each estimator's prior estimates for the story being estimated, so that I can see how his or her opinion has changed so I can ask questions.",Semantic,Unambiguous,No Violation,,,Story only,,
PP-035,PlanningPoker,"As a participant, I want to be able to see each estimator's prior estimates for the story being estimated, so that I can see how his or her opinion has changed so I can ask questions.",Semantic,Conflict-free,No Violation,,,Story + Backlog,,No explicit conflict was identified in the available backlog.
PP-035,PlanningPoker,"As a participant, I want to be able to see each estimator's prior estimates for the story being estimated, so that I can see how his or her opinion has changed so I can ask questions.",Pragmatic,Full sentence,No Violation,,,Story only,,
PP-035,PlanningPoker,"As a participant, I want to be able to see each estimator's prior estimates for the story being estimated, so that I can see how his or her opinion has changed so I can ask questions.",Pragmatic,Estimatable,No Violation,,,Story + Backlog,,
PP-035,PlanningPoker,"As a participant, I want to be able to see each estimator's prior estimates for the story being estimated, so that I can see how his or her opinion has changed so I can ask questions.",Pragmatic,Unique,No Violation,,,Story + Backlog,,No substantial duplication was identified in the backlog.
PP-035,PlanningPoker,"As a participant, I want to be able to see each estimator's prior estimates for the story being estimated, so that I can see how his or her opinion has changed so I can ask questions.",Pragmatic,Uniform,No Violation,,,Story + Backlog,,
PP-035,PlanningPoker,"As a participant, I want to be able to see each estimator's prior estimates for the story being estimated, so that I can see how his or her opinion has changed so I can ask questions.",Pragmatic,Independent,No Violation,,,Story + Backlog,,No evident unnecessary dependency was identified.
PP-035,PlanningPoker,"As a participant, I want to be able to see each estimator's prior estimates for the story being estimated, so that I can see how his or her opinion has changed so I can ask questions.",Pragmatic,Complete,No Violation,,,Story + Backlog,,No evident complementary omission was identified in the available backlog.
PP-036,PlanningPoker,"As a participant, I want to see who gave what estimates during the current round, so that I know this when we're discussing the estimates.",Syntactic,Well-formed,No Violation,,,Story only,,
PP-036,PlanningPoker,"As a participant, I want to see who gave what estimates during the current round, so that I know this when we're discussing the estimates.",Syntactic,Atomic,No Violation,,,Story only,,
PP-036,PlanningPoker,"As a participant, I want to see who gave what estimates during the current round, so that I know this when we're discussing the estimates.",Syntactic,Minimal,No Violation,,,Story only,,
PP-036,PlanningPoker,"As a participant, I want to see who gave what estimates during the current round, so that I know this when we're discussing the estimates.",Semantic,Conceptually sound,No Violation,,,Story only,,
PP-036,PlanningPoker,"As a participant, I want to see who gave what estimates during the current round, so that I know this when we're discussing the estimates.",Semantic,Problem-oriented,No Violation,,,Story only,,
PP-036,PlanningPoker,"As a participant, I want to see who gave what estimates during the current round, so that I know this when we're discussing the estimates.",Semantic,Unambiguous,No Violation,,,Story only,,
PP-036,PlanningPoker,"As a participant, I want to see who gave what estimates during the current round, so that I know this when we're discussing the estimates.",Semantic,Conflict-free,No Violation,,,Story + Backlog,,No explicit conflict was identified in the available backlog.
PP-036,PlanningPoker,"As a participant, I want to see who gave what estimates during the current round, so that I know this when we're discussing the estimates.",Pragmatic,Full sentence,No Violation,,,Story only,,
PP-036,PlanningPoker,"As a participant, I want to see who gave what estimates during the current round, so that I know this when we're discussing the estimates.",Pragmatic,Estimatable,No Violation,,,Story + Backlog,,The backlog and the story itself provide sufficient scope for a preliminary estimate.
PP-036,PlanningPoker,"As a participant, I want to see who gave what estimates during the current round, so that I know this when we're discussing the estimates.",Pragmatic,Unique,No Violation,,,Story + Backlog,,No substantial duplication was identified in the backlog.
PP-036,PlanningPoker,"As a participant, I want to see who gave what estimates during the current round, so that I know this when we're discussing the estimates.",Pragmatic,Uniform,No Violation,,,Story + Backlog,,
PP-036,PlanningPoker,"As a participant, I want to see who gave what estimates during the current round, so that I know this when we're discussing the estimates.",Pragmatic,Independent,No Violation,,,Story + Backlog,,No evident unnecessary dependency was identified.
PP-036,PlanningPoker,"As a participant, I want to see who gave what estimates during the current round, so that I know this when we're discussing the estimates.",Pragmatic,Complete,No Violation,,,Story + Backlog,,No evident complementary omission was identified in the available backlog.
PP-037,PlanningPoker,"As a participant, I want to be able start a two-minute countdown timer that all participants can see, so that I can limit the time spent discussing the estimates when I think we've talked long enough.",Syntactic,Well-formed,No Violation,,,Story only,,
PP-037,PlanningPoker,"As a participant, I want to be able start a two-minute countdown timer that all participants can see, so that I can limit the time spent discussing the estimates when I think we've talked long enough.",Syntactic,Atomic,No Violation,,,Story only,,
PP-037,PlanningPoker,"As a participant, I want to be able start a two-minute countdown timer that all participants can see, so that I can limit the time spent discussing the estimates when I think we've talked long enough.",Syntactic,Minimal,Violation,be able start a two-minute countdown timer that all participants can see,"The story embeds additional implementation, interface, field, constraint, or workflow detail beyond the minimal role–means–optional end structure.",Story only,,Revisar durante a calibração do critério Minimal.
PP-037,PlanningPoker,"As a participant, I want to be able start a two-minute countdown timer that all participants can see, so that I can limit the time spent discussing the estimates when I think we've talked long enough.",Semantic,Conceptually sound,No Violation,,,Story only,,
PP-037,PlanningPoker,"As a participant, I want to be able start a two-minute countdown timer that all participants can see, so that I can limit the time spent discussing the estimates when I think we've talked long enough.",Semantic,Problem-oriented,Violation,be able start a two-minute countdown timer that all participants can see,"The story prescribes a mechanism, technology, format, interface element, or concrete solution instead of remaining at the level of the stakeholder need.",Story only,,
PP-037,PlanningPoker,"As a participant, I want to be able start a two-minute countdown timer that all participants can see, so that I can limit the time spent discussing the estimates when I think we've talked long enough.",Semantic,Unambiguous,No Violation,,,Story only,,
PP-037,PlanningPoker,"As a participant, I want to be able start a two-minute countdown timer that all participants can see, so that I can limit the time spent discussing the estimates when I think we've talked long enough.",Semantic,Conflict-free,No Violation,,,Story + Backlog,,No explicit conflict was identified in the available backlog.
PP-037,PlanningPoker,"As a participant, I want to be able start a two-minute countdown timer that all participants can see, so that I can limit the time spent discussing the estimates when I think we've talked long enough.",Pragmatic,Full sentence,No Violation,,,Story only,,
PP-037,PlanningPoker,"As a participant, I want to be able start a two-minute countdown timer that all participants can see, so that I can limit the time spent discussing the estimates when I think we've talked long enough.",Pragmatic,Estimatable,No Violation,,,Story + Backlog,,The backlog and the story itself provide sufficient scope for a preliminary estimate.
PP-037,PlanningPoker,"As a participant, I want to be able start a two-minute countdown timer that all participants can see, so that I can limit the time spent discussing the estimates when I think we've talked long enough.",Pragmatic,Unique,No Violation,,,Story + Backlog,,No substantial duplication was identified in the backlog.
PP-037,PlanningPoker,"As a participant, I want to be able start a two-minute countdown timer that all participants can see, so that I can limit the time spent discussing the estimates when I think we've talked long enough.",Pragmatic,Uniform,No Violation,,,Story + Backlog,,
PP-037,PlanningPoker,"As a participant, I want to be able start a two-minute countdown timer that all participants can see, so that I can limit the time spent discussing the estimates when I think we've talked long enough.",Pragmatic,Independent,No Violation,,,Story + Backlog,,No evident unnecessary dependency was identified.
PP-037,PlanningPoker,"As a participant, I want to be able start a two-minute countdown timer that all participants can see, so that I can limit the time spent discussing the estimates when I think we've talked long enough.",Pragmatic,Complete,No Violation,,,Story + Backlog,,No evident complementary omission was identified in the available backlog.
PP-038,PlanningPoker,"As a participant, I want to have the two-minute timer reset itself as soon as we all play an estimate, so that it's ready for use on the next round.",Syntactic,Well-formed,No Violation,,,Story only,,
PP-038,PlanningPoker,"As a participant, I want to have the two-minute timer reset itself as soon as we all play an estimate, so that it's ready for use on the next round.",Syntactic,Atomic,No Violation,,,Story only,,
PP-038,PlanningPoker,"As a participant, I want to have the two-minute timer reset itself as soon as we all play an estimate, so that it's ready for use on the next round.",Syntactic,Minimal,No Violation,,,Story only,,
PP-038,PlanningPoker,"As a participant, I want to have the two-minute timer reset itself as soon as we all play an estimate, so that it's ready for use on the next round.",Semantic,Conceptually sound,No Violation,,,Story only,,
PP-038,PlanningPoker,"As a participant, I want to have the two-minute timer reset itself as soon as we all play an estimate, so that it's ready for use on the next round.",Semantic,Problem-oriented,No Violation,,,Story only,,
PP-038,PlanningPoker,"As a participant, I want to have the two-minute timer reset itself as soon as we all play an estimate, so that it's ready for use on the next round.",Semantic,Unambiguous,No Violation,,,Story only,,
PP-038,PlanningPoker,"As a participant, I want to have the two-minute timer reset itself as soon as we all play an estimate, so that it's ready for use on the next round.",Semantic,Conflict-free,No Violation,,,Story + Backlog,,No explicit conflict was identified in the available backlog.
PP-038,PlanningPoker,"As a participant, I want to have the two-minute timer reset itself as soon as we all play an estimate, so that it's ready for use on the next round.",Pragmatic,Full sentence,No Violation,,,Story only,,
PP-038,PlanningPoker,"As a participant, I want to have the two-minute timer reset itself as soon as we all play an estimate, so that it's ready for use on the next round.",Pragmatic,Estimatable,No Violation,,,Story + Backlog,,The backlog and the story itself provide sufficient scope for a preliminary estimate.
PP-038,PlanningPoker,"As a participant, I want to have the two-minute timer reset itself as soon as we all play an estimate, so that it's ready for use on the next round.",Pragmatic,Unique,No Violation,,,Story + Backlog,,No substantial duplication was identified in the backlog.
PP-038,PlanningPoker,"As a participant, I want to have the two-minute timer reset itself as soon as we all play an estimate, so that it's ready for use on the next round.",Pragmatic,Uniform,No Violation,,,Story + Backlog,,
PP-038,PlanningPoker,"As a participant, I want to have the two-minute timer reset itself as soon as we all play an estimate, so that it's ready for use on the next round.",Pragmatic,Independent,No Violation,,,Story + Backlog,PP-037,
PP-038,PlanningPoker,"As a participant, I want to have the two-minute timer reset itself as soon as we all play an estimate, so that it's ready for use on the next round.",Pragmatic,Complete,No Violation,,,Story + Backlog,,No evident complementary omission was identified in the available backlog.
PP-039,PlanningPoker,"As a participant, I want to scroll back through the stories and estimates from prior rounds, so that I can use this information when I estimate the item of the current round.",Syntactic,Well-formed,No Violation,,,Story only,,
PP-039,PlanningPoker,"As a participant, I want to scroll back through the stories and estimates from prior rounds, so that I can use this information when I estimate the item of the current round.",Syntactic,Atomic,No Violation,,,Story only,,
PP-039,PlanningPoker,"As a participant, I want to scroll back through the stories and estimates from prior rounds, so that I can use this information when I estimate the item of the current round.",Syntactic,Minimal,No Violation,,,Story only,,
PP-039,PlanningPoker,"As a participant, I want to scroll back through the stories and estimates from prior rounds, so that I can use this information when I estimate the item of the current round.",Semantic,Conceptually sound,No Violation,,,Story only,,
PP-039,PlanningPoker,"As a participant, I want to scroll back through the stories and estimates from prior rounds, so that I can use this information when I estimate the item of the current round.",Semantic,Problem-oriented,No Violation,,,Story only,,
PP-039,PlanningPoker,"As a participant, I want to scroll back through the stories and estimates from prior rounds, so that I can use this information when I estimate the item of the current round.",Semantic,Unambiguous,No Violation,,,Story only,,
PP-039,PlanningPoker,"As a participant, I want to scroll back through the stories and estimates from prior rounds, so that I can use this information when I estimate the item of the current round.",Semantic,Conflict-free,No Violation,,,Story + Backlog,,No explicit conflict was identified in the available backlog.
PP-039,PlanningPoker,"As a participant, I want to scroll back through the stories and estimates from prior rounds, so that I can use this information when I estimate the item of the current round.",Pragmatic,Full sentence,No Violation,,,Story only,,
PP-039,PlanningPoker,"As a participant, I want to scroll back through the stories and estimates from prior rounds, so that I can use this information when I estimate the item of the current round.",Pragmatic,Estimatable,No Violation,,,Story + Backlog,,The backlog and the story itself provide sufficient scope for a preliminary estimate.
PP-039,PlanningPoker,"As a participant, I want to scroll back through the stories and estimates from prior rounds, so that I can use this information when I estimate the item of the current round.",Pragmatic,Unique,No Violation,,,Story + Backlog,,No substantial duplication was identified in the backlog.
PP-039,PlanningPoker,"As a participant, I want to scroll back through the stories and estimates from prior rounds, so that I can use this information when I estimate the item of the current round.",Pragmatic,Uniform,No Violation,,,Story + Backlog,,
PP-039,PlanningPoker,"As a participant, I want to scroll back through the stories and estimates from prior rounds, so that I can use this information when I estimate the item of the current round.",Pragmatic,Independent,No Violation,,,Story + Backlog,,No evident unnecessary dependency was identified.
PP-039,PlanningPoker,"As a participant, I want to scroll back through the stories and estimates from prior rounds, so that I can use this information when I estimate the item of the current round.",Pragmatic,Complete,No Violation,,,Story + Backlog,,No evident complementary omission was identified in the available backlog.
PP-040,PlanningPoker,"As a participant, I want to always have the cards in the same order across multiple draws, so that it's easy to compare estimates.",Syntactic,Well-formed,No Violation,,,Story only,,
PP-040,PlanningPoker,"As a participant, I want to always have the cards in the same order across multiple draws, so that it's easy to compare estimates.",Syntactic,Atomic,No Violation,,,Story only,,
PP-040,PlanningPoker,"As a participant, I want to always have the cards in the same order across multiple draws, so that it's easy to compare estimates.",Syntactic,Minimal,No Violation,,,Story only,,
PP-040,PlanningPoker,"As a participant, I want to always have the cards in the same order across multiple draws, so that it's easy to compare estimates.",Semantic,Conceptually sound,No Violation,,,Story only,,
PP-040,PlanningPoker,"As a participant, I want to always have the cards in the same order across multiple draws, so that it's easy to compare estimates.",Semantic,Problem-oriented,No Violation,,,Story only,,
PP-040,PlanningPoker,"As a participant, I want to always have the cards in the same order across multiple draws, so that it's easy to compare estimates.",Semantic,Unambiguous,No Violation,,,Story only,,
PP-040,PlanningPoker,"As a participant, I want to always have the cards in the same order across multiple draws, so that it's easy to compare estimates.",Semantic,Conflict-free,No Violation,,,Story + Backlog,,No explicit conflict was identified in the available backlog.
PP-040,PlanningPoker,"As a participant, I want to always have the cards in the same order across multiple draws, so that it's easy to compare estimates.",Pragmatic,Full sentence,No Violation,,,Story only,,
PP-040,PlanningPoker,"As a participant, I want to always have the cards in the same order across multiple draws, so that it's easy to compare estimates.",Pragmatic,Estimatable,No Violation,,,Story + Backlog,,
PP-040,PlanningPoker,"As a participant, I want to always have the cards in the same order across multiple draws, so that it's easy to compare estimates.",Pragmatic,Unique,No Violation,,,Story + Backlog,,No substantial duplication was identified in the backlog.
PP-040,PlanningPoker,"As a participant, I want to always have the cards in the same order across multiple draws, so that it's easy to compare estimates.",Pragmatic,Uniform,No Violation,,,Story + Backlog,,
PP-040,PlanningPoker,"As a participant, I want to always have the cards in the same order across multiple draws, so that it's easy to compare estimates.",Pragmatic,Independent,No Violation,,,Story + Backlog,,No evident unnecessary dependency was identified.
PP-040,PlanningPoker,"As a participant, I want to always have the cards in the same order across multiple draws, so that it's easy to compare estimates.",Pragmatic,Complete,No Violation,,,Story + Backlog,,No evident complementary omission was identified in the available backlog.
PP-041,PlanningPoker,"As a participant, I want to change my estimate as long as the draw has not been completed, so that I can change my mind.",Syntactic,Well-formed,No Violation,,,Story only,,
PP-041,PlanningPoker,"As a participant, I want to change my estimate as long as the draw has not been completed, so that I can change my mind.",Syntactic,Atomic,No Violation,,,Story only,,
PP-041,PlanningPoker,"As a participant, I want to change my estimate as long as the draw has not been completed, so that I can change my mind.",Syntactic,Minimal,No Violation,,,Story only,,
PP-041,PlanningPoker,"As a participant, I want to change my estimate as long as the draw has not been completed, so that I can change my mind.",Semantic,Conceptually sound,No Violation,,,Story only,,
PP-041,PlanningPoker,"As a participant, I want to change my estimate as long as the draw has not been completed, so that I can change my mind.",Semantic,Problem-oriented,No Violation,,,Story only,,
PP-041,PlanningPoker,"As a participant, I want to change my estimate as long as the draw has not been completed, so that I can change my mind.",Semantic,Unambiguous,No Violation,,,Story only,,
PP-041,PlanningPoker,"As a participant, I want to change my estimate as long as the draw has not been completed, so that I can change my mind.",Semantic,Conflict-free,No Violation,,,Story + Backlog,,No explicit conflict was identified in the available backlog.
PP-041,PlanningPoker,"As a participant, I want to change my estimate as long as the draw has not been completed, so that I can change my mind.",Pragmatic,Full sentence,No Violation,,,Story only,,
PP-041,PlanningPoker,"As a participant, I want to change my estimate as long as the draw has not been completed, so that I can change my mind.",Pragmatic,Estimatable,No Violation,,,Story + Backlog,,The backlog and the story itself provide sufficient scope for a preliminary estimate.
PP-041,PlanningPoker,"As a participant, I want to change my estimate as long as the draw has not been completed, so that I can change my mind.",Pragmatic,Unique,Violation,change my estimate as long as the draw has not been completed,"Another backlog story expresses a substantially equivalent functional requirement, indicating duplication without a relevant difference in goal.",Story + Backlog,PP-034,
PP-041,PlanningPoker,"As a participant, I want to change my estimate as long as the draw has not been completed, so that I can change my mind.",Pragmatic,Uniform,No Violation,,,Story + Backlog,,
PP-041,PlanningPoker,"As a participant, I want to change my estimate as long as the draw has not been completed, so that I can change my mind.",Pragmatic,Independent,No Violation,,,Story + Backlog,,No evident unnecessary dependency was identified.
PP-041,PlanningPoker,"As a participant, I want to change my estimate as long as the draw has not been completed, so that I can change my mind.",Pragmatic,Complete,No Violation,,,Story + Backlog,,No evident complementary omission was identified in the available backlog.
PP-042,PlanningPoker,"As a participant, I want to have a small thumbnail photo displayed near where my cards are played, so that the game is more personal because I see who I'm estimating with.",Syntactic,Well-formed,No Violation,,,Story only,,
PP-042,PlanningPoker,"As a participant, I want to have a small thumbnail photo displayed near where my cards are played, so that the game is more personal because I see who I'm estimating with.",Syntactic,Atomic,No Violation,,,Story only,,
PP-042,PlanningPoker,"As a participant, I want to have a small thumbnail photo displayed near where my cards are played, so that the game is more personal because I see who I'm estimating with.",Syntactic,Minimal,Violation,have a small thumbnail photo displayed near where my cards are played,"The story incorporates solution, interface, technology, format, field, or constraint details that exceed the minimal description of the stakeholder need.",Story only,,
PP-042,PlanningPoker,"As a participant, I want to have a small thumbnail photo displayed near where my cards are played, so that the game is more personal because I see who I'm estimating with.",Semantic,Conceptually sound,No Violation,,,Story only,,
PP-042,PlanningPoker,"As a participant, I want to have a small thumbnail photo displayed near where my cards are played, so that the game is more personal because I see who I'm estimating with.",Semantic,Problem-oriented,Violation,have a small thumbnail photo displayed near where my cards are played,"The story prescribes a mechanism, technology, format, interface element, or concrete solution instead of remaining at the level of the stakeholder need.",Story only,,
PP-042,PlanningPoker,"As a participant, I want to have a small thumbnail photo displayed near where my cards are played, so that the game is more personal because I see who I'm estimating with.",Semantic,Unambiguous,No Violation,,,Story only,,
PP-042,PlanningPoker,"As a participant, I want to have a small thumbnail photo displayed near where my cards are played, so that the game is more personal because I see who I'm estimating with.",Semantic,Conflict-free,No Violation,,,Story + Backlog,,No explicit conflict was identified in the available backlog.
PP-042,PlanningPoker,"As a participant, I want to have a small thumbnail photo displayed near where my cards are played, so that the game is more personal because I see who I'm estimating with.",Pragmatic,Full sentence,No Violation,,,Story only,,
PP-042,PlanningPoker,"As a participant, I want to have a small thumbnail photo displayed near where my cards are played, so that the game is more personal because I see who I'm estimating with.",Pragmatic,Estimatable,No Violation,,,Story + Backlog,,The backlog and the story itself provide sufficient scope for a preliminary estimate.
PP-042,PlanningPoker,"As a participant, I want to have a small thumbnail photo displayed near where my cards are played, so that the game is more personal because I see who I'm estimating with.",Pragmatic,Unique,No Violation,,,Story + Backlog,,No substantial duplication was identified in the backlog.
PP-042,PlanningPoker,"As a participant, I want to have a small thumbnail photo displayed near where my cards are played, so that the game is more personal because I see who I'm estimating with.",Pragmatic,Uniform,No Violation,,,Story + Backlog,,
PP-042,PlanningPoker,"As a participant, I want to have a small thumbnail photo displayed near where my cards are played, so that the game is more personal because I see who I'm estimating with.",Pragmatic,Independent,No Violation,,,Story + Backlog,,No evident unnecessary dependency was identified.
PP-042,PlanningPoker,"As a participant, I want to have a small thumbnail photo displayed near where my cards are played, so that the game is more personal because I see who I'm estimating with.",Pragmatic,Complete,No Violation,,,Story + Backlog,,No evident complementary omission was identified in the available backlog.
PP-043,PlanningPoker,"As a developer, I want to have written a site which is compliant with XHTML and CSS standards, so that as many people as possible can access the site and view it as intended.",Syntactic,Well-formed,No Violation,,,Story only,,
PP-043,PlanningPoker,"As a developer, I want to have written a site which is compliant with XHTML and CSS standards, so that as many people as possible can access the site and view it as intended.",Syntactic,Atomic,No Violation,,,Story only,,
PP-043,PlanningPoker,"As a developer, I want to have written a site which is compliant with XHTML and CSS standards, so that as many people as possible can access the site and view it as intended.",Syntactic,Minimal,Violation,have written a site which is compliant with XHTML and CSS standards,"The story embeds additional implementation, interface, field, constraint, or workflow detail beyond the minimal role–means–optional end structure.",Story only,,Revisar durante a calibração do critério Minimal.
PP-043,PlanningPoker,"As a developer, I want to have written a site which is compliant with XHTML and CSS standards, so that as many people as possible can access the site and view it as intended.",Semantic,Conceptually sound,No Violation,,,Story only,,
PP-043,PlanningPoker,"As a developer, I want to have written a site which is compliant with XHTML and CSS standards, so that as many people as possible can access the site and view it as intended.",Semantic,Problem-oriented,Violation,have written a site which is compliant with XHTML and CSS standards,"The story prescribes a mechanism, technology, format, interface element, or concrete solution instead of remaining at the level of the stakeholder need.",Story only,,
PP-043,PlanningPoker,"As a developer, I want to have written a site which is compliant with XHTML and CSS standards, so that as many people as possible can access the site and view it as intended.",Semantic,Unambiguous,No Violation,,,Story only,,
PP-043,PlanningPoker,"As a developer, I want to have written a site which is compliant with XHTML and CSS standards, so that as many people as possible can access the site and view it as intended.",Semantic,Conflict-free,No Violation,,,Story + Backlog,,No explicit conflict was identified in the available backlog.
PP-043,PlanningPoker,"As a developer, I want to have written a site which is compliant with XHTML and CSS standards, so that as many people as possible can access the site and view it as intended.",Pragmatic,Full sentence,No Violation,,,Story only,,
PP-043,PlanningPoker,"As a developer, I want to have written a site which is compliant with XHTML and CSS standards, so that as many people as possible can access the site and view it as intended.",Pragmatic,Estimatable,No Violation,,,Story + Backlog,,The backlog and the story itself provide sufficient scope for a preliminary estimate.
PP-043,PlanningPoker,"As a developer, I want to have written a site which is compliant with XHTML and CSS standards, so that as many people as possible can access the site and view it as intended.",Pragmatic,Unique,No Violation,,,Story + Backlog,,No substantial duplication was identified in the backlog.
PP-043,PlanningPoker,"As a developer, I want to have written a site which is compliant with XHTML and CSS standards, so that as many people as possible can access the site and view it as intended.",Pragmatic,Uniform,No Violation,,,Story + Backlog,,
PP-043,PlanningPoker,"As a developer, I want to have written a site which is compliant with XHTML and CSS standards, so that as many people as possible can access the site and view it as intended.",Pragmatic,Independent,No Violation,,,Story + Backlog,,No evident unnecessary dependency was identified.
PP-043,PlanningPoker,"As a developer, I want to have written a site which is compliant with XHTML and CSS standards, so that as many people as possible can access the site and view it as intended.",Pragmatic,Complete,No Violation,,,Story + Backlog,,No evident complementary omission was identified in the available backlog.
PP-044,PlanningPoker,"As a developer, I want to have a list of definitions for commonly used terms, so that everyone working on the project can understand each other more easily.",Syntactic,Well-formed,No Violation,,,Story only,,
PP-044,PlanningPoker,"As a developer, I want to have a list of definitions for commonly used terms, so that everyone working on the project can understand each other more easily.",Syntactic,Atomic,No Violation,,,Story only,,
PP-044,PlanningPoker,"As a developer, I want to have a list of definitions for commonly used terms, so that everyone working on the project can understand each other more easily.",Syntactic,Minimal,No Violation,,,Story only,,
PP-044,PlanningPoker,"As a developer, I want to have a list of definitions for commonly used terms, so that everyone working on the project can understand each other more easily.",Semantic,Conceptually sound,No Violation,,,Story only,,
PP-044,PlanningPoker,"As a developer, I want to have a list of definitions for commonly used terms, so that everyone working on the project can understand each other more easily.",Semantic,Problem-oriented,No Violation,,,Story only,,
PP-044,PlanningPoker,"As a developer, I want to have a list of definitions for commonly used terms, so that everyone working on the project can understand each other more easily.",Semantic,Unambiguous,Violation,have a list of definitions for commonly used terms,"The highlighted wording leaves a key term, scope, reference, or expected behavior open to materially different interpretations.",Story only,,
PP-044,PlanningPoker,"As a developer, I want to have a list of definitions for commonly used terms, so that everyone working on the project can understand each other more easily.",Semantic,Conflict-free,No Violation,,,Story + Backlog,,No explicit conflict was identified in the available backlog.
PP-044,PlanningPoker,"As a developer, I want to have a list of definitions for commonly used terms, so that everyone working on the project can understand each other more easily.",Pragmatic,Full sentence,No Violation,,,Story only,,
PP-044,PlanningPoker,"As a developer, I want to have a list of definitions for commonly used terms, so that everyone working on the project can understand each other more easily.",Pragmatic,Estimatable,Violation,have a list of definitions for commonly used terms,"The highlighted wording leaves relevant scope, expected behavior, or constraints insufficiently defined to support a reliable implementation estimate.",Story + Backlog,,
PP-044,PlanningPoker,"As a developer, I want to have a list of definitions for commonly used terms, so that everyone working on the project can understand each other more easily.",Pragmatic,Unique,No Violation,,,Story + Backlog,,No substantial duplication was identified in the backlog.
PP-044,PlanningPoker,"As a developer, I want to have a list of definitions for commonly used terms, so that everyone working on the project can understand each other more easily.",Pragmatic,Uniform,No Violation,,,Story + Backlog,,
PP-044,PlanningPoker,"As a developer, I want to have a list of definitions for commonly used terms, so that everyone working on the project can understand each other more easily.",Pragmatic,Independent,No Violation,,,Story + Backlog,,No evident unnecessary dependency was identified.
PP-044,PlanningPoker,"As a developer, I want to have a list of definitions for commonly used terms, so that everyone working on the project can understand each other more easily.",Pragmatic,Complete,No Violation,,,Story + Backlog,,No evident complementary omission was identified in the available backlog.
PP-045,PlanningPoker,"As a developer, I want to have created database indexes, so that the queries run as fast as possible.",Syntactic,Well-formed,No Violation,,,Story only,,
PP-045,PlanningPoker,"As a developer, I want to have created database indexes, so that the queries run as fast as possible.",Syntactic,Atomic,No Violation,,,Story only,,
PP-045,PlanningPoker,"As a developer, I want to have created database indexes, so that the queries run as fast as possible.",Syntactic,Minimal,No Violation,,,Story only,,
PP-045,PlanningPoker,"As a developer, I want to have created database indexes, so that the queries run as fast as possible.",Semantic,Conceptually sound,No Violation,,,Story only,,
PP-045,PlanningPoker,"As a developer, I want to have created database indexes, so that the queries run as fast as possible.",Semantic,Problem-oriented,Violation,have created database indexes,"The story prescribes a mechanism, technology, format, interface element, or concrete solution instead of remaining at the level of the stakeholder need.",Story only,,
PP-045,PlanningPoker,"As a developer, I want to have created database indexes, so that the queries run as fast as possible.",Semantic,Unambiguous,No Violation,,,Story only,,
PP-045,PlanningPoker,"As a developer, I want to have created database indexes, so that the queries run as fast as possible.",Semantic,Conflict-free,No Violation,,,Story + Backlog,,No explicit conflict was identified in the available backlog.
PP-045,PlanningPoker,"As a developer, I want to have created database indexes, so that the queries run as fast as possible.",Pragmatic,Full sentence,No Violation,,,Story only,,
PP-045,PlanningPoker,"As a developer, I want to have created database indexes, so that the queries run as fast as possible.",Pragmatic,Estimatable,No Violation,,,Story + Backlog,,The backlog and the story itself provide sufficient scope for a preliminary estimate.
PP-045,PlanningPoker,"As a developer, I want to have created database indexes, so that the queries run as fast as possible.",Pragmatic,Unique,No Violation,,,Story + Backlog,,No substantial duplication was identified in the backlog.
PP-045,PlanningPoker,"As a developer, I want to have created database indexes, so that the queries run as fast as possible.",Pragmatic,Uniform,No Violation,,,Story + Backlog,,
PP-045,PlanningPoker,"As a developer, I want to have created database indexes, so that the queries run as fast as possible.",Pragmatic,Independent,No Violation,,,Story + Backlog,,No evident unnecessary dependency was identified.
PP-045,PlanningPoker,"As a developer, I want to have created database indexes, so that the queries run as fast as possible.",Pragmatic,Complete,No Violation,,,Story + Backlog,,No evident complementary omission was identified in the available backlog.
PP-046,PlanningPoker,"As a developer, I want to have the application function correctly in Internet Explorer 6 and 7, Firefox 1.5 and 2, and Safari 2, so that as many people as possible can fully use the application.",Syntactic,Well-formed,No Violation,,,Story only,,
PP-046,PlanningPoker,"As a developer, I want to have the application function correctly in Internet Explorer 6 and 7, Firefox 1.5 and 2, and Safari 2, so that as many people as possible can fully use the application.",Syntactic,Atomic,No Violation,,,Story only,,
PP-046,PlanningPoker,"As a developer, I want to have the application function correctly in Internet Explorer 6 and 7, Firefox 1.5 and 2, and Safari 2, so that as many people as possible can fully use the application.",Syntactic,Minimal,Violation,"have the application function correctly in Internet Explorer 6 and 7, Firefox 1.5 and 2, and Safari 2","The story incorporates solution, interface, technology, format, field, or constraint details that exceed the minimal description of the stakeholder need.",Story only,,
PP-046,PlanningPoker,"As a developer, I want to have the application function correctly in Internet Explorer 6 and 7, Firefox 1.5 and 2, and Safari 2, so that as many people as possible can fully use the application.",Semantic,Conceptually sound,No Violation,,,Story only,,
PP-046,PlanningPoker,"As a developer, I want to have the application function correctly in Internet Explorer 6 and 7, Firefox 1.5 and 2, and Safari 2, so that as many people as possible can fully use the application.",Semantic,Problem-oriented,Violation,"have the application function correctly in Internet Explorer 6 and 7, Firefox 1.5 and 2, and Safari 2","The story prescribes a mechanism, technology, format, interface element, or concrete solution instead of remaining at the level of the stakeholder need.",Story only,,
PP-046,PlanningPoker,"As a developer, I want to have the application function correctly in Internet Explorer 6 and 7, Firefox 1.5 and 2, and Safari 2, so that as many people as possible can fully use the application.",Semantic,Unambiguous,No Violation,,,Story only,,
PP-046,PlanningPoker,"As a developer, I want to have the application function correctly in Internet Explorer 6 and 7, Firefox 1.5 and 2, and Safari 2, so that as many people as possible can fully use the application.",Semantic,Conflict-free,No Violation,,,Story + Backlog,,No explicit conflict was identified in the available backlog.
PP-046,PlanningPoker,"As a developer, I want to have the application function correctly in Internet Explorer 6 and 7, Firefox 1.5 and 2, and Safari 2, so that as many people as possible can fully use the application.",Pragmatic,Full sentence,No Violation,,,Story only,,
PP-046,PlanningPoker,"As a developer, I want to have the application function correctly in Internet Explorer 6 and 7, Firefox 1.5 and 2, and Safari 2, so that as many people as possible can fully use the application.",Pragmatic,Estimatable,No Violation,,,Story + Backlog,,The backlog and the story itself provide sufficient scope for a preliminary estimate.
PP-046,PlanningPoker,"As a developer, I want to have the application function correctly in Internet Explorer 6 and 7, Firefox 1.5 and 2, and Safari 2, so that as many people as possible can fully use the application.",Pragmatic,Unique,No Violation,,,Story + Backlog,,No substantial duplication was identified in the backlog.
PP-046,PlanningPoker,"As a developer, I want to have the application function correctly in Internet Explorer 6 and 7, Firefox 1.5 and 2, and Safari 2, so that as many people as possible can fully use the application.",Pragmatic,Uniform,No Violation,,,Story + Backlog,,
PP-046,PlanningPoker,"As a developer, I want to have the application function correctly in Internet Explorer 6 and 7, Firefox 1.5 and 2, and Safari 2, so that as many people as possible can fully use the application.",Pragmatic,Independent,No Violation,,,Story + Backlog,,No evident unnecessary dependency was identified.
PP-046,PlanningPoker,"As a developer, I want to have the application function correctly in Internet Explorer 6 and 7, Firefox 1.5 and 2, and Safari 2, so that as many people as possible can fully use the application.",Pragmatic,Complete,No Violation,,,Story + Backlog,,No evident complementary omission was identified in the available backlog.
PP-047,PlanningPoker,"As a developer, I want to have the site comply with the W3C accessibility guidelines where possible, so that people with accessibility issues can use the application.",Syntactic,Well-formed,No Violation,,,Story only,,
PP-047,PlanningPoker,"As a developer, I want to have the site comply with the W3C accessibility guidelines where possible, so that people with accessibility issues can use the application.",Syntactic,Atomic,No Violation,,,Story only,,
PP-047,PlanningPoker,"As a developer, I want to have the site comply with the W3C accessibility guidelines where possible, so that people with accessibility issues can use the application.",Syntactic,Minimal,Violation,have the site comply with the W3C accessibility guidelines where possible,"The story embeds additional implementation, interface, field, constraint, or workflow detail beyond the minimal role–means–optional end structure.",Story only,,Revisar durante a calibração do critério Minimal.
PP-047,PlanningPoker,"As a developer, I want to have the site comply with the W3C accessibility guidelines where possible, so that people with accessibility issues can use the application.",Semantic,Conceptually sound,No Violation,,,Story only,,
PP-047,PlanningPoker,"As a developer, I want to have the site comply with the W3C accessibility guidelines where possible, so that people with accessibility issues can use the application.",Semantic,Problem-oriented,Violation,have the site comply with the W3C accessibility guidelines where possible,"The story prescribes a mechanism, technology, format, interface element, or concrete solution instead of remaining at the level of the stakeholder need.",Story only,,
PP-047,PlanningPoker,"As a developer, I want to have the site comply with the W3C accessibility guidelines where possible, so that people with accessibility issues can use the application.",Semantic,Unambiguous,Violation,have the site comply with the W3C accessibility guidelines where possible,"The wording contains vague terms, unclear references, alternatives, or abstractions that allow materially different interpretations.",Story only,,
PP-047,PlanningPoker,"As a developer, I want to have the site comply with the W3C accessibility guidelines where possible, so that people with accessibility issues can use the application.",Semantic,Conflict-free,No Violation,,,Story + Backlog,,No explicit conflict was identified in the available backlog.
PP-047,PlanningPoker,"As a developer, I want to have the site comply with the W3C accessibility guidelines where possible, so that people with accessibility issues can use the application.",Pragmatic,Full sentence,No Violation,,,Story only,,
PP-047,PlanningPoker,"As a developer, I want to have the site comply with the W3C accessibility guidelines where possible, so that people with accessibility issues can use the application.",Pragmatic,Estimatable,Violation,have the site comply with the W3C accessibility guidelines where possible,"The ambiguity or vagueness directly affects the expected scope or behavior, making a reasonable estimate difficult.",Story + Backlog,,
PP-047,PlanningPoker,"As a developer, I want to have the site comply with the W3C accessibility guidelines where possible, so that people with accessibility issues can use the application.",Pragmatic,Unique,No Violation,,,Story + Backlog,,No substantial duplication was identified in the backlog.
PP-047,PlanningPoker,"As a developer, I want to have the site comply with the W3C accessibility guidelines where possible, so that people with accessibility issues can use the application.",Pragmatic,Uniform,No Violation,,,Story + Backlog,,
PP-047,PlanningPoker,"As a developer, I want to have the site comply with the W3C accessibility guidelines where possible, so that people with accessibility issues can use the application.",Pragmatic,Independent,No Violation,,,Story + Backlog,,No evident unnecessary dependency was identified.
PP-047,PlanningPoker,"As a developer, I want to have the site comply with the W3C accessibility guidelines where possible, so that people with accessibility issues can use the application.",Pragmatic,Complete,No Violation,,,Story + Backlog,,No evident complementary omission was identified in the available backlog.
PP-048,PlanningPoker,"As a user, I want to have the application respond quickly to my actions, so that I don't get bored.",Syntactic,Well-formed,No Violation,,,Story only,,
PP-048,PlanningPoker,"As a user, I want to have the application respond quickly to my actions, so that I don't get bored.",Syntactic,Atomic,No Violation,,,Story only,,
PP-048,PlanningPoker,"As a user, I want to have the application respond quickly to my actions, so that I don't get bored.",Syntactic,Minimal,No Violation,,,Story only,,
PP-048,PlanningPoker,"As a user, I want to have the application respond quickly to my actions, so that I don't get bored.",Semantic,Conceptually sound,No Violation,,,Story only,,
PP-048,PlanningPoker,"As a user, I want to have the application respond quickly to my actions, so that I don't get bored.",Semantic,Problem-oriented,No Violation,,,Story only,,Requer consenso sobre o nível aceitável de prescrição de solução.
PP-048,PlanningPoker,"As a user, I want to have the application respond quickly to my actions, so that I don't get bored.",Semantic,Unambiguous,Violation,have the application respond quickly to my actions,"The wording contains vague terms, unclear references, alternatives, or abstractions that allow materially different interpretations.",Story only,,
PP-048,PlanningPoker,"As a user, I want to have the application respond quickly to my actions, so that I don't get bored.",Semantic,Conflict-free,No Violation,,,Story + Backlog,,No explicit conflict was identified in the available backlog.
PP-048,PlanningPoker,"As a user, I want to have the application respond quickly to my actions, so that I don't get bored.",Pragmatic,Full sentence,No Violation,,,Story only,,
PP-048,PlanningPoker,"As a user, I want to have the application respond quickly to my actions, so that I don't get bored.",Pragmatic,Estimatable,Violation,have the application respond quickly to my actions,"The ambiguity or vagueness directly affects the expected scope or behavior, making a reasonable estimate difficult.",Story + Backlog,,
PP-048,PlanningPoker,"As a user, I want to have the application respond quickly to my actions, so that I don't get bored.",Pragmatic,Unique,No Violation,,,Story + Backlog,,No substantial duplication was identified in the backlog.
PP-048,PlanningPoker,"As a user, I want to have the application respond quickly to my actions, so that I don't get bored.",Pragmatic,Uniform,No Violation,,,Story + Backlog,,
PP-048,PlanningPoker,"As a user, I want to have the application respond quickly to my actions, so that I don't get bored.",Pragmatic,Independent,No Violation,,,Story + Backlog,,No evident unnecessary dependency was identified.
PP-048,PlanningPoker,"As a user, I want to have the application respond quickly to my actions, so that I don't get bored.",Pragmatic,Complete,No Violation,,,Story + Backlog,,No evident complementary omission was identified in the available backlog.
PP-049,PlanningPoker,"As a user, I want to be able to use Unicode, so that I can use any language I like.",Syntactic,Well-formed,No Violation,,,Story only,,
PP-049,PlanningPoker,"As a user, I want to be able to use Unicode, so that I can use any language I like.",Syntactic,Atomic,No Violation,,,Story only,,
PP-049,PlanningPoker,"As a user, I want to be able to use Unicode, so that I can use any language I like.",Syntactic,Minimal,No Violation,,,Story only,,
PP-049,PlanningPoker,"As a user, I want to be able to use Unicode, so that I can use any language I like.",Semantic,Conceptually sound,No Violation,,,Story only,,
PP-049,PlanningPoker,"As a user, I want to be able to use Unicode, so that I can use any language I like.",Semantic,Problem-oriented,Violation,be able to use Unicode,"The story prescribes a mechanism, technology, format, interface element, or concrete solution instead of remaining at the level of the stakeholder need.",Story only,,
PP-049,PlanningPoker,"As a user, I want to be able to use Unicode, so that I can use any language I like.",Semantic,Unambiguous,No Violation,,,Story only,,
PP-049,PlanningPoker,"As a user, I want to be able to use Unicode, so that I can use any language I like.",Semantic,Conflict-free,No Violation,,,Story + Backlog,,No explicit conflict was identified in the available backlog.
PP-049,PlanningPoker,"As a user, I want to be able to use Unicode, so that I can use any language I like.",Pragmatic,Full sentence,No Violation,,,Story only,,
PP-049,PlanningPoker,"As a user, I want to be able to use Unicode, so that I can use any language I like.",Pragmatic,Estimatable,No Violation,,,Story + Backlog,,The backlog and the story itself provide sufficient scope for a preliminary estimate.
PP-049,PlanningPoker,"As a user, I want to be able to use Unicode, so that I can use any language I like.",Pragmatic,Unique,No Violation,,,Story + Backlog,,No substantial duplication was identified in the backlog.
PP-049,PlanningPoker,"As a user, I want to be able to use Unicode, so that I can use any language I like.",Pragmatic,Uniform,No Violation,,,Story + Backlog,,
PP-049,PlanningPoker,"As a user, I want to be able to use Unicode, so that I can use any language I like.",Pragmatic,Independent,No Violation,,,Story + Backlog,,No evident unnecessary dependency was identified.
PP-049,PlanningPoker,"As a user, I want to be able to use Unicode, so that I can use any language I like.",Pragmatic,Complete,No Violation,,,Story + Backlog,,No evident complementary omission was identified in the available backlog.
PP-050,PlanningPoker,"As a user, I want to see sensible and predictable URLs, so that the application feels logical and transparent.",Syntactic,Well-formed,No Violation,,,Story only,,
PP-050,PlanningPoker,"As a user, I want to see sensible and predictable URLs, so that the application feels logical and transparent.",Syntactic,Atomic,No Violation,,,Story only,,
PP-050,PlanningPoker,"As a user, I want to see sensible and predictable URLs, so that the application feels logical and transparent.",Syntactic,Minimal,No Violation,,,Story only,,
PP-050,PlanningPoker,"As a user, I want to see sensible and predictable URLs, so that the application feels logical and transparent.",Semantic,Conceptually sound,No Violation,,,Story only,,
PP-050,PlanningPoker,"As a user, I want to see sensible and predictable URLs, so that the application feels logical and transparent.",Semantic,Problem-oriented,Violation,see sensible and predictable URLs,"The story prescribes a mechanism, technology, format, interface element, or concrete solution instead of remaining at the level of the stakeholder need.",Story only,,
PP-050,PlanningPoker,"As a user, I want to see sensible and predictable URLs, so that the application feels logical and transparent.",Semantic,Unambiguous,Violation,see sensible and predictable URLs,"The wording contains vague terms, unclear references, alternatives, or abstractions that allow materially different interpretations.",Story only,,
PP-050,PlanningPoker,"As a user, I want to see sensible and predictable URLs, so that the application feels logical and transparent.",Semantic,Conflict-free,No Violation,,,Story + Backlog,,No explicit conflict was identified in the available backlog.
PP-050,PlanningPoker,"As a user, I want to see sensible and predictable URLs, so that the application feels logical and transparent.",Pragmatic,Full sentence,No Violation,,,Story only,,
PP-050,PlanningPoker,"As a user, I want to see sensible and predictable URLs, so that the application feels logical and transparent.",Pragmatic,Estimatable,Violation,see sensible and predictable URLs,"The ambiguity or vagueness directly affects the expected scope or behavior, making a reasonable estimate difficult.",Story + Backlog,,
PP-050,PlanningPoker,"As a user, I want to see sensible and predictable URLs, so that the application feels logical and transparent.",Pragmatic,Unique,No Violation,,,Story + Backlog,,No substantial duplication was identified in the backlog.
PP-050,PlanningPoker,"As a user, I want to see sensible and predictable URLs, so that the application feels logical and transparent.",Pragmatic,Uniform,No Violation,,,Story + Backlog,,
PP-050,PlanningPoker,"As a user, I want to see sensible and predictable URLs, so that the application feels logical and transparent.",Pragmatic,Independent,No Violation,,,Story + Backlog,,No evident unnecessary dependency was identified.
PP-050,PlanningPoker,"As a user, I want to see sensible and predictable URLs, so that the application feels logical and transparent.",Pragmatic,Complete,No Violation,,,Story + Backlog,,No evident complementary omission was identified in the available backlog.
PP-051,PlanningPoker,"As a user, I want to have nice error pages when something goes wrong, so that I can trust the system and its developers.",Syntactic,Well-formed,No Violation,,,Story only,,
PP-051,PlanningPoker,"As a user, I want to have nice error pages when something goes wrong, so that I can trust the system and its developers.",Syntactic,Atomic,No Violation,,,Story only,,
PP-051,PlanningPoker,"As a user, I want to have nice error pages when something goes wrong, so that I can trust the system and its developers.",Syntactic,Minimal,No Violation,,,Story only,,
PP-051,PlanningPoker,"As a user, I want to have nice error pages when something goes wrong, so that I can trust the system and its developers.",Semantic,Conceptually sound,No Violation,,,Story only,,
PP-051,PlanningPoker,"As a user, I want to have nice error pages when something goes wrong, so that I can trust the system and its developers.",Semantic,Problem-oriented,Violation,have nice error pages when something goes wrong,"The story prescribes a mechanism, technology, format, interface element, or concrete solution instead of remaining at the level of the stakeholder need.",Story only,,
PP-051,PlanningPoker,"As a user, I want to have nice error pages when something goes wrong, so that I can trust the system and its developers.",Semantic,Unambiguous,Violation,have nice error pages when something goes wrong,"The wording contains vague terms, unclear references, alternatives, or abstractions that allow materially different interpretations.",Story only,,
PP-051,PlanningPoker,"As a user, I want to have nice error pages when something goes wrong, so that I can trust the system and its developers.",Semantic,Conflict-free,No Violation,,,Story + Backlog,,No explicit conflict was identified in the available backlog.
PP-051,PlanningPoker,"As a user, I want to have nice error pages when something goes wrong, so that I can trust the system and its developers.",Pragmatic,Full sentence,No Violation,,,Story only,,
PP-051,PlanningPoker,"As a user, I want to have nice error pages when something goes wrong, so that I can trust the system and its developers.",Pragmatic,Estimatable,Violation,have nice error pages when something goes wrong,"The ambiguity or vagueness directly affects the expected scope or behavior, making a reasonable estimate difficult.",Story + Backlog,,
PP-051,PlanningPoker,"As a user, I want to have nice error pages when something goes wrong, so that I can trust the system and its developers.",Pragmatic,Unique,No Violation,,,Story + Backlog,,No substantial duplication was identified in the backlog.
PP-051,PlanningPoker,"As a user, I want to have nice error pages when something goes wrong, so that I can trust the system and its developers.",Pragmatic,Uniform,No Violation,,,Story + Backlog,,
PP-051,PlanningPoker,"As a user, I want to have nice error pages when something goes wrong, so that I can trust the system and its developers.",Pragmatic,Independent,No Violation,,,Story + Backlog,,No evident unnecessary dependency was identified.
PP-051,PlanningPoker,"As a user, I want to have nice error pages when something goes wrong, so that I can trust the system and its developers.",Pragmatic,Complete,No Violation,,,Story + Backlog,,No evident complementary omission was identified in the available backlog.
PP-052,PlanningPoker,"As a Researcher, I want results to be stored in a non-identifiable way, so that I can study the data to see things like whether estimates converged around the first opinion given by ""estimator A"" for example.",Syntactic,Well-formed,No Violation,,,Story only,,
PP-052,PlanningPoker,"As a Researcher, I want results to be stored in a non-identifiable way, so that I can study the data to see things like whether estimates converged around the first opinion given by ""estimator A"" for example.",Syntactic,Atomic,No Violation,,,Story only,,
PP-052,PlanningPoker,"As a Researcher, I want results to be stored in a non-identifiable way, so that I can study the data to see things like whether estimates converged around the first opinion given by ""estimator A"" for example.",Syntactic,Minimal,Violation,results to be stored in a non-identifiable way,"The story incorporates solution, interface, technology, format, field, or constraint details that exceed the minimal description of the stakeholder need.",Story only,,
PP-052,PlanningPoker,"As a Researcher, I want results to be stored in a non-identifiable way, so that I can study the data to see things like whether estimates converged around the first opinion given by ""estimator A"" for example.",Semantic,Conceptually sound,No Violation,,,Story only,,
PP-052,PlanningPoker,"As a Researcher, I want results to be stored in a non-identifiable way, so that I can study the data to see things like whether estimates converged around the first opinion given by ""estimator A"" for example.",Semantic,Problem-oriented,Violation,results to be stored in a non-identifiable way,"The story prescribes a concrete solution, mechanism, interface, or implementation choice instead of remaining at the level of the stakeholder need.",Story only,,Requer consenso sobre o nível aceitável de prescrição de solução.
PP-052,PlanningPoker,"As a Researcher, I want results to be stored in a non-identifiable way, so that I can study the data to see things like whether estimates converged around the first opinion given by ""estimator A"" for example.",Semantic,Unambiguous,Violation,results to be stored in a non-identifiable way,"The highlighted wording leaves a key term, scope, reference, or expected behavior open to materially different interpretations.",Story only,,
PP-052,PlanningPoker,"As a Researcher, I want results to be stored in a non-identifiable way, so that I can study the data to see things like whether estimates converged around the first opinion given by ""estimator A"" for example.",Semantic,Conflict-free,No Violation,,,Story + Backlog,,No explicit conflict was identified in the available backlog.
PP-052,PlanningPoker,"As a Researcher, I want results to be stored in a non-identifiable way, so that I can study the data to see things like whether estimates converged around the first opinion given by ""estimator A"" for example.",Pragmatic,Full sentence,No Violation,,,Story only,,
PP-052,PlanningPoker,"As a Researcher, I want results to be stored in a non-identifiable way, so that I can study the data to see things like whether estimates converged around the first opinion given by ""estimator A"" for example.",Pragmatic,Estimatable,Violation,results to be stored in a non-identifiable way,"The highlighted wording leaves relevant scope, expected behavior, or constraints insufficiently defined to support a reliable implementation estimate.",Story + Backlog,,
PP-052,PlanningPoker,"As a Researcher, I want results to be stored in a non-identifiable way, so that I can study the data to see things like whether estimates converged around the first opinion given by ""estimator A"" for example.",Pragmatic,Unique,No Violation,,,Story + Backlog,,No substantial duplication was identified in the backlog.
PP-052,PlanningPoker,"As a Researcher, I want results to be stored in a non-identifiable way, so that I can study the data to see things like whether estimates converged around the first opinion given by ""estimator A"" for example.",Pragmatic,Uniform,No Violation,,,Story + Backlog,,
PP-052,PlanningPoker,"As a Researcher, I want results to be stored in a non-identifiable way, so that I can study the data to see things like whether estimates converged around the first opinion given by ""estimator A"" for example.",Pragmatic,Independent,No Violation,,,Story + Backlog,,No evident unnecessary dependency was identified.
PP-052,PlanningPoker,"As a Researcher, I want results to be stored in a non-identifiable way, so that I can study the data to see things like whether estimates converged around the first opinion given by ""estimator A"" for example.",Pragmatic,Complete,No Violation,,,Story + Backlog,,No evident complementary omission was identified in the available backlog.
PP-053,PlanningPoker,"As a Mike, I want to be able to see some metrics on use of the game, so that I can see how much it is being used.",Syntactic,Well-formed,No Violation,,,Story only,,
PP-053,PlanningPoker,"As a Mike, I want to be able to see some metrics on use of the game, so that I can see how much it is being used.",Syntactic,Atomic,No Violation,,,Story only,,
PP-053,PlanningPoker,"As a Mike, I want to be able to see some metrics on use of the game, so that I can see how much it is being used.",Syntactic,Minimal,No Violation,,,Story only,,Revisar durante a calibração do critério Minimal.
PP-053,PlanningPoker,"As a Mike, I want to be able to see some metrics on use of the game, so that I can see how much it is being used.",Semantic,Conceptually sound,No Violation,,,Story only,,
PP-053,PlanningPoker,"As a Mike, I want to be able to see some metrics on use of the game, so that I can see how much it is being used.",Semantic,Problem-oriented,No Violation,,,Story only,,Requer consenso sobre o nível aceitável de prescrição de solução.
PP-053,PlanningPoker,"As a Mike, I want to be able to see some metrics on use of the game, so that I can see how much it is being used.",Semantic,Unambiguous,Violation,be able to see some metrics on use of the game,"The wording contains vague terms, unclear references, alternatives, or abstractions that allow materially different interpretations.",Story only,,
PP-053,PlanningPoker,"As a Mike, I want to be able to see some metrics on use of the game, so that I can see how much it is being used.",Semantic,Conflict-free,No Violation,,,Story + Backlog,,No explicit conflict was identified in the available backlog.
PP-053,PlanningPoker,"As a Mike, I want to be able to see some metrics on use of the game, so that I can see how much it is being used.",Pragmatic,Full sentence,No Violation,,,Story only,,
PP-053,PlanningPoker,"As a Mike, I want to be able to see some metrics on use of the game, so that I can see how much it is being used.",Pragmatic,Estimatable,Violation,be able to see some metrics on use of the game,"The ambiguity or vagueness directly affects the expected scope or behavior, making a reasonable estimate difficult.",Story + Backlog,,
PP-053,PlanningPoker,"As a Mike, I want to be able to see some metrics on use of the game, so that I can see how much it is being used.",Pragmatic,Unique,No Violation,,,Story + Backlog,,No substantial duplication was identified in the backlog.
PP-053,PlanningPoker,"As a Mike, I want to be able to see some metrics on use of the game, so that I can see how much it is being used.",Pragmatic,Uniform,No Violation,,,Story + Backlog,,
PP-053,PlanningPoker,"As a Mike, I want to be able to see some metrics on use of the game, so that I can see how much it is being used.",Pragmatic,Independent,No Violation,,,Story + Backlog,,No evident unnecessary dependency was identified.
PP-053,PlanningPoker,"As a Mike, I want to be able to see some metrics on use of the game, so that I can see how much it is being used.",Pragmatic,Complete,No Violation,,,Story + Backlog,,No evident complementary omission was identified in the available backlog.
BC-001,BADCamp,"As a anonymoususer, I want to view a list of sponsors, so that I can thank all the awesome sponsors.",Syntactic,Well-formed,No Violation,,,Story only,,
BC-001,BADCamp,"As a anonymoususer, I want to view a list of sponsors, so that I can thank all the awesome sponsors.",Syntactic,Atomic,No Violation,,,Story only,,
BC-001,BADCamp,"As a anonymoususer, I want to view a list of sponsors, so that I can thank all the awesome sponsors.",Syntactic,Minimal,No Violation,,,Story only,,
BC-001,BADCamp,"As a anonymoususer, I want to view a list of sponsors, so that I can thank all the awesome sponsors.",Semantic,Conceptually sound,No Violation,,,Story only,,
BC-001,BADCamp,"As a anonymoususer, I want to view a list of sponsors, so that I can thank all the awesome sponsors.",Semantic,Problem-oriented,No Violation,,,Story only,,
BC-001,BADCamp,"As a anonymoususer, I want to view a list of sponsors, so that I can thank all the awesome sponsors.",Semantic,Unambiguous,No Violation,,,Story only,,
BC-001,BADCamp,"As a anonymoususer, I want to view a list of sponsors, so that I can thank all the awesome sponsors.",Semantic,Conflict-free,No Violation,,,Story + Backlog,,No explicit conflict was identified in the available backlog.
BC-001,BADCamp,"As a anonymoususer, I want to view a list of sponsors, so that I can thank all the awesome sponsors.",Pragmatic,Full sentence,No Violation,,,Story only,,
BC-001,BADCamp,"As a anonymoususer, I want to view a list of sponsors, so that I can thank all the awesome sponsors.",Pragmatic,Estimatable,No Violation,,,Story + Backlog,,The backlog and the story itself provide sufficient scope for a preliminary estimate.
BC-001,BADCamp,"As a anonymoususer, I want to view a list of sponsors, so that I can thank all the awesome sponsors.",Pragmatic,Unique,No Violation,,,Story + Backlog,,No substantial duplication was identified in the backlog.
BC-001,BADCamp,"As a anonymoususer, I want to view a list of sponsors, so that I can thank all the awesome sponsors.",Pragmatic,Uniform,No Violation,,,Story + Backlog,,
BC-001,BADCamp,"As a anonymoususer, I want to view a list of sponsors, so that I can thank all the awesome sponsors.",Pragmatic,Independent,No Violation,,,Story + Backlog,,No evident unnecessary dependency was identified.
BC-001,BADCamp,"As a anonymoususer, I want to view a list of sponsors, so that I can thank all the awesome sponsors.",Pragmatic,Complete,No Violation,,,Story + Backlog,,No evident complementary omission was identified in the available backlog.
BC-002,BADCamp,"As a anonymoususer, I want to view a list of user profiles, so that I know who is attending the conference.",Syntactic,Well-formed,No Violation,,,Story only,,
BC-002,BADCamp,"As a anonymoususer, I want to view a list of user profiles, so that I know who is attending the conference.",Syntactic,Atomic,No Violation,,,Story only,,
BC-002,BADCamp,"As a anonymoususer, I want to view a list of user profiles, so that I know who is attending the conference.",Syntactic,Minimal,No Violation,,,Story only,,
BC-002,BADCamp,"As a anonymoususer, I want to view a list of user profiles, so that I know who is attending the conference.",Semantic,Conceptually sound,No Violation,,,Story only,,
BC-002,BADCamp,"As a anonymoususer, I want to view a list of user profiles, so that I know who is attending the conference.",Semantic,Problem-oriented,No Violation,,,Story only,,
BC-002,BADCamp,"As a anonymoususer, I want to view a list of user profiles, so that I know who is attending the conference.",Semantic,Unambiguous,No Violation,,,Story only,,
BC-002,BADCamp,"As a anonymoususer, I want to view a list of user profiles, so that I know who is attending the conference.",Semantic,Conflict-free,No Violation,,,Story + Backlog,,No explicit conflict was identified in the available backlog.
BC-002,BADCamp,"As a anonymoususer, I want to view a list of user profiles, so that I know who is attending the conference.",Pragmatic,Full sentence,No Violation,,,Story only,,
BC-002,BADCamp,"As a anonymoususer, I want to view a list of user profiles, so that I know who is attending the conference.",Pragmatic,Estimatable,No Violation,,,Story + Backlog,,The backlog and the story itself provide sufficient scope for a preliminary estimate.
BC-002,BADCamp,"As a anonymoususer, I want to view a list of user profiles, so that I know who is attending the conference.",Pragmatic,Unique,No Violation,,,Story + Backlog,,No substantial duplication was identified in the backlog.
BC-002,BADCamp,"As a anonymoususer, I want to view a list of user profiles, so that I know who is attending the conference.",Pragmatic,Uniform,No Violation,,,Story + Backlog,,
BC-002,BADCamp,"As a anonymoususer, I want to view a list of user profiles, so that I know who is attending the conference.",Pragmatic,Independent,No Violation,,,Story + Backlog,,No evident unnecessary dependency was identified.
BC-002,BADCamp,"As a anonymoususer, I want to view a list of user profiles, so that I know who is attending the conference.",Pragmatic,Complete,No Violation,,,Story + Backlog,,No evident complementary omission was identified in the available backlog.
BC-003,BADCamp,"As a trainingcoordinator, I want to email all the trainers at once from the website for info and updates, so that It is easier to use.",Syntactic,Well-formed,No Violation,,,Story only,,
BC-003,BADCamp,"As a trainingcoordinator, I want to email all the trainers at once from the website for info and updates, so that It is easier to use.",Syntactic,Atomic,No Violation,,,Story only,,
BC-003,BADCamp,"As a trainingcoordinator, I want to email all the trainers at once from the website for info and updates, so that It is easier to use.",Syntactic,Minimal,No Violation,,,Story only,,
BC-003,BADCamp,"As a trainingcoordinator, I want to email all the trainers at once from the website for info and updates, so that It is easier to use.",Semantic,Conceptually sound,No Violation,,,Story only,,
BC-003,BADCamp,"As a trainingcoordinator, I want to email all the trainers at once from the website for info and updates, so that It is easier to use.",Semantic,Problem-oriented,Violation,email all the trainers at once from the website for info and updates,"The story prescribes a mechanism, technology, format, interface element, or concrete solution instead of remaining at the level of the stakeholder need.",Story only,,
BC-003,BADCamp,"As a trainingcoordinator, I want to email all the trainers at once from the website for info and updates, so that It is easier to use.",Semantic,Unambiguous,Violation,email all the trainers at once from the website for info and updates,"The wording contains vague terms, unclear references, alternatives, or abstractions that allow materially different interpretations.",Story only,,
BC-003,BADCamp,"As a trainingcoordinator, I want to email all the trainers at once from the website for info and updates, so that It is easier to use.",Semantic,Conflict-free,No Violation,,,Story + Backlog,,No explicit conflict was identified in the available backlog.
BC-003,BADCamp,"As a trainingcoordinator, I want to email all the trainers at once from the website for info and updates, so that It is easier to use.",Pragmatic,Full sentence,No Violation,,,Story only,,
BC-003,BADCamp,"As a trainingcoordinator, I want to email all the trainers at once from the website for info and updates, so that It is easier to use.",Pragmatic,Estimatable,Violation,email all the trainers at once from the website for info and updates,"The ambiguity or vagueness directly affects the expected scope or behavior, making a reasonable estimate difficult.",Story + Backlog,,
BC-003,BADCamp,"As a trainingcoordinator, I want to email all the trainers at once from the website for info and updates, so that It is easier to use.",Pragmatic,Unique,No Violation,,,Story + Backlog,,No substantial duplication was identified in the backlog.
BC-003,BADCamp,"As a trainingcoordinator, I want to email all the trainers at once from the website for info and updates, so that It is easier to use.",Pragmatic,Uniform,No Violation,,,Story + Backlog,,
BC-003,BADCamp,"As a trainingcoordinator, I want to email all the trainers at once from the website for info and updates, so that It is easier to use.",Pragmatic,Independent,No Violation,,,Story + Backlog,,No evident unnecessary dependency was identified.
BC-003,BADCamp,"As a trainingcoordinator, I want to email all the trainers at once from the website for info and updates, so that It is easier to use.",Pragmatic,Complete,No Violation,,,Story + Backlog,,No evident complementary omission was identified in the available backlog.
BC-004,BADCamp,"As a attendee, I want to have a very clear map where the buildings and rooms are, so that I can make it to class on time.",Syntactic,Well-formed,No Violation,,,Story only,,
BC-004,BADCamp,"As a attendee, I want to have a very clear map where the buildings and rooms are, so that I can make it to class on time.",Syntactic,Atomic,No Violation,,,Story only,,
BC-004,BADCamp,"As a attendee, I want to have a very clear map where the buildings and rooms are, so that I can make it to class on time.",Syntactic,Minimal,Violation,have a very clear map where the buildings and rooms are,"The story embeds additional implementation, interface, field, constraint, or workflow detail beyond the minimal role–means–optional end structure.",Story only,,Revisar durante a calibração do critério Minimal.
BC-004,BADCamp,"As a attendee, I want to have a very clear map where the buildings and rooms are, so that I can make it to class on time.",Semantic,Conceptually sound,No Violation,,,Story only,,
BC-004,BADCamp,"As a attendee, I want to have a very clear map where the buildings and rooms are, so that I can make it to class on time.",Semantic,Problem-oriented,Violation,have a very clear map where the buildings and rooms are,"The story prescribes a concrete solution, mechanism, interface, or implementation choice instead of remaining at the level of the stakeholder need.",Story only,,Requer consenso sobre o nível aceitável de prescrição de solução.
BC-004,BADCamp,"As a attendee, I want to have a very clear map where the buildings and rooms are, so that I can make it to class on time.",Semantic,Unambiguous,Violation,have a very clear map where the buildings and rooms are,"The wording contains vague terms, unclear references, alternatives, or abstractions that allow materially different interpretations.",Story only,,
BC-004,BADCamp,"As a attendee, I want to have a very clear map where the buildings and rooms are, so that I can make it to class on time.",Semantic,Conflict-free,No Violation,,,Story + Backlog,,No explicit conflict was identified in the available backlog.
BC-004,BADCamp,"As a attendee, I want to have a very clear map where the buildings and rooms are, so that I can make it to class on time.",Pragmatic,Full sentence,No Violation,,,Story only,,
BC-004,BADCamp,"As a attendee, I want to have a very clear map where the buildings and rooms are, so that I can make it to class on time.",Pragmatic,Estimatable,Violation,have a very clear map where the buildings and rooms are,"The ambiguity or vagueness directly affects the expected scope or behavior, making a reasonable estimate difficult.",Story + Backlog,,
BC-004,BADCamp,"As a attendee, I want to have a very clear map where the buildings and rooms are, so that I can make it to class on time.",Pragmatic,Unique,No Violation,,,Story + Backlog,,No substantial duplication was identified in the backlog.
BC-004,BADCamp,"As a attendee, I want to have a very clear map where the buildings and rooms are, so that I can make it to class on time.",Pragmatic,Uniform,No Violation,,,Story + Backlog,,
BC-004,BADCamp,"As a attendee, I want to have a very clear map where the buildings and rooms are, so that I can make it to class on time.",Pragmatic,Independent,No Violation,,,Story + Backlog,,No evident unnecessary dependency was identified.
BC-004,BADCamp,"As a attendee, I want to have a very clear map where the buildings and rooms are, so that I can make it to class on time.",Pragmatic,Complete,No Violation,,,Story + Backlog,,No evident complementary omission was identified in the available backlog.
BC-005,BADCamp,"As a trainer, I want to edit my training node myself, so that the training coordinators don't have to and links to slides.",Syntactic,Well-formed,No Violation,,,Story only,,
BC-005,BADCamp,"As a trainer, I want to edit my training node myself, so that the training coordinators don't have to and links to slides.",Syntactic,Atomic,No Violation,,,Story only,,
BC-005,BADCamp,"As a trainer, I want to edit my training node myself, so that the training coordinators don't have to and links to slides.",Syntactic,Minimal,Violation,edit my training node myself,"The story embeds additional implementation, interface, field, constraint, or workflow detail beyond the minimal role–means–optional end structure.",Story only,,Revisar durante a calibração do critério Minimal.
BC-005,BADCamp,"As a trainer, I want to edit my training node myself, so that the training coordinators don't have to and links to slides.",Semantic,Conceptually sound,Violation,the training coordinators don't have to and links to slides,The benefit clause does not function solely as a rationale for the means and introduces additional functional or fragmented content.,Story only,,
BC-005,BADCamp,"As a trainer, I want to edit my training node myself, so that the training coordinators don't have to and links to slides.",Semantic,Problem-oriented,No Violation,,,Story only,,
BC-005,BADCamp,"As a trainer, I want to edit my training node myself, so that the training coordinators don't have to and links to slides.",Semantic,Unambiguous,Violation,edit my training node myself,"The wording contains vague terms, unclear references, alternatives, or abstractions that allow materially different interpretations.",Story only,,
BC-005,BADCamp,"As a trainer, I want to edit my training node myself, so that the training coordinators don't have to and links to slides.",Semantic,Conflict-free,No Violation,,,Story + Backlog,,No explicit conflict was identified in the available backlog.
BC-005,BADCamp,"As a trainer, I want to edit my training node myself, so that the training coordinators don't have to and links to slides.",Pragmatic,Full sentence,Violation,"As a trainer, I want to edit my training node myself, so that the training coordinators don't have to and links to slides.",The wording contains an incomplete or broken grammatical construction that prevents the text from forming a complete sentence.,Story only,,
BC-005,BADCamp,"As a trainer, I want to edit my training node myself, so that the training coordinators don't have to and links to slides.",Pragmatic,Estimatable,Violation,edit my training node myself,"The ambiguity or vagueness directly affects the expected scope or behavior, making a reasonable estimate difficult.",Story + Backlog,,
BC-005,BADCamp,"As a trainer, I want to edit my training node myself, so that the training coordinators don't have to and links to slides.",Pragmatic,Unique,No Violation,,,Story + Backlog,,No substantial duplication was identified in the backlog.
BC-005,BADCamp,"As a trainer, I want to edit my training node myself, so that the training coordinators don't have to and links to slides.",Pragmatic,Uniform,No Violation,,,Story + Backlog,,
BC-005,BADCamp,"As a trainer, I want to edit my training node myself, so that the training coordinators don't have to and links to slides.",Pragmatic,Independent,No Violation,,,Story + Backlog,,No evident unnecessary dependency was identified.
BC-005,BADCamp,"As a trainer, I want to edit my training node myself, so that the training coordinators don't have to and links to slides.",Pragmatic,Complete,No Violation,,,Story + Backlog,,No evident complementary omission was identified in the available backlog.
BC-006,BADCamp,"As a trainee, I want to limit to one registration per day per authenticated user, so that we don't have duplicate spaces.",Syntactic,Well-formed,No Violation,,,Story only,,
BC-006,BADCamp,"As a trainee, I want to limit to one registration per day per authenticated user, so that we don't have duplicate spaces.",Syntactic,Atomic,No Violation,,,Story only,,
BC-006,BADCamp,"As a trainee, I want to limit to one registration per day per authenticated user, so that we don't have duplicate spaces.",Syntactic,Minimal,No Violation,,,Story only,,
BC-006,BADCamp,"As a trainee, I want to limit to one registration per day per authenticated user, so that we don't have duplicate spaces.",Semantic,Conceptually sound,No Violation,,,Story only,,
BC-006,BADCamp,"As a trainee, I want to limit to one registration per day per authenticated user, so that we don't have duplicate spaces.",Semantic,Problem-oriented,No Violation,,,Story only,,Requer consenso sobre o nível aceitável de prescrição de solução.
BC-006,BADCamp,"As a trainee, I want to limit to one registration per day per authenticated user, so that we don't have duplicate spaces.",Semantic,Unambiguous,Violation,limit to one registration per day per authenticated user,"The highlighted wording leaves a key term, scope, reference, or expected behavior open to materially different interpretations.",Story only,,
BC-006,BADCamp,"As a trainee, I want to limit to one registration per day per authenticated user, so that we don't have duplicate spaces.",Semantic,Conflict-free,No Violation,,,Story + Backlog,,No explicit conflict was identified in the available backlog.
BC-006,BADCamp,"As a trainee, I want to limit to one registration per day per authenticated user, so that we don't have duplicate spaces.",Pragmatic,Full sentence,No Violation,,,Story only,,
BC-006,BADCamp,"As a trainee, I want to limit to one registration per day per authenticated user, so that we don't have duplicate spaces.",Pragmatic,Estimatable,No Violation,,,Story + Backlog,,
BC-006,BADCamp,"As a trainee, I want to limit to one registration per day per authenticated user, so that we don't have duplicate spaces.",Pragmatic,Unique,No Violation,,,Story + Backlog,,No substantial duplication was identified in the backlog.
BC-006,BADCamp,"As a trainee, I want to limit to one registration per day per authenticated user, so that we don't have duplicate spaces.",Pragmatic,Uniform,No Violation,,,Story + Backlog,,
BC-006,BADCamp,"As a trainee, I want to limit to one registration per day per authenticated user, so that we don't have duplicate spaces.",Pragmatic,Independent,No Violation,,,Story + Backlog,,No evident unnecessary dependency was identified.
BC-006,BADCamp,"As a trainee, I want to limit to one registration per day per authenticated user, so that we don't have duplicate spaces.",Pragmatic,Complete,No Violation,,,Story + Backlog,,No evident complementary omission was identified in the available backlog.
BC-007,BADCamp,"As a trainingcoordinator, I want to have an admin view that helps track registration status for each attendee so that, so that we can see if attendend, refunded, no show.",Syntactic,Well-formed,No Violation,,,Story only,,
BC-007,BADCamp,"As a trainingcoordinator, I want to have an admin view that helps track registration status for each attendee so that, so that we can see if attendend, refunded, no show.",Syntactic,Atomic,No Violation,,,Story only,,
BC-007,BADCamp,"As a trainingcoordinator, I want to have an admin view that helps track registration status for each attendee so that, so that we can see if attendend, refunded, no show.",Syntactic,Minimal,Violation,have an admin view that helps track registration status for each attendee,"The story incorporates solution, interface, technology, format, field, or constraint details that exceed the minimal description of the stakeholder need.",Story only,,
BC-007,BADCamp,"As a trainingcoordinator, I want to have an admin view that helps track registration status for each attendee so that, so that we can see if attendend, refunded, no show.",Semantic,Conceptually sound,Violation,"so that we can see if attendend, refunded, no show","The end does not provide a coherent rationale for the means, or it introduces/restates a separate feature rather than a genuine benefit.",Story only,,
BC-007,BADCamp,"As a trainingcoordinator, I want to have an admin view that helps track registration status for each attendee so that, so that we can see if attendend, refunded, no show.",Semantic,Problem-oriented,Violation,have an admin view that helps track registration status for each attendee,"The story prescribes a mechanism, technology, format, interface element, or concrete solution instead of remaining at the level of the stakeholder need.",Story only,,
BC-007,BADCamp,"As a trainingcoordinator, I want to have an admin view that helps track registration status for each attendee so that, so that we can see if attendend, refunded, no show.",Semantic,Unambiguous,Violation,have an admin view that helps track registration status for each attendee,"The wording contains vague terms, unclear references, alternatives, or abstractions that allow materially different interpretations.",Story only,,
BC-007,BADCamp,"As a trainingcoordinator, I want to have an admin view that helps track registration status for each attendee so that, so that we can see if attendend, refunded, no show.",Semantic,Conflict-free,No Violation,,,Story + Backlog,,No explicit conflict was identified in the available backlog.
BC-007,BADCamp,"As a trainingcoordinator, I want to have an admin view that helps track registration status for each attendee so that, so that we can see if attendend, refunded, no show.",Pragmatic,Full sentence,Violation,"As a trainingcoordinator, I want to have an admin view that helps track registration status for each attendee so that, so that we can see if attendend, refunded, no show.",The wording contains an incomplete or broken grammatical construction that prevents the text from forming a complete sentence.,Story only,,
BC-007,BADCamp,"As a trainingcoordinator, I want to have an admin view that helps track registration status for each attendee so that, so that we can see if attendend, refunded, no show.",Pragmatic,Estimatable,Violation,have an admin view that helps track registration status for each attendee,"The ambiguity or vagueness directly affects the expected scope or behavior, making a reasonable estimate difficult.",Story + Backlog,,
BC-007,BADCamp,"As a trainingcoordinator, I want to have an admin view that helps track registration status for each attendee so that, so that we can see if attendend, refunded, no show.",Pragmatic,Unique,No Violation,,,Story + Backlog,,No substantial duplication was identified in the backlog.
BC-007,BADCamp,"As a trainingcoordinator, I want to have an admin view that helps track registration status for each attendee so that, so that we can see if attendend, refunded, no show.",Pragmatic,Uniform,No Violation,,,Story + Backlog,,
BC-007,BADCamp,"As a trainingcoordinator, I want to have an admin view that helps track registration status for each attendee so that, so that we can see if attendend, refunded, no show.",Pragmatic,Independent,No Violation,,,Story + Backlog,,No evident unnecessary dependency was identified.
BC-007,BADCamp,"As a trainingcoordinator, I want to have an admin view that helps track registration status for each attendee so that, so that we can see if attendend, refunded, no show.",Pragmatic,Complete,No Violation,,,Story + Backlog,,No evident complementary omission was identified in the available backlog.
BC-008,BADCamp,"As a attendee, I want to be added to a training waitlist, so that so they can be considered for a class.",Syntactic,Well-formed,No Violation,,,Story only,,
BC-008,BADCamp,"As a attendee, I want to be added to a training waitlist, so that so they can be considered for a class.",Syntactic,Atomic,No Violation,,,Story only,,
BC-008,BADCamp,"As a attendee, I want to be added to a training waitlist, so that so they can be considered for a class.",Syntactic,Minimal,No Violation,,,Story only,,
BC-008,BADCamp,"As a attendee, I want to be added to a training waitlist, so that so they can be considered for a class.",Semantic,Conceptually sound,No Violation,,,Story only,,
BC-008,BADCamp,"As a attendee, I want to be added to a training waitlist, so that so they can be considered for a class.",Semantic,Problem-oriented,No Violation,,,Story only,,
BC-008,BADCamp,"As a attendee, I want to be added to a training waitlist, so that so they can be considered for a class.",Semantic,Unambiguous,Violation,be added to a training waitlist,"The wording contains vague terms, unclear references, alternatives, or abstractions that allow materially different interpretations.",Story only,,
BC-008,BADCamp,"As a attendee, I want to be added to a training waitlist, so that so they can be considered for a class.",Semantic,Conflict-free,No Violation,,,Story + Backlog,,No explicit conflict was identified in the available backlog.
BC-008,BADCamp,"As a attendee, I want to be added to a training waitlist, so that so they can be considered for a class.",Pragmatic,Full sentence,No Violation,,,Story only,,
BC-008,BADCamp,"As a attendee, I want to be added to a training waitlist, so that so they can be considered for a class.",Pragmatic,Estimatable,Violation,be added to a training waitlist,"The ambiguity or vagueness directly affects the expected scope or behavior, making a reasonable estimate difficult.",Story + Backlog,,
BC-008,BADCamp,"As a attendee, I want to be added to a training waitlist, so that so they can be considered for a class.",Pragmatic,Unique,No Violation,,,Story + Backlog,,No substantial duplication was identified in the backlog.
BC-008,BADCamp,"As a attendee, I want to be added to a training waitlist, so that so they can be considered for a class.",Pragmatic,Uniform,No Violation,,,Story + Backlog,,
BC-008,BADCamp,"As a attendee, I want to be added to a training waitlist, so that so they can be considered for a class.",Pragmatic,Independent,No Violation,,,Story + Backlog,BC-006,
BC-008,BADCamp,"As a attendee, I want to be added to a training waitlist, so that so they can be considered for a class.",Pragmatic,Complete,No Violation,,,Story + Backlog,,No evident complementary omission was identified in the available backlog.
BC-009,BADCamp,"As a trainee, I want to must accept the cancellation terms with a checkbox, so that they can be accountable..",Syntactic,Well-formed,No Violation,,,Story only,,
BC-009,BADCamp,"As a trainee, I want to must accept the cancellation terms with a checkbox, so that they can be accountable..",Syntactic,Atomic,No Violation,,,Story only,,
BC-009,BADCamp,"As a trainee, I want to must accept the cancellation terms with a checkbox, so that they can be accountable..",Syntactic,Minimal,Violation,must accept the cancellation terms with a checkbox,"The story embeds additional implementation, interface, field, constraint, or workflow detail beyond the minimal role–means–optional end structure.",Story only,,Revisar durante a calibração do critério Minimal.
BC-009,BADCamp,"As a trainee, I want to must accept the cancellation terms with a checkbox, so that they can be accountable..",Semantic,Conceptually sound,No Violation,,,Story only,,
BC-009,BADCamp,"As a trainee, I want to must accept the cancellation terms with a checkbox, so that they can be accountable..",Semantic,Problem-oriented,Violation,must accept the cancellation terms with a checkbox,"The story prescribes a mechanism, technology, format, interface element, or concrete solution instead of remaining at the level of the stakeholder need.",Story only,,
BC-009,BADCamp,"As a trainee, I want to must accept the cancellation terms with a checkbox, so that they can be accountable..",Semantic,Unambiguous,Violation,must accept the cancellation terms with a checkbox,"The highlighted wording leaves a key term, scope, reference, or expected behavior open to materially different interpretations.",Story only,,
BC-009,BADCamp,"As a trainee, I want to must accept the cancellation terms with a checkbox, so that they can be accountable..",Semantic,Conflict-free,No Violation,,,Story + Backlog,,No explicit conflict was identified in the available backlog.
BC-009,BADCamp,"As a trainee, I want to must accept the cancellation terms with a checkbox, so that they can be accountable..",Pragmatic,Full sentence,Violation,"As a trainee, I want to must accept the cancellation terms with a checkbox, so that they can be accountable..",The wording contains an incomplete or broken grammatical construction that prevents the text from forming a complete sentence.,Story only,,
BC-009,BADCamp,"As a trainee, I want to must accept the cancellation terms with a checkbox, so that they can be accountable..",Pragmatic,Estimatable,Violation,must accept the cancellation terms with a checkbox,"The highlighted wording leaves relevant scope, expected behavior, or constraints insufficiently defined to support a reliable implementation estimate.",Story + Backlog,,
BC-009,BADCamp,"As a trainee, I want to must accept the cancellation terms with a checkbox, so that they can be accountable..",Pragmatic,Unique,No Violation,,,Story + Backlog,,No substantial duplication was identified in the backlog.
BC-009,BADCamp,"As a trainee, I want to must accept the cancellation terms with a checkbox, so that they can be accountable..",Pragmatic,Uniform,No Violation,,,Story + Backlog,,
BC-009,BADCamp,"As a trainee, I want to must accept the cancellation terms with a checkbox, so that they can be accountable..",Pragmatic,Independent,No Violation,,,Story + Backlog,,No evident unnecessary dependency was identified.
BC-009,BADCamp,"As a trainee, I want to must accept the cancellation terms with a checkbox, so that they can be accountable..",Pragmatic,Complete,No Violation,,,Story + Backlog,,No evident complementary omission was identified in the available backlog.
BC-010,BADCamp,"As a trainingcoordinator, I want to tie in a cancellation deadline to whatever registration / cancellation workflow exists, so that so we don't loose money or spots.",Syntactic,Well-formed,No Violation,,,Story only,,
BC-010,BADCamp,"As a trainingcoordinator, I want to tie in a cancellation deadline to whatever registration / cancellation workflow exists, so that so we don't loose money or spots.",Syntactic,Atomic,No Violation,,,Story only,,
BC-010,BADCamp,"As a trainingcoordinator, I want to tie in a cancellation deadline to whatever registration / cancellation workflow exists, so that so we don't loose money or spots.",Syntactic,Minimal,Violation,tie in a cancellation deadline to whatever registration / cancellation workflow exists,"The story embeds additional implementation, interface, field, constraint, or workflow detail beyond the minimal role–means–optional end structure.",Story only,,Revisar durante a calibração do critério Minimal.
BC-010,BADCamp,"As a trainingcoordinator, I want to tie in a cancellation deadline to whatever registration / cancellation workflow exists, so that so we don't loose money or spots.",Semantic,Conceptually sound,No Violation,,,Story only,,
BC-010,BADCamp,"As a trainingcoordinator, I want to tie in a cancellation deadline to whatever registration / cancellation workflow exists, so that so we don't loose money or spots.",Semantic,Problem-oriented,Violation,tie in a cancellation deadline to whatever registration / cancellation workflow exists,"The story prescribes a mechanism, technology, format, interface element, or concrete solution instead of remaining at the level of the stakeholder need.",Story only,,
BC-010,BADCamp,"As a trainingcoordinator, I want to tie in a cancellation deadline to whatever registration / cancellation workflow exists, so that so we don't loose money or spots.",Semantic,Unambiguous,Violation,tie in a cancellation deadline to whatever registration / cancellation workflow exists,"The wording contains vague terms, unclear references, alternatives, or abstractions that allow materially different interpretations.",Story only,,
BC-010,BADCamp,"As a trainingcoordinator, I want to tie in a cancellation deadline to whatever registration / cancellation workflow exists, so that so we don't loose money or spots.",Semantic,Conflict-free,No Violation,,,Story + Backlog,,No explicit conflict was identified in the available backlog.
BC-010,BADCamp,"As a trainingcoordinator, I want to tie in a cancellation deadline to whatever registration / cancellation workflow exists, so that so we don't loose money or spots.",Pragmatic,Full sentence,Violation,"As a trainingcoordinator, I want to tie in a cancellation deadline to whatever registration / cancellation workflow exists, so that so we don't loose money or spots.",The wording contains an incomplete or broken grammatical construction that prevents the text from forming a complete sentence.,Story only,,
BC-010,BADCamp,"As a trainingcoordinator, I want to tie in a cancellation deadline to whatever registration / cancellation workflow exists, so that so we don't loose money or spots.",Pragmatic,Estimatable,Violation,tie in a cancellation deadline to whatever registration / cancellation workflow exists,"The ambiguity or vagueness directly affects the expected scope or behavior, making a reasonable estimate difficult.",Story + Backlog,,
BC-010,BADCamp,"As a trainingcoordinator, I want to tie in a cancellation deadline to whatever registration / cancellation workflow exists, so that so we don't loose money or spots.",Pragmatic,Unique,No Violation,,,Story + Backlog,,No substantial duplication was identified in the backlog.
BC-010,BADCamp,"As a trainingcoordinator, I want to tie in a cancellation deadline to whatever registration / cancellation workflow exists, so that so we don't loose money or spots.",Pragmatic,Uniform,No Violation,,,Story + Backlog,,
BC-010,BADCamp,"As a trainingcoordinator, I want to tie in a cancellation deadline to whatever registration / cancellation workflow exists, so that so we don't loose money or spots.",Pragmatic,Independent,No Violation,,,Story + Backlog,BC-006,
BC-010,BADCamp,"As a trainingcoordinator, I want to tie in a cancellation deadline to whatever registration / cancellation workflow exists, so that so we don't loose money or spots.",Pragmatic,Complete,No Violation,,,Story + Backlog,,No evident complementary omission was identified in the available backlog.
BC-011,BADCamp,"As a trainee, I want to add to ""my schedule"" if there is a schedule feature on the site, so that they can schedule their event experience.",Syntactic,Well-formed,No Violation,,,Story only,,
BC-011,BADCamp,"As a trainee, I want to add to ""my schedule"" if there is a schedule feature on the site, so that they can schedule their event experience.",Syntactic,Atomic,No Violation,,,Story only,,
BC-011,BADCamp,"As a trainee, I want to add to ""my schedule"" if there is a schedule feature on the site, so that they can schedule their event experience.",Syntactic,Minimal,No Violation,,,Story only,,
BC-011,BADCamp,"As a trainee, I want to add to ""my schedule"" if there is a schedule feature on the site, so that they can schedule their event experience.",Semantic,Conceptually sound,No Violation,,,Story only,,
BC-011,BADCamp,"As a trainee, I want to add to ""my schedule"" if there is a schedule feature on the site, so that they can schedule their event experience.",Semantic,Problem-oriented,Violation,"add to ""my schedule"" if there is a schedule feature on the site","The story prescribes a concrete solution, mechanism, interface, or implementation choice instead of remaining at the level of the stakeholder need.",Story only,,Requer consenso sobre o nível aceitável de prescrição de solução.
BC-011,BADCamp,"As a trainee, I want to add to ""my schedule"" if there is a schedule feature on the site, so that they can schedule their event experience.",Semantic,Unambiguous,Violation,"add to ""my schedule"" if there is a schedule feature on the site","The wording contains vague terms, unclear references, alternatives, or abstractions that allow materially different interpretations.",Story only,,
BC-011,BADCamp,"As a trainee, I want to add to ""my schedule"" if there is a schedule feature on the site, so that they can schedule their event experience.",Semantic,Conflict-free,No Violation,,,Story + Backlog,,No explicit conflict was identified in the available backlog.
BC-011,BADCamp,"As a trainee, I want to add to ""my schedule"" if there is a schedule feature on the site, so that they can schedule their event experience.",Pragmatic,Full sentence,No Violation,,,Story only,,
BC-011,BADCamp,"As a trainee, I want to add to ""my schedule"" if there is a schedule feature on the site, so that they can schedule their event experience.",Pragmatic,Estimatable,Violation,"add to ""my schedule"" if there is a schedule feature on the site","The ambiguity or vagueness directly affects the expected scope or behavior, making a reasonable estimate difficult.",Story + Backlog,,
BC-011,BADCamp,"As a trainee, I want to add to ""my schedule"" if there is a schedule feature on the site, so that they can schedule their event experience.",Pragmatic,Unique,No Violation,,,Story + Backlog,,No substantial duplication was identified in the backlog.
BC-011,BADCamp,"As a trainee, I want to add to ""my schedule"" if there is a schedule feature on the site, so that they can schedule their event experience.",Pragmatic,Uniform,No Violation,,,Story + Backlog,,
BC-011,BADCamp,"As a trainee, I want to add to ""my schedule"" if there is a schedule feature on the site, so that they can schedule their event experience.",Pragmatic,Independent,Violation,"add to ""my schedule"" if there is a schedule feature on the site","The story explicitly depends on another backlog step or capability, making it difficult to plan as an independent unit.",Story + Backlog,BC-055,
BC-011,BADCamp,"As a trainee, I want to add to ""my schedule"" if there is a schedule feature on the site, so that they can schedule their event experience.",Pragmatic,Complete,No Violation,,,Story + Backlog,,No evident complementary omission was identified in the available backlog.
BC-012,BADCamp,"As a trainee, I want to see which trainings I have signed up for, so that they can schedule their event experience.",Syntactic,Well-formed,No Violation,,,Story only,,
BC-012,BADCamp,"As a trainee, I want to see which trainings I have signed up for, so that they can schedule their event experience.",Syntactic,Atomic,No Violation,,,Story only,,
BC-012,BADCamp,"As a trainee, I want to see which trainings I have signed up for, so that they can schedule their event experience.",Syntactic,Minimal,No Violation,,,Story only,,
BC-012,BADCamp,"As a trainee, I want to see which trainings I have signed up for, so that they can schedule their event experience.",Semantic,Conceptually sound,No Violation,,,Story only,,
BC-012,BADCamp,"As a trainee, I want to see which trainings I have signed up for, so that they can schedule their event experience.",Semantic,Problem-oriented,No Violation,,,Story only,,
BC-012,BADCamp,"As a trainee, I want to see which trainings I have signed up for, so that they can schedule their event experience.",Semantic,Unambiguous,Violation,see which trainings I have signed up for,"The highlighted wording leaves a key term, scope, reference, or expected behavior open to materially different interpretations.",Story only,,
BC-012,BADCamp,"As a trainee, I want to see which trainings I have signed up for, so that they can schedule their event experience.",Semantic,Conflict-free,No Violation,,,Story + Backlog,,No explicit conflict was identified in the available backlog.
BC-012,BADCamp,"As a trainee, I want to see which trainings I have signed up for, so that they can schedule their event experience.",Pragmatic,Full sentence,No Violation,,,Story only,,
BC-012,BADCamp,"As a trainee, I want to see which trainings I have signed up for, so that they can schedule their event experience.",Pragmatic,Estimatable,No Violation,,,Story + Backlog,,
BC-012,BADCamp,"As a trainee, I want to see which trainings I have signed up for, so that they can schedule their event experience.",Pragmatic,Unique,No Violation,,,Story + Backlog,,No substantial duplication was identified in the backlog.
BC-012,BADCamp,"As a trainee, I want to see which trainings I have signed up for, so that they can schedule their event experience.",Pragmatic,Uniform,No Violation,,,Story + Backlog,,
BC-012,BADCamp,"As a trainee, I want to see which trainings I have signed up for, so that they can schedule their event experience.",Pragmatic,Independent,No Violation,,,Story + Backlog,"BC-011, BC-055",
BC-012,BADCamp,"As a trainee, I want to see which trainings I have signed up for, so that they can schedule their event experience.",Pragmatic,Complete,No Violation,,,Story + Backlog,,No evident complementary omission was identified in the available backlog.
BC-013,BADCamp,"As a trainer, I want to have a view that is attached to their training node that shows all attendee information Trainers can see all class attendance at first because there are so little trainers and they are trusted with privacy, so that the training coordinator doesn't have to do all the work to get login info for environment setup.",Syntactic,Well-formed,No Violation,,,Story only,,
BC-013,BADCamp,"As a trainer, I want to have a view that is attached to their training node that shows all attendee information Trainers can see all class attendance at first because there are so little trainers and they are trusted with privacy, so that the training coordinator doesn't have to do all the work to get login info for environment setup.",Syntactic,Atomic,No Violation,,,Story only,,
BC-013,BADCamp,"As a trainer, I want to have a view that is attached to their training node that shows all attendee information Trainers can see all class attendance at first because there are so little trainers and they are trusted with privacy, so that the training coordinator doesn't have to do all the work to get login info for environment setup.",Syntactic,Minimal,Violation,have a view that is attached to their training node that shows all attendee information Trainers can see all class attendance at first because there are so little trainers and they are trusted with privacy,"The story incorporates solution, interface, technology, format, field, or constraint details that exceed the minimal description of the stakeholder need.",Story only,,
BC-013,BADCamp,"As a trainer, I want to have a view that is attached to their training node that shows all attendee information Trainers can see all class attendance at first because there are so little trainers and they are trusted with privacy, so that the training coordinator doesn't have to do all the work to get login info for environment setup.",Semantic,Conceptually sound,No Violation,,,Story only,,
BC-013,BADCamp,"As a trainer, I want to have a view that is attached to their training node that shows all attendee information Trainers can see all class attendance at first because there are so little trainers and they are trusted with privacy, so that the training coordinator doesn't have to do all the work to get login info for environment setup.",Semantic,Problem-oriented,Violation,have a view that is attached to their training node that shows all attendee information Trainers can see all class attendance at first because there are so little trainers and they are trusted with privacy,"The story prescribes a mechanism, technology, format, interface element, or concrete solution instead of remaining at the level of the stakeholder need.",Story only,,
BC-013,BADCamp,"As a trainer, I want to have a view that is attached to their training node that shows all attendee information Trainers can see all class attendance at first because there are so little trainers and they are trusted with privacy, so that the training coordinator doesn't have to do all the work to get login info for environment setup.",Semantic,Unambiguous,Violation,have a view that is attached to their training node that shows all attendee information Trainers can see all class attendance at first because there are so little trainers and they are trusted with privacy,"The wording contains vague terms, unclear references, alternatives, or abstractions that allow materially different interpretations.",Story only,,
BC-013,BADCamp,"As a trainer, I want to have a view that is attached to their training node that shows all attendee information Trainers can see all class attendance at first because there are so little trainers and they are trusted with privacy, so that the training coordinator doesn't have to do all the work to get login info for environment setup.",Semantic,Conflict-free,No Violation,,,Story + Backlog,,No explicit conflict was identified in the available backlog.
BC-013,BADCamp,"As a trainer, I want to have a view that is attached to their training node that shows all attendee information Trainers can see all class attendance at first because there are so little trainers and they are trusted with privacy, so that the training coordinator doesn't have to do all the work to get login info for environment setup.",Pragmatic,Full sentence,Violation,"As a trainer, I want to have a view that is attached to their training node that shows all attendee information Trainers can see all class attendance at first because there are so little trainers and they are trusted with privacy, so that the training coordinator doesn't have to do all the work to get login info for environment setup.",The story is not expressed as a grammatically complete sentence; its clauses form an incomplete or run-on construction.,Story only,,
BC-013,BADCamp,"As a trainer, I want to have a view that is attached to their training node that shows all attendee information Trainers can see all class attendance at first because there are so little trainers and they are trusted with privacy, so that the training coordinator doesn't have to do all the work to get login info for environment setup.",Pragmatic,Estimatable,Violation,have a view that is attached to their training node that shows all attendee information Trainers can see all class attendance at first because there are so little trainers and they are trusted with privacy,"The ambiguity or vagueness directly affects the expected scope or behavior, making a reasonable estimate difficult.",Story + Backlog,,
BC-013,BADCamp,"As a trainer, I want to have a view that is attached to their training node that shows all attendee information Trainers can see all class attendance at first because there are so little trainers and they are trusted with privacy, so that the training coordinator doesn't have to do all the work to get login info for environment setup.",Pragmatic,Unique,No Violation,,,Story + Backlog,,No substantial duplication was identified in the backlog.
BC-013,BADCamp,"As a trainer, I want to have a view that is attached to their training node that shows all attendee information Trainers can see all class attendance at first because there are so little trainers and they are trusted with privacy, so that the training coordinator doesn't have to do all the work to get login info for environment setup.",Pragmatic,Uniform,No Violation,,,Story + Backlog,,
BC-013,BADCamp,"As a trainer, I want to have a view that is attached to their training node that shows all attendee information Trainers can see all class attendance at first because there are so little trainers and they are trusted with privacy, so that the training coordinator doesn't have to do all the work to get login info for environment setup.",Pragmatic,Independent,No Violation,,,Story + Backlog,,No evident unnecessary dependency was identified.
BC-013,BADCamp,"As a trainer, I want to have a view that is attached to their training node that shows all attendee information Trainers can see all class attendance at first because there are so little trainers and they are trusted with privacy, so that the training coordinator doesn't have to do all the work to get login info for environment setup.",Pragmatic,Complete,No Violation,,,Story + Backlog,,No evident complementary omission was identified in the available backlog.
BC-014,BADCamp,"As a trainingcoordinator, I want to have an admin view where all trainee information is shown and can be filtered to show a single training session, so that I can see WTF is happening.",Syntactic,Well-formed,No Violation,,,Story only,,
BC-014,BADCamp,"As a trainingcoordinator, I want to have an admin view where all trainee information is shown and can be filtered to show a single training session, so that I can see WTF is happening.",Syntactic,Atomic,No Violation,,,Story only,,
BC-014,BADCamp,"As a trainingcoordinator, I want to have an admin view where all trainee information is shown and can be filtered to show a single training session, so that I can see WTF is happening.",Syntactic,Minimal,Violation,have an admin view where all trainee information is shown and can be filtered to show a single training session,"The story embeds additional implementation, interface, field, constraint, or workflow detail beyond the minimal role–means–optional end structure.",Story only,,Revisar durante a calibração do critério Minimal.
BC-014,BADCamp,"As a trainingcoordinator, I want to have an admin view where all trainee information is shown and can be filtered to show a single training session, so that I can see WTF is happening.",Semantic,Conceptually sound,No Violation,,,Story only,,
BC-014,BADCamp,"As a trainingcoordinator, I want to have an admin view where all trainee information is shown and can be filtered to show a single training session, so that I can see WTF is happening.",Semantic,Problem-oriented,Violation,have an admin view where all trainee information is shown and can be filtered to show a single training session,"The story prescribes a mechanism, technology, format, interface element, or concrete solution instead of remaining at the level of the stakeholder need.",Story only,,
BC-014,BADCamp,"As a trainingcoordinator, I want to have an admin view where all trainee information is shown and can be filtered to show a single training session, so that I can see WTF is happening.",Semantic,Unambiguous,Violation,have an admin view where all trainee information is shown and can be filtered to show a single training session,"The wording contains vague terms, unclear references, alternatives, or abstractions that allow materially different interpretations.",Story only,,
BC-014,BADCamp,"As a trainingcoordinator, I want to have an admin view where all trainee information is shown and can be filtered to show a single training session, so that I can see WTF is happening.",Semantic,Conflict-free,No Violation,,,Story + Backlog,,No explicit conflict was identified in the available backlog.
BC-014,BADCamp,"As a trainingcoordinator, I want to have an admin view where all trainee information is shown and can be filtered to show a single training session, so that I can see WTF is happening.",Pragmatic,Full sentence,No Violation,,,Story only,,
BC-014,BADCamp,"As a trainingcoordinator, I want to have an admin view where all trainee information is shown and can be filtered to show a single training session, so that I can see WTF is happening.",Pragmatic,Estimatable,Violation,have an admin view where all trainee information is shown and can be filtered to show a single training session,"The ambiguity or vagueness directly affects the expected scope or behavior, making a reasonable estimate difficult.",Story + Backlog,,
BC-014,BADCamp,"As a trainingcoordinator, I want to have an admin view where all trainee information is shown and can be filtered to show a single training session, so that I can see WTF is happening.",Pragmatic,Unique,No Violation,,,Story + Backlog,,No substantial duplication was identified in the backlog.
BC-014,BADCamp,"As a trainingcoordinator, I want to have an admin view where all trainee information is shown and can be filtered to show a single training session, so that I can see WTF is happening.",Pragmatic,Uniform,No Violation,,,Story + Backlog,,
BC-014,BADCamp,"As a trainingcoordinator, I want to have an admin view where all trainee information is shown and can be filtered to show a single training session, so that I can see WTF is happening.",Pragmatic,Independent,No Violation,,,Story + Backlog,,No evident unnecessary dependency was identified.
BC-014,BADCamp,"As a trainingcoordinator, I want to have an admin view where all trainee information is shown and can be filtered to show a single training session, so that I can see WTF is happening.",Pragmatic,Complete,No Violation,,,Story + Backlog,,No evident complementary omission was identified in the available backlog.
BC-015,BADCamp,"As a anonymoususer, I want to have a dedicated page for each class to learn more about the offering The following information must be shown: Logo, title, trainers, location, possibly a map view, datetime, skill level, registrations remaining, link to register for class. The URL path should be SEO friendly /training/training-title, so that I can choose the right class, AND the trainer can tweet and promote their class.",Syntactic,Well-formed,No Violation,,,Story only,,
BC-015,BADCamp,"As a anonymoususer, I want to have a dedicated page for each class to learn more about the offering The following information must be shown: Logo, title, trainers, location, possibly a map view, datetime, skill level, registrations remaining, link to register for class. The URL path should be SEO friendly /training/training-title, so that I can choose the right class, AND the trainer can tweet and promote their class.",Syntactic,Atomic,Violation,"have a dedicated page for each class to learn more about the offering The following information must be shown: Logo, title, trainers, location, possibly a map view, datetime, skill level, registrations remaining, link to register for class. The URL path should be SEO friendly /training/training-title","The story combines two or more capabilities that can reasonably be implemented, tested, or prioritized independently.",Story only,,Requer alinhamento da regra de fronteira para Atomic.
BC-015,BADCamp,"As a anonymoususer, I want to have a dedicated page for each class to learn more about the offering The following information must be shown: Logo, title, trainers, location, possibly a map view, datetime, skill level, registrations remaining, link to register for class. The URL path should be SEO friendly /training/training-title, so that I can choose the right class, AND the trainer can tweet and promote their class.",Syntactic,Minimal,Violation,"have a dedicated page for each class to learn more about the offering The following information must be shown: Logo, title, trainers, location, possibly a map view, datetime, skill level, registrations remaining, link to register for class. The URL path should be SEO friendly /training/training-title","The story incorporates solution, interface, technology, format, field, or constraint details that exceed the minimal description of the stakeholder need.",Story only,,
BC-015,BADCamp,"As a anonymoususer, I want to have a dedicated page for each class to learn more about the offering The following information must be shown: Logo, title, trainers, location, possibly a map view, datetime, skill level, registrations remaining, link to register for class. The URL path should be SEO friendly /training/training-title, so that I can choose the right class, AND the trainer can tweet and promote their class.",Semantic,Conceptually sound,Violation,"I can choose the right class, AND the trainer can tweet and promote their class","The end does not provide a coherent rationale for the means, or it introduces/restates a separate feature rather than a genuine benefit.",Story only,,
BC-015,BADCamp,"As a anonymoususer, I want to have a dedicated page for each class to learn more about the offering The following information must be shown: Logo, title, trainers, location, possibly a map view, datetime, skill level, registrations remaining, link to register for class. The URL path should be SEO friendly /training/training-title, so that I can choose the right class, AND the trainer can tweet and promote their class.",Semantic,Problem-oriented,Violation,"have a dedicated page for each class to learn more about the offering The following information must be shown: Logo, title, trainers, location, possibly a map view, datetime, skill level, registrations remaining, link to register for class. The URL path should be SEO friendly /training/training-title","The story prescribes a mechanism, technology, format, interface element, or concrete solution instead of remaining at the level of the stakeholder need.",Story only,,
BC-015,BADCamp,"As a anonymoususer, I want to have a dedicated page for each class to learn more about the offering The following information must be shown: Logo, title, trainers, location, possibly a map view, datetime, skill level, registrations remaining, link to register for class. The URL path should be SEO friendly /training/training-title, so that I can choose the right class, AND the trainer can tweet and promote their class.",Semantic,Unambiguous,Violation,"have a dedicated page for each class to learn more about the offering The following information must be shown: Logo, title, trainers, location, possibly a map view, datetime, skill level, registrations remaining, link...","The wording contains vague terms, unclear references, alternatives, or abstractions that allow materially different interpretations.",Story only,,
BC-015,BADCamp,"As a anonymoususer, I want to have a dedicated page for each class to learn more about the offering The following information must be shown: Logo, title, trainers, location, possibly a map view, datetime, skill level, registrations remaining, link to register for class. The URL path should be SEO friendly /training/training-title, so that I can choose the right class, AND the trainer can tweet and promote their class.",Semantic,Conflict-free,No Violation,,,Story + Backlog,,No explicit conflict was identified in the available backlog.
BC-015,BADCamp,"As a anonymoususer, I want to have a dedicated page for each class to learn more about the offering The following information must be shown: Logo, title, trainers, location, possibly a map view, datetime, skill level, registrations remaining, link to register for class. The URL path should be SEO friendly /training/training-title, so that I can choose the right class, AND the trainer can tweet and promote their class.",Pragmatic,Full sentence,Violation,"As a anonymoususer, I want to have a dedicated page for each class to learn more about the offering The following information must be shown: Logo, title, trainers, location, possibly a map view, datetime, skill level, registrations remaining, link to register for class. The URL path should be SEO friendly /training/training-title, so that I can choose the right class, AND the trainer can tweet and promote their class.",The wording contains an incomplete or broken grammatical construction that prevents the text from forming a complete sentence.,Story only,,
BC-015,BADCamp,"As a anonymoususer, I want to have a dedicated page for each class to learn more about the offering The following information must be shown: Logo, title, trainers, location, possibly a map view, datetime, skill level, registrations remaining, link to register for class. The URL path should be SEO friendly /training/training-title, so that I can choose the right class, AND the trainer can tweet and promote their class.",Pragmatic,Estimatable,Violation,"have a dedicated page for each class to learn more about the offering The following information must be shown: Logo, title, trainers, location, possibly a map view, datetime, skill level, registrations remaining, link to register for class. The URL path should be SEO friendly /training/training-title","The ambiguity or vagueness directly affects the expected scope or behavior, making a reasonable estimate difficult.",Story + Backlog,,
BC-015,BADCamp,"As a anonymoususer, I want to have a dedicated page for each class to learn more about the offering The following information must be shown: Logo, title, trainers, location, possibly a map view, datetime, skill level, registrations remaining, link to register for class. The URL path should be SEO friendly /training/training-title, so that I can choose the right class, AND the trainer can tweet and promote their class.",Pragmatic,Unique,No Violation,,,Story + Backlog,,No substantial duplication was identified in the backlog.
BC-015,BADCamp,"As a anonymoususer, I want to have a dedicated page for each class to learn more about the offering The following information must be shown: Logo, title, trainers, location, possibly a map view, datetime, skill level, registrations remaining, link to register for class. The URL path should be SEO friendly /training/training-title, so that I can choose the right class, AND the trainer can tweet and promote their class.",Pragmatic,Uniform,No Violation,,,Story + Backlog,,
BC-015,BADCamp,"As a anonymoususer, I want to have a dedicated page for each class to learn more about the offering The following information must be shown: Logo, title, trainers, location, possibly a map view, datetime, skill level, registrations remaining, link to register for class. The URL path should be SEO friendly /training/training-title, so that I can choose the right class, AND the trainer can tweet and promote their class.",Pragmatic,Independent,No Violation,,,Story + Backlog,,No evident unnecessary dependency was identified.
BC-015,BADCamp,"As a anonymoususer, I want to have a dedicated page for each class to learn more about the offering The following information must be shown: Logo, title, trainers, location, possibly a map view, datetime, skill level, registrations remaining, link to register for class. The URL path should be SEO friendly /training/training-title, so that I can choose the right class, AND the trainer can tweet and promote their class.",Pragmatic,Complete,No Violation,,,Story + Backlog,,No evident complementary omission was identified in the available backlog.
BC-016,BADCamp,"As a anonymoususer, I want to have the training options clearly marked for the following information: day and time of training, title, short summary, trainers, level, number of registrations, remaining registrations, location of training, link to full details of the training, register now link, so that I can shop for training all with one page AND find their class on on one page.",Syntactic,Well-formed,No Violation,,,Story only,,
BC-016,BADCamp,"As a anonymoususer, I want to have the training options clearly marked for the following information: day and time of training, title, short summary, trainers, level, number of registrations, remaining registrations, location of training, link to full details of the training, register now link, so that I can shop for training all with one page AND find their class on on one page.",Syntactic,Atomic,Violation,"have the training options clearly marked for the following information: day and time of training, title, short summary, trainers, level, number of registrations, remaining registrations, location of training, link to full details of the training, register now link","The story combines two or more capabilities that can reasonably be implemented, tested, or prioritized independently.",Story only,,Requer alinhamento da regra de fronteira para Atomic.
BC-016,BADCamp,"As a anonymoususer, I want to have the training options clearly marked for the following information: day and time of training, title, short summary, trainers, level, number of registrations, remaining registrations, location of training, link to full details of the training, register now link, so that I can shop for training all with one page AND find their class on on one page.",Syntactic,Minimal,Violation,"have the training options clearly marked for the following information: day and time of training, title, short summary, trainers, level, number of registrations, remaining registrations, location of training, link to full details of the training, register now link","The story incorporates solution, interface, technology, format, field, or constraint details that exceed the minimal description of the stakeholder need.",Story only,,
BC-016,BADCamp,"As a anonymoususer, I want to have the training options clearly marked for the following information: day and time of training, title, short summary, trainers, level, number of registrations, remaining registrations, location of training, link to full details of the training, register now link, so that I can shop for training all with one page AND find their class on on one page.",Semantic,Conceptually sound,No Violation,,,Story only,,
BC-016,BADCamp,"As a anonymoususer, I want to have the training options clearly marked for the following information: day and time of training, title, short summary, trainers, level, number of registrations, remaining registrations, location of training, link to full details of the training, register now link, so that I can shop for training all with one page AND find their class on on one page.",Semantic,Problem-oriented,Violation,"have the training options clearly marked for the following information: day and time of training, title, short summary, trainers, level, number of registrations, remaining registrations, location of training, link to full details of the training, register now link","The story prescribes a mechanism, technology, format, interface element, or concrete solution instead of remaining at the level of the stakeholder need.",Story only,,
BC-016,BADCamp,"As a anonymoususer, I want to have the training options clearly marked for the following information: day and time of training, title, short summary, trainers, level, number of registrations, remaining registrations, location of training, link to full details of the training, register now link, so that I can shop for training all with one page AND find their class on on one page.",Semantic,Unambiguous,Violation,"have the training options clearly marked for the following information: day and time of training, title, short summary, trainers, level, number of registrations, remaining registrations, location of training, link to ...","The wording contains vague terms, unclear references, alternatives, or abstractions that allow materially different interpretations.",Story only,,
BC-016,BADCamp,"As a anonymoususer, I want to have the training options clearly marked for the following information: day and time of training, title, short summary, trainers, level, number of registrations, remaining registrations, location of training, link to full details of the training, register now link, so that I can shop for training all with one page AND find their class on on one page.",Semantic,Conflict-free,No Violation,,,Story + Backlog,,No explicit conflict was identified in the available backlog.
BC-016,BADCamp,"As a anonymoususer, I want to have the training options clearly marked for the following information: day and time of training, title, short summary, trainers, level, number of registrations, remaining registrations, location of training, link to full details of the training, register now link, so that I can shop for training all with one page AND find their class on on one page.",Pragmatic,Full sentence,No Violation,,,Story only,,
BC-016,BADCamp,"As a anonymoususer, I want to have the training options clearly marked for the following information: day and time of training, title, short summary, trainers, level, number of registrations, remaining registrations, location of training, link to full details of the training, register now link, so that I can shop for training all with one page AND find their class on on one page.",Pragmatic,Estimatable,Violation,"have the training options clearly marked for the following information: day and time of training, title, short summary, trainers, level, number of registrations, remaining registrations, location of training, link to full details of the training, register now link","The ambiguity or vagueness directly affects the expected scope or behavior, making a reasonable estimate difficult.",Story + Backlog,,
BC-016,BADCamp,"As a anonymoususer, I want to have the training options clearly marked for the following information: day and time of training, title, short summary, trainers, level, number of registrations, remaining registrations, location of training, link to full details of the training, register now link, so that I can shop for training all with one page AND find their class on on one page.",Pragmatic,Unique,No Violation,,,Story + Backlog,,No substantial duplication was identified in the backlog.
BC-016,BADCamp,"As a anonymoususer, I want to have the training options clearly marked for the following information: day and time of training, title, short summary, trainers, level, number of registrations, remaining registrations, location of training, link to full details of the training, register now link, so that I can shop for training all with one page AND find their class on on one page.",Pragmatic,Uniform,No Violation,,,Story + Backlog,,
BC-016,BADCamp,"As a anonymoususer, I want to have the training options clearly marked for the following information: day and time of training, title, short summary, trainers, level, number of registrations, remaining registrations, location of training, link to full details of the training, register now link, so that I can shop for training all with one page AND find their class on on one page.",Pragmatic,Independent,No Violation,,,Story + Backlog,,No evident unnecessary dependency was identified.
BC-016,BADCamp,"As a anonymoususer, I want to have the training options clearly marked for the following information: day and time of training, title, short summary, trainers, level, number of registrations, remaining registrations, location of training, link to full details of the training, register now link, so that I can shop for training all with one page AND find their class on on one page.",Pragmatic,Complete,No Violation,,,Story + Backlog,,No evident complementary omission was identified in the available backlog.
BC-017,BADCamp,"As a anonymoususer, I want to have a training landing page with an intro section and a list of all training offerings and promote call for trainings, so that I can shop for training all with one page and we can have a call for trainings for selection.",Syntactic,Well-formed,No Violation,,,Story only,,
BC-017,BADCamp,"As a anonymoususer, I want to have a training landing page with an intro section and a list of all training offerings and promote call for trainings, so that I can shop for training all with one page and we can have a call for trainings for selection.",Syntactic,Atomic,Violation,have a training landing page with an intro section and a list of all training offerings and promote call for trainings,The story combines more than one capability or action that can be treated as an independent feature.,Story only,,
BC-017,BADCamp,"As a anonymoususer, I want to have a training landing page with an intro section and a list of all training offerings and promote call for trainings, so that I can shop for training all with one page and we can have a call for trainings for selection.",Syntactic,Minimal,Violation,have a training landing page with an intro section and a list of all training offerings and promote call for trainings,"The story incorporates solution, interface, technology, format, field, or constraint details that exceed the minimal description of the stakeholder need.",Story only,,
BC-017,BADCamp,"As a anonymoususer, I want to have a training landing page with an intro section and a list of all training offerings and promote call for trainings, so that I can shop for training all with one page and we can have a call for trainings for selection.",Semantic,Conceptually sound,Violation,I can shop for training all with one page and we can have a call for trainings for selection,"The end does not provide a coherent rationale for the means, or it introduces/restates a separate feature rather than a genuine benefit.",Story only,,
BC-017,BADCamp,"As a anonymoususer, I want to have a training landing page with an intro section and a list of all training offerings and promote call for trainings, so that I can shop for training all with one page and we can have a call for trainings for selection.",Semantic,Problem-oriented,Violation,have a training landing page with an intro section and a list of all training offerings and promote call for trainings,"The story prescribes a mechanism, technology, format, interface element, or concrete solution instead of remaining at the level of the stakeholder need.",Story only,,
BC-017,BADCamp,"As a anonymoususer, I want to have a training landing page with an intro section and a list of all training offerings and promote call for trainings, so that I can shop for training all with one page and we can have a call for trainings for selection.",Semantic,Unambiguous,Violation,have a training landing page with an intro section and a list of all training offerings and promote call for trainings,"The wording contains vague terms, unclear references, alternatives, or abstractions that allow materially different interpretations.",Story only,,
BC-017,BADCamp,"As a anonymoususer, I want to have a training landing page with an intro section and a list of all training offerings and promote call for trainings, so that I can shop for training all with one page and we can have a call for trainings for selection.",Semantic,Conflict-free,No Violation,,,Story + Backlog,,No explicit conflict was identified in the available backlog.
BC-017,BADCamp,"As a anonymoususer, I want to have a training landing page with an intro section and a list of all training offerings and promote call for trainings, so that I can shop for training all with one page and we can have a call for trainings for selection.",Pragmatic,Full sentence,No Violation,,,Story only,,
BC-017,BADCamp,"As a anonymoususer, I want to have a training landing page with an intro section and a list of all training offerings and promote call for trainings, so that I can shop for training all with one page and we can have a call for trainings for selection.",Pragmatic,Estimatable,Violation,have a training landing page with an intro section and a list of all training offerings and promote call for trainings,"The ambiguity or vagueness directly affects the expected scope or behavior, making a reasonable estimate difficult.",Story + Backlog,,
BC-017,BADCamp,"As a anonymoususer, I want to have a training landing page with an intro section and a list of all training offerings and promote call for trainings, so that I can shop for training all with one page and we can have a call for trainings for selection.",Pragmatic,Unique,No Violation,,,Story + Backlog,,No substantial duplication was identified in the backlog.
BC-017,BADCamp,"As a anonymoususer, I want to have a training landing page with an intro section and a list of all training offerings and promote call for trainings, so that I can shop for training all with one page and we can have a call for trainings for selection.",Pragmatic,Uniform,No Violation,,,Story + Backlog,,
BC-017,BADCamp,"As a anonymoususer, I want to have a training landing page with an intro section and a list of all training offerings and promote call for trainings, so that I can shop for training all with one page and we can have a call for trainings for selection.",Pragmatic,Independent,No Violation,,,Story + Backlog,,No evident unnecessary dependency was identified.
BC-017,BADCamp,"As a anonymoususer, I want to have a training landing page with an intro section and a list of all training offerings and promote call for trainings, so that I can shop for training all with one page and we can have a call for trainings for selection.",Pragmatic,Complete,No Violation,,,Story + Backlog,,No evident complementary omission was identified in the available backlog.
BC-018,BADCamp,"As a anonymoususer, I want to have a link on the home page to a list of training options, so that I can take training.",Syntactic,Well-formed,No Violation,,,Story only,,
BC-018,BADCamp,"As a anonymoususer, I want to have a link on the home page to a list of training options, so that I can take training.",Syntactic,Atomic,No Violation,,,Story only,,
BC-018,BADCamp,"As a anonymoususer, I want to have a link on the home page to a list of training options, so that I can take training.",Syntactic,Minimal,Violation,have a link on the home page to a list of training options,"The story embeds additional implementation, interface, field, constraint, or workflow detail beyond the minimal role–means–optional end structure.",Story only,,Revisar durante a calibração do critério Minimal.
BC-018,BADCamp,"As a anonymoususer, I want to have a link on the home page to a list of training options, so that I can take training.",Semantic,Conceptually sound,No Violation,,,Story only,,
BC-018,BADCamp,"As a anonymoususer, I want to have a link on the home page to a list of training options, so that I can take training.",Semantic,Problem-oriented,Violation,have a link on the home page to a list of training options,"The story prescribes a mechanism, technology, format, interface element, or concrete solution instead of remaining at the level of the stakeholder need.",Story only,,
BC-018,BADCamp,"As a anonymoususer, I want to have a link on the home page to a list of training options, so that I can take training.",Semantic,Unambiguous,No Violation,,,Story only,,
BC-018,BADCamp,"As a anonymoususer, I want to have a link on the home page to a list of training options, so that I can take training.",Semantic,Conflict-free,No Violation,,,Story + Backlog,,No explicit conflict was identified in the available backlog.
BC-018,BADCamp,"As a anonymoususer, I want to have a link on the home page to a list of training options, so that I can take training.",Pragmatic,Full sentence,No Violation,,,Story only,,
BC-018,BADCamp,"As a anonymoususer, I want to have a link on the home page to a list of training options, so that I can take training.",Pragmatic,Estimatable,No Violation,,,Story + Backlog,,
BC-018,BADCamp,"As a anonymoususer, I want to have a link on the home page to a list of training options, so that I can take training.",Pragmatic,Unique,No Violation,,,Story + Backlog,,No substantial duplication was identified in the backlog.
BC-018,BADCamp,"As a anonymoususer, I want to have a link on the home page to a list of training options, so that I can take training.",Pragmatic,Uniform,No Violation,,,Story + Backlog,,
BC-018,BADCamp,"As a anonymoususer, I want to have a link on the home page to a list of training options, so that I can take training.",Pragmatic,Independent,No Violation,,,Story + Backlog,,No evident unnecessary dependency was identified.
BC-018,BADCamp,"As a anonymoususer, I want to have a link on the home page to a list of training options, so that I can take training.",Pragmatic,Complete,No Violation,,,Story + Backlog,,No evident complementary omission was identified in the available backlog.
BC-019,BADCamp,"As a anonymoususer, I want to find out where the coding lounge is and what time it is open, so that I can code with my friends.",Syntactic,Well-formed,No Violation,,,Story only,,
BC-019,BADCamp,"As a anonymoususer, I want to find out where the coding lounge is and what time it is open, so that I can code with my friends.",Syntactic,Atomic,No Violation,,,Story only,,
BC-019,BADCamp,"As a anonymoususer, I want to find out where the coding lounge is and what time it is open, so that I can code with my friends.",Syntactic,Minimal,No Violation,,,Story only,,
BC-019,BADCamp,"As a anonymoususer, I want to find out where the coding lounge is and what time it is open, so that I can code with my friends.",Semantic,Conceptually sound,No Violation,,,Story only,,
BC-019,BADCamp,"As a anonymoususer, I want to find out where the coding lounge is and what time it is open, so that I can code with my friends.",Semantic,Problem-oriented,No Violation,,,Story only,,
BC-019,BADCamp,"As a anonymoususer, I want to find out where the coding lounge is and what time it is open, so that I can code with my friends.",Semantic,Unambiguous,Violation,find out where the coding lounge is and what time it is open,"The wording contains vague terms, unclear references, alternatives, or abstractions that allow materially different interpretations.",Story only,,
BC-019,BADCamp,"As a anonymoususer, I want to find out where the coding lounge is and what time it is open, so that I can code with my friends.",Semantic,Conflict-free,No Violation,,,Story + Backlog,,No explicit conflict was identified in the available backlog.
BC-019,BADCamp,"As a anonymoususer, I want to find out where the coding lounge is and what time it is open, so that I can code with my friends.",Pragmatic,Full sentence,No Violation,,,Story only,,
BC-019,BADCamp,"As a anonymoususer, I want to find out where the coding lounge is and what time it is open, so that I can code with my friends.",Pragmatic,Estimatable,Violation,find out where the coding lounge is and what time it is open,"The ambiguity or vagueness directly affects the expected scope or behavior, making a reasonable estimate difficult.",Story + Backlog,,
BC-019,BADCamp,"As a anonymoususer, I want to find out where the coding lounge is and what time it is open, so that I can code with my friends.",Pragmatic,Unique,No Violation,,,Story + Backlog,,No substantial duplication was identified in the backlog.
BC-019,BADCamp,"As a anonymoususer, I want to find out where the coding lounge is and what time it is open, so that I can code with my friends.",Pragmatic,Uniform,No Violation,,,Story + Backlog,,
BC-019,BADCamp,"As a anonymoususer, I want to find out where the coding lounge is and what time it is open, so that I can code with my friends.",Pragmatic,Independent,No Violation,,,Story + Backlog,,No evident unnecessary dependency was identified.
BC-019,BADCamp,"As a anonymoususer, I want to find out where the coding lounge is and what time it is open, so that I can code with my friends.",Pragmatic,Complete,No Violation,,,Story + Backlog,,No evident complementary omission was identified in the available backlog.
BC-020,BADCamp,"As a administrator, I want to refund sponsorship money that was processed via stripe, so that people get their monies back.",Syntactic,Well-formed,No Violation,,,Story only,,
BC-020,BADCamp,"As a administrator, I want to refund sponsorship money that was processed via stripe, so that people get their monies back.",Syntactic,Atomic,No Violation,,,Story only,,
BC-020,BADCamp,"As a administrator, I want to refund sponsorship money that was processed via stripe, so that people get their monies back.",Syntactic,Minimal,No Violation,,,Story only,,
BC-020,BADCamp,"As a administrator, I want to refund sponsorship money that was processed via stripe, so that people get their monies back.",Semantic,Conceptually sound,No Violation,,,Story only,,
BC-020,BADCamp,"As a administrator, I want to refund sponsorship money that was processed via stripe, so that people get their monies back.",Semantic,Problem-oriented,Violation,refund sponsorship money that was processed via stripe,"The story prescribes a mechanism, technology, format, interface element, or concrete solution instead of remaining at the level of the stakeholder need.",Story only,,
BC-020,BADCamp,"As a administrator, I want to refund sponsorship money that was processed via stripe, so that people get their monies back.",Semantic,Unambiguous,No Violation,,,Story only,,
BC-020,BADCamp,"As a administrator, I want to refund sponsorship money that was processed via stripe, so that people get their monies back.",Semantic,Conflict-free,No Violation,,,Story + Backlog,,No explicit conflict was identified in the available backlog.
BC-020,BADCamp,"As a administrator, I want to refund sponsorship money that was processed via stripe, so that people get their monies back.",Pragmatic,Full sentence,No Violation,,,Story only,,
BC-020,BADCamp,"As a administrator, I want to refund sponsorship money that was processed via stripe, so that people get their monies back.",Pragmatic,Estimatable,No Violation,,,Story + Backlog,,The backlog and the story itself provide sufficient scope for a preliminary estimate.
BC-020,BADCamp,"As a administrator, I want to refund sponsorship money that was processed via stripe, so that people get their monies back.",Pragmatic,Unique,No Violation,,,Story + Backlog,,No substantial duplication was identified in the backlog.
BC-020,BADCamp,"As a administrator, I want to refund sponsorship money that was processed via stripe, so that people get their monies back.",Pragmatic,Uniform,No Violation,,,Story + Backlog,,
BC-020,BADCamp,"As a administrator, I want to refund sponsorship money that was processed via stripe, so that people get their monies back.",Pragmatic,Independent,No Violation,,,Story + Backlog,,No evident unnecessary dependency was identified.
BC-020,BADCamp,"As a administrator, I want to refund sponsorship money that was processed via stripe, so that people get their monies back.",Pragmatic,Complete,No Violation,,,Story + Backlog,"BC-021, BC-023, BC-030",A decisão deve ser confirmada com conhecimento do escopo do produto.
BC-021,BADCamp,"As a authenticateduser, I want to find a link on the sponsorships page to become a $350 level sponsor, so that I can pay for and become a sponsor role.",Syntactic,Well-formed,No Violation,,,Story only,,
BC-021,BADCamp,"As a authenticateduser, I want to find a link on the sponsorships page to become a $350 level sponsor, so that I can pay for and become a sponsor role.",Syntactic,Atomic,No Violation,,,Story only,,
BC-021,BADCamp,"As a authenticateduser, I want to find a link on the sponsorships page to become a $350 level sponsor, so that I can pay for and become a sponsor role.",Syntactic,Minimal,Violation,find a link on the sponsorships page to become a $350 level sponsor,"The story embeds additional implementation, interface, field, constraint, or workflow detail beyond the minimal role–means–optional end structure.",Story only,,Revisar durante a calibração do critério Minimal.
BC-021,BADCamp,"As a authenticateduser, I want to find a link on the sponsorships page to become a $350 level sponsor, so that I can pay for and become a sponsor role.",Semantic,Conceptually sound,No Violation,,,Story only,,
BC-021,BADCamp,"As a authenticateduser, I want to find a link on the sponsorships page to become a $350 level sponsor, so that I can pay for and become a sponsor role.",Semantic,Problem-oriented,Violation,find a link on the sponsorships page to become a $350 level sponsor,"The story prescribes a mechanism, technology, format, interface element, or concrete solution instead of remaining at the level of the stakeholder need.",Story only,,
BC-021,BADCamp,"As a authenticateduser, I want to find a link on the sponsorships page to become a $350 level sponsor, so that I can pay for and become a sponsor role.",Semantic,Unambiguous,Violation,find a link on the sponsorships page to become a $350 level sponsor,"The wording contains vague terms, unclear references, alternatives, or abstractions that allow materially different interpretations.",Story only,,
BC-021,BADCamp,"As a authenticateduser, I want to find a link on the sponsorships page to become a $350 level sponsor, so that I can pay for and become a sponsor role.",Semantic,Conflict-free,No Violation,,,Story + Backlog,,No explicit conflict was identified in the available backlog.
BC-021,BADCamp,"As a authenticateduser, I want to find a link on the sponsorships page to become a $350 level sponsor, so that I can pay for and become a sponsor role.",Pragmatic,Full sentence,No Violation,,,Story only,,
BC-021,BADCamp,"As a authenticateduser, I want to find a link on the sponsorships page to become a $350 level sponsor, so that I can pay for and become a sponsor role.",Pragmatic,Estimatable,Violation,find a link on the sponsorships page to become a $350 level sponsor,"The ambiguity or vagueness directly affects the expected scope or behavior, making a reasonable estimate difficult.",Story + Backlog,,
BC-021,BADCamp,"As a authenticateduser, I want to find a link on the sponsorships page to become a $350 level sponsor, so that I can pay for and become a sponsor role.",Pragmatic,Unique,No Violation,,,Story + Backlog,,No substantial duplication was identified in the backlog.
BC-021,BADCamp,"As a authenticateduser, I want to find a link on the sponsorships page to become a $350 level sponsor, so that I can pay for and become a sponsor role.",Pragmatic,Uniform,No Violation,,,Story + Backlog,,
BC-021,BADCamp,"As a authenticateduser, I want to find a link on the sponsorships page to become a $350 level sponsor, so that I can pay for and become a sponsor role.",Pragmatic,Independent,No Violation,,,Story + Backlog,,No evident unnecessary dependency was identified.
BC-021,BADCamp,"As a authenticateduser, I want to find a link on the sponsorships page to become a $350 level sponsor, so that I can pay for and become a sponsor role.",Pragmatic,Complete,No Violation,,,Story + Backlog,,No evident complementary omission was identified in the available backlog.
BC-022,BADCamp,"As a anonymoususer, I want to See a list of attendees associated with this company, so that I know who from this sponsor organization is attending.",Syntactic,Well-formed,No Violation,,,Story only,,
BC-022,BADCamp,"As a anonymoususer, I want to See a list of attendees associated with this company, so that I know who from this sponsor organization is attending.",Syntactic,Atomic,No Violation,,,Story only,,
BC-022,BADCamp,"As a anonymoususer, I want to See a list of attendees associated with this company, so that I know who from this sponsor organization is attending.",Syntactic,Minimal,No Violation,,,Story only,,
BC-022,BADCamp,"As a anonymoususer, I want to See a list of attendees associated with this company, so that I know who from this sponsor organization is attending.",Semantic,Conceptually sound,No Violation,,,Story only,,
BC-022,BADCamp,"As a anonymoususer, I want to See a list of attendees associated with this company, so that I know who from this sponsor organization is attending.",Semantic,Problem-oriented,No Violation,,,Story only,,
BC-022,BADCamp,"As a anonymoususer, I want to See a list of attendees associated with this company, so that I know who from this sponsor organization is attending.",Semantic,Unambiguous,Violation,See a list of attendees associated with this company,"The wording contains vague terms, unclear references, alternatives, or abstractions that allow materially different interpretations.",Story only,,
BC-022,BADCamp,"As a anonymoususer, I want to See a list of attendees associated with this company, so that I know who from this sponsor organization is attending.",Semantic,Conflict-free,No Violation,,,Story + Backlog,,No explicit conflict was identified in the available backlog.
BC-022,BADCamp,"As a anonymoususer, I want to See a list of attendees associated with this company, so that I know who from this sponsor organization is attending.",Pragmatic,Full sentence,No Violation,,,Story only,,
BC-022,BADCamp,"As a anonymoususer, I want to See a list of attendees associated with this company, so that I know who from this sponsor organization is attending.",Pragmatic,Estimatable,No Violation,,,Story + Backlog,,The backlog and the story itself provide sufficient scope for a preliminary estimate.
BC-022,BADCamp,"As a anonymoususer, I want to See a list of attendees associated with this company, so that I know who from this sponsor organization is attending.",Pragmatic,Unique,No Violation,,,Story + Backlog,,No substantial duplication was identified in the backlog.
BC-022,BADCamp,"As a anonymoususer, I want to See a list of attendees associated with this company, so that I know who from this sponsor organization is attending.",Pragmatic,Uniform,No Violation,,,Story + Backlog,,
BC-022,BADCamp,"As a anonymoususer, I want to See a list of attendees associated with this company, so that I know who from this sponsor organization is attending.",Pragmatic,Independent,No Violation,,,Story + Backlog,,No evident unnecessary dependency was identified.
BC-022,BADCamp,"As a anonymoususer, I want to See a list of attendees associated with this company, so that I know who from this sponsor organization is attending.",Pragmatic,Complete,No Violation,,,Story + Backlog,,No evident complementary omission was identified in the available backlog.
BC-023,BADCamp,"As a authenticateduser, I want to identify myself as and pay for a $350 company sponsorship, so that I can easily become a sponsor at this level without having to interface with badcamp personnel to get a sponsorship.",Syntactic,Well-formed,No Violation,,,Story only,,
BC-023,BADCamp,"As a authenticateduser, I want to identify myself as and pay for a $350 company sponsorship, so that I can easily become a sponsor at this level without having to interface with badcamp personnel to get a sponsorship.",Syntactic,Atomic,Violation,identify myself as and pay for a $350 company sponsorship,"The story combines two or more capabilities that can reasonably be implemented, tested, or prioritized independently.",Story only,,Requer alinhamento da regra de fronteira para Atomic.
BC-023,BADCamp,"As a authenticateduser, I want to identify myself as and pay for a $350 company sponsorship, so that I can easily become a sponsor at this level without having to interface with badcamp personnel to get a sponsorship.",Syntactic,Minimal,No Violation,,,Story only,,
BC-023,BADCamp,"As a authenticateduser, I want to identify myself as and pay for a $350 company sponsorship, so that I can easily become a sponsor at this level without having to interface with badcamp personnel to get a sponsorship.",Semantic,Conceptually sound,No Violation,,,Story only,,
BC-023,BADCamp,"As a authenticateduser, I want to identify myself as and pay for a $350 company sponsorship, so that I can easily become a sponsor at this level without having to interface with badcamp personnel to get a sponsorship.",Semantic,Problem-oriented,No Violation,,,Story only,,Requer consenso sobre o nível aceitável de prescrição de solução.
BC-023,BADCamp,"As a authenticateduser, I want to identify myself as and pay for a $350 company sponsorship, so that I can easily become a sponsor at this level without having to interface with badcamp personnel to get a sponsorship.",Semantic,Unambiguous,No Violation,,,Story only,,
BC-023,BADCamp,"As a authenticateduser, I want to identify myself as and pay for a $350 company sponsorship, so that I can easily become a sponsor at this level without having to interface with badcamp personnel to get a sponsorship.",Semantic,Conflict-free,No Violation,,,Story + Backlog,,No explicit conflict was identified in the available backlog.
BC-023,BADCamp,"As a authenticateduser, I want to identify myself as and pay for a $350 company sponsorship, so that I can easily become a sponsor at this level without having to interface with badcamp personnel to get a sponsorship.",Pragmatic,Full sentence,No Violation,,,Story only,,
BC-023,BADCamp,"As a authenticateduser, I want to identify myself as and pay for a $350 company sponsorship, so that I can easily become a sponsor at this level without having to interface with badcamp personnel to get a sponsorship.",Pragmatic,Estimatable,No Violation,,,Story + Backlog,,
BC-023,BADCamp,"As a authenticateduser, I want to identify myself as and pay for a $350 company sponsorship, so that I can easily become a sponsor at this level without having to interface with badcamp personnel to get a sponsorship.",Pragmatic,Unique,No Violation,,,Story + Backlog,,No substantial duplication was identified in the backlog.
BC-023,BADCamp,"As a authenticateduser, I want to identify myself as and pay for a $350 company sponsorship, so that I can easily become a sponsor at this level without having to interface with badcamp personnel to get a sponsorship.",Pragmatic,Uniform,No Violation,,,Story + Backlog,,
BC-023,BADCamp,"As a authenticateduser, I want to identify myself as and pay for a $350 company sponsorship, so that I can easily become a sponsor at this level without having to interface with badcamp personnel to get a sponsorship.",Pragmatic,Independent,No Violation,,,Story + Backlog,,No evident unnecessary dependency was identified.
BC-023,BADCamp,"As a authenticateduser, I want to identify myself as and pay for a $350 company sponsorship, so that I can easily become a sponsor at this level without having to interface with badcamp personnel to get a sponsorship.",Pragmatic,Complete,No Violation,,,Story + Backlog,,No evident complementary omission was identified in the available backlog.
BC-024,BADCamp,"As a administrator, I want to create and maintain venues, so that I can provide location details to help users find what they're looking for.",Syntactic,Well-formed,No Violation,,,Story only,,
BC-024,BADCamp,"As a administrator, I want to create and maintain venues, so that I can provide location details to help users find what they're looking for.",Syntactic,Atomic,No Violation,,,Story only,,Requer alinhamento da regra de fronteira para Atomic.
BC-024,BADCamp,"As a administrator, I want to create and maintain venues, so that I can provide location details to help users find what they're looking for.",Syntactic,Minimal,No Violation,,,Story only,,
BC-024,BADCamp,"As a administrator, I want to create and maintain venues, so that I can provide location details to help users find what they're looking for.",Semantic,Conceptually sound,No Violation,,,Story only,,
BC-024,BADCamp,"As a administrator, I want to create and maintain venues, so that I can provide location details to help users find what they're looking for.",Semantic,Problem-oriented,No Violation,,,Story only,,
BC-024,BADCamp,"As a administrator, I want to create and maintain venues, so that I can provide location details to help users find what they're looking for.",Semantic,Unambiguous,No Violation,,,Story only,,
BC-024,BADCamp,"As a administrator, I want to create and maintain venues, so that I can provide location details to help users find what they're looking for.",Semantic,Conflict-free,No Violation,,,Story + Backlog,,No explicit conflict was identified in the available backlog.
BC-024,BADCamp,"As a administrator, I want to create and maintain venues, so that I can provide location details to help users find what they're looking for.",Pragmatic,Full sentence,No Violation,,,Story only,,
BC-024,BADCamp,"As a administrator, I want to create and maintain venues, so that I can provide location details to help users find what they're looking for.",Pragmatic,Estimatable,No Violation,,,Story + Backlog,,
BC-024,BADCamp,"As a administrator, I want to create and maintain venues, so that I can provide location details to help users find what they're looking for.",Pragmatic,Unique,No Violation,,,Story + Backlog,,No substantial duplication was identified in the backlog.
BC-024,BADCamp,"As a administrator, I want to create and maintain venues, so that I can provide location details to help users find what they're looking for.",Pragmatic,Uniform,No Violation,,,Story + Backlog,,
BC-024,BADCamp,"As a administrator, I want to create and maintain venues, so that I can provide location details to help users find what they're looking for.",Pragmatic,Independent,No Violation,,,Story + Backlog,,No evident unnecessary dependency was identified.
BC-024,BADCamp,"As a administrator, I want to create and maintain venues, so that I can provide location details to help users find what they're looking for.",Pragmatic,Complete,No Violation,,,Story + Backlog,,No evident complementary omission was identified in the available backlog.
BC-025,BADCamp,"As a anonymoususer, I want to view venue details, so that I can get a sense of the location and see the events happening there.",Syntactic,Well-formed,No Violation,,,Story only,,
BC-025,BADCamp,"As a anonymoususer, I want to view venue details, so that I can get a sense of the location and see the events happening there.",Syntactic,Atomic,No Violation,,,Story only,,
BC-025,BADCamp,"As a anonymoususer, I want to view venue details, so that I can get a sense of the location and see the events happening there.",Syntactic,Minimal,No Violation,,,Story only,,
BC-025,BADCamp,"As a anonymoususer, I want to view venue details, so that I can get a sense of the location and see the events happening there.",Semantic,Conceptually sound,No Violation,,,Story only,,
BC-025,BADCamp,"As a anonymoususer, I want to view venue details, so that I can get a sense of the location and see the events happening there.",Semantic,Problem-oriented,No Violation,,,Story only,,
BC-025,BADCamp,"As a anonymoususer, I want to view venue details, so that I can get a sense of the location and see the events happening there.",Semantic,Unambiguous,Violation,view venue details,"The highlighted wording leaves a key term, scope, reference, or expected behavior open to materially different interpretations.",Story only,,
BC-025,BADCamp,"As a anonymoususer, I want to view venue details, so that I can get a sense of the location and see the events happening there.",Semantic,Conflict-free,No Violation,,,Story + Backlog,,No explicit conflict was identified in the available backlog.
BC-025,BADCamp,"As a anonymoususer, I want to view venue details, so that I can get a sense of the location and see the events happening there.",Pragmatic,Full sentence,No Violation,,,Story only,,
BC-025,BADCamp,"As a anonymoususer, I want to view venue details, so that I can get a sense of the location and see the events happening there.",Pragmatic,Estimatable,Violation,view venue details,"The highlighted wording leaves relevant scope, expected behavior, or constraints insufficiently defined to support a reliable implementation estimate.",Story + Backlog,,
BC-025,BADCamp,"As a anonymoususer, I want to view venue details, so that I can get a sense of the location and see the events happening there.",Pragmatic,Unique,No Violation,,,Story + Backlog,,No substantial duplication was identified in the backlog.
BC-025,BADCamp,"As a anonymoususer, I want to view venue details, so that I can get a sense of the location and see the events happening there.",Pragmatic,Uniform,No Violation,,,Story + Backlog,,
BC-025,BADCamp,"As a anonymoususer, I want to view venue details, so that I can get a sense of the location and see the events happening there.",Pragmatic,Independent,No Violation,,,Story + Backlog,,No evident unnecessary dependency was identified.
BC-025,BADCamp,"As a anonymoususer, I want to view venue details, so that I can get a sense of the location and see the events happening there.",Pragmatic,Complete,No Violation,,,Story + Backlog,,No evident complementary omission was identified in the available backlog.
BC-026,BADCamp,"As a anonymoususer, I want to see a list of the sessions associated with sponsor attendees, so that I know where I can engage with this sponsor and where they are thought leaders.",Syntactic,Well-formed,No Violation,,,Story only,,
BC-026,BADCamp,"As a anonymoususer, I want to see a list of the sessions associated with sponsor attendees, so that I know where I can engage with this sponsor and where they are thought leaders.",Syntactic,Atomic,No Violation,,,Story only,,
BC-026,BADCamp,"As a anonymoususer, I want to see a list of the sessions associated with sponsor attendees, so that I know where I can engage with this sponsor and where they are thought leaders.",Syntactic,Minimal,No Violation,,,Story only,,
BC-026,BADCamp,"As a anonymoususer, I want to see a list of the sessions associated with sponsor attendees, so that I know where I can engage with this sponsor and where they are thought leaders.",Semantic,Conceptually sound,No Violation,,,Story only,,
BC-026,BADCamp,"As a anonymoususer, I want to see a list of the sessions associated with sponsor attendees, so that I know where I can engage with this sponsor and where they are thought leaders.",Semantic,Problem-oriented,No Violation,,,Story only,,
BC-026,BADCamp,"As a anonymoususer, I want to see a list of the sessions associated with sponsor attendees, so that I know where I can engage with this sponsor and where they are thought leaders.",Semantic,Unambiguous,Violation,see a list of the sessions associated with sponsor attendees,"The wording contains vague terms, unclear references, alternatives, or abstractions that allow materially different interpretations.",Story only,,
BC-026,BADCamp,"As a anonymoususer, I want to see a list of the sessions associated with sponsor attendees, so that I know where I can engage with this sponsor and where they are thought leaders.",Semantic,Conflict-free,No Violation,,,Story + Backlog,,No explicit conflict was identified in the available backlog.
BC-026,BADCamp,"As a anonymoususer, I want to see a list of the sessions associated with sponsor attendees, so that I know where I can engage with this sponsor and where they are thought leaders.",Pragmatic,Full sentence,No Violation,,,Story only,,
BC-026,BADCamp,"As a anonymoususer, I want to see a list of the sessions associated with sponsor attendees, so that I know where I can engage with this sponsor and where they are thought leaders.",Pragmatic,Estimatable,No Violation,,,Story + Backlog,,The backlog and the story itself provide sufficient scope for a preliminary estimate.
BC-026,BADCamp,"As a anonymoususer, I want to see a list of the sessions associated with sponsor attendees, so that I know where I can engage with this sponsor and where they are thought leaders.",Pragmatic,Unique,No Violation,,,Story + Backlog,,No substantial duplication was identified in the backlog.
BC-026,BADCamp,"As a anonymoususer, I want to see a list of the sessions associated with sponsor attendees, so that I know where I can engage with this sponsor and where they are thought leaders.",Pragmatic,Uniform,No Violation,,,Story + Backlog,,
BC-026,BADCamp,"As a anonymoususer, I want to see a list of the sessions associated with sponsor attendees, so that I know where I can engage with this sponsor and where they are thought leaders.",Pragmatic,Independent,No Violation,,,Story + Backlog,,No evident unnecessary dependency was identified.
BC-026,BADCamp,"As a anonymoususer, I want to see a list of the sessions associated with sponsor attendees, so that I know where I can engage with this sponsor and where they are thought leaders.",Pragmatic,Complete,No Violation,,,Story + Backlog,,No evident complementary omission was identified in the available backlog.
BC-027,BADCamp,"As a authenticateduser, I want to See a payment page to pay for my individual sponsorships as the third step of the registration process so that pay for my sponsorship.",Syntactic,Well-formed,No Violation,,,Story only,,
BC-027,BADCamp,"As a authenticateduser, I want to See a payment page to pay for my individual sponsorships as the third step of the registration process so that pay for my sponsorship.",Syntactic,Atomic,No Violation,,,Story only,,
BC-027,BADCamp,"As a authenticateduser, I want to See a payment page to pay for my individual sponsorships as the third step of the registration process so that pay for my sponsorship.",Syntactic,Minimal,Violation,See a payment page to pay for my individual sponsorships as the third step of the registration process,"The story incorporates solution, interface, technology, format, field, or constraint details that exceed the minimal description of the stakeholder need.",Story only,,
BC-027,BADCamp,"As a authenticateduser, I want to See a payment page to pay for my individual sponsorships as the third step of the registration process so that pay for my sponsorship.",Semantic,Conceptually sound,No Violation,,,Story only,,
BC-027,BADCamp,"As a authenticateduser, I want to See a payment page to pay for my individual sponsorships as the third step of the registration process so that pay for my sponsorship.",Semantic,Problem-oriented,Violation,See a payment page to pay for my individual sponsorships as the third step of the registration process,"The story prescribes a mechanism, technology, format, interface element, or concrete solution instead of remaining at the level of the stakeholder need.",Story only,,
BC-027,BADCamp,"As a authenticateduser, I want to See a payment page to pay for my individual sponsorships as the third step of the registration process so that pay for my sponsorship.",Semantic,Unambiguous,Violation,See a payment page to pay for my individual sponsorships as the third step of the registration process,"The wording contains vague terms, unclear references, alternatives, or abstractions that allow materially different interpretations.",Story only,,
BC-027,BADCamp,"As a authenticateduser, I want to See a payment page to pay for my individual sponsorships as the third step of the registration process so that pay for my sponsorship.",Semantic,Conflict-free,No Violation,,,Story + Backlog,,No explicit conflict was identified in the available backlog.
BC-027,BADCamp,"As a authenticateduser, I want to See a payment page to pay for my individual sponsorships as the third step of the registration process so that pay for my sponsorship.",Pragmatic,Full sentence,Violation,"As a authenticateduser, I want to See a payment page to pay for my individual sponsorships as the third step of the registration process so that pay for my sponsorship.",The wording contains an incomplete or broken grammatical construction that prevents the text from forming a complete sentence.,Story only,,
BC-027,BADCamp,"As a authenticateduser, I want to See a payment page to pay for my individual sponsorships as the third step of the registration process so that pay for my sponsorship.",Pragmatic,Estimatable,Violation,See a payment page to pay for my individual sponsorships as the third step of the registration process,"The ambiguity or vagueness directly affects the expected scope or behavior, making a reasonable estimate difficult.",Story + Backlog,,
BC-027,BADCamp,"As a authenticateduser, I want to See a payment page to pay for my individual sponsorships as the third step of the registration process so that pay for my sponsorship.",Pragmatic,Unique,No Violation,,,Story + Backlog,,No substantial duplication was identified in the backlog.
BC-027,BADCamp,"As a authenticateduser, I want to See a payment page to pay for my individual sponsorships as the third step of the registration process so that pay for my sponsorship.",Pragmatic,Uniform,No Violation,,,Story + Backlog,,
BC-027,BADCamp,"As a authenticateduser, I want to See a payment page to pay for my individual sponsorships as the third step of the registration process so that pay for my sponsorship.",Pragmatic,Independent,Violation,See a payment page to pay for my individual sponsorships as the third step of the registration process,"The story explicitly depends on another backlog step or capability, making it difficult to plan as an independent unit.",Story + Backlog,"BC-023, BC-066, BC-030",
BC-027,BADCamp,"As a authenticateduser, I want to See a payment page to pay for my individual sponsorships as the third step of the registration process so that pay for my sponsorship.",Pragmatic,Complete,No Violation,,,Story + Backlog,,No evident complementary omission was identified in the available backlog.
BC-028,BADCamp,"As a administrator, I want to assign sponsors to events, trainings and summits so that They will be featured on the sponsor detail page.",Syntactic,Well-formed,No Violation,,,Story only,,
BC-028,BADCamp,"As a administrator, I want to assign sponsors to events, trainings and summits so that They will be featured on the sponsor detail page.",Syntactic,Atomic,No Violation,,,Story only,,Requer alinhamento da regra de fronteira para Atomic.
BC-028,BADCamp,"As a administrator, I want to assign sponsors to events, trainings and summits so that They will be featured on the sponsor detail page.",Syntactic,Minimal,No Violation,,,Story only,,
BC-028,BADCamp,"As a administrator, I want to assign sponsors to events, trainings and summits so that They will be featured on the sponsor detail page.",Semantic,Conceptually sound,No Violation,,,Story only,,
BC-028,BADCamp,"As a administrator, I want to assign sponsors to events, trainings and summits so that They will be featured on the sponsor detail page.",Semantic,Problem-oriented,No Violation,,,Story only,,Requer consenso sobre o nível aceitável de prescrição de solução.
BC-028,BADCamp,"As a administrator, I want to assign sponsors to events, trainings and summits so that They will be featured on the sponsor detail page.",Semantic,Unambiguous,No Violation,,,Story only,,
BC-028,BADCamp,"As a administrator, I want to assign sponsors to events, trainings and summits so that They will be featured on the sponsor detail page.",Semantic,Conflict-free,No Violation,,,Story + Backlog,,No explicit conflict was identified in the available backlog.
BC-028,BADCamp,"As a administrator, I want to assign sponsors to events, trainings and summits so that They will be featured on the sponsor detail page.",Pragmatic,Full sentence,No Violation,,,Story only,,
BC-028,BADCamp,"As a administrator, I want to assign sponsors to events, trainings and summits so that They will be featured on the sponsor detail page.",Pragmatic,Estimatable,No Violation,,,Story + Backlog,,
BC-028,BADCamp,"As a administrator, I want to assign sponsors to events, trainings and summits so that They will be featured on the sponsor detail page.",Pragmatic,Unique,No Violation,,,Story + Backlog,,No substantial duplication was identified in the backlog.
BC-028,BADCamp,"As a administrator, I want to assign sponsors to events, trainings and summits so that They will be featured on the sponsor detail page.",Pragmatic,Uniform,No Violation,,,Story + Backlog,,
BC-028,BADCamp,"As a administrator, I want to assign sponsors to events, trainings and summits so that They will be featured on the sponsor detail page.",Pragmatic,Independent,No Violation,,,Story + Backlog,,No evident unnecessary dependency was identified.
BC-028,BADCamp,"As a administrator, I want to assign sponsors to events, trainings and summits so that They will be featured on the sponsor detail page.",Pragmatic,Complete,No Violation,,,Story + Backlog,,No evident complementary omission was identified in the available backlog.
BC-029,BADCamp,"As a anonymoususer, I want to see all events, trainings and summits that a sponsor is sponsoring so that I know where I can engage with this sponsor and where they are thought leaders.",Syntactic,Well-formed,No Violation,,,Story only,,
BC-029,BADCamp,"As a anonymoususer, I want to see all events, trainings and summits that a sponsor is sponsoring so that I know where I can engage with this sponsor and where they are thought leaders.",Syntactic,Atomic,No Violation,,,Story only,,
BC-029,BADCamp,"As a anonymoususer, I want to see all events, trainings and summits that a sponsor is sponsoring so that I know where I can engage with this sponsor and where they are thought leaders.",Syntactic,Minimal,No Violation,,,Story only,,
BC-029,BADCamp,"As a anonymoususer, I want to see all events, trainings and summits that a sponsor is sponsoring so that I know where I can engage with this sponsor and where they are thought leaders.",Semantic,Conceptually sound,No Violation,,,Story only,,
BC-029,BADCamp,"As a anonymoususer, I want to see all events, trainings and summits that a sponsor is sponsoring so that I know where I can engage with this sponsor and where they are thought leaders.",Semantic,Problem-oriented,No Violation,,,Story only,,
BC-029,BADCamp,"As a anonymoususer, I want to see all events, trainings and summits that a sponsor is sponsoring so that I know where I can engage with this sponsor and where they are thought leaders.",Semantic,Unambiguous,Violation,"see all events, trainings and summits that a sponsor is sponsoring","The wording contains vague terms, unclear references, alternatives, or abstractions that allow materially different interpretations.",Story only,,
BC-029,BADCamp,"As a anonymoususer, I want to see all events, trainings and summits that a sponsor is sponsoring so that I know where I can engage with this sponsor and where they are thought leaders.",Semantic,Conflict-free,No Violation,,,Story + Backlog,,No explicit conflict was identified in the available backlog.
BC-029,BADCamp,"As a anonymoususer, I want to see all events, trainings and summits that a sponsor is sponsoring so that I know where I can engage with this sponsor and where they are thought leaders.",Pragmatic,Full sentence,No Violation,,,Story only,,
BC-029,BADCamp,"As a anonymoususer, I want to see all events, trainings and summits that a sponsor is sponsoring so that I know where I can engage with this sponsor and where they are thought leaders.",Pragmatic,Estimatable,No Violation,,,Story + Backlog,,The backlog and the story itself provide sufficient scope for a preliminary estimate.
BC-029,BADCamp,"As a anonymoususer, I want to see all events, trainings and summits that a sponsor is sponsoring so that I know where I can engage with this sponsor and where they are thought leaders.",Pragmatic,Unique,No Violation,,,Story + Backlog,,No substantial duplication was identified in the backlog.
BC-029,BADCamp,"As a anonymoususer, I want to see all events, trainings and summits that a sponsor is sponsoring so that I know where I can engage with this sponsor and where they are thought leaders.",Pragmatic,Uniform,No Violation,,,Story + Backlog,,
BC-029,BADCamp,"As a anonymoususer, I want to see all events, trainings and summits that a sponsor is sponsoring so that I know where I can engage with this sponsor and where they are thought leaders.",Pragmatic,Independent,No Violation,,,Story + Backlog,,No evident unnecessary dependency was identified.
BC-029,BADCamp,"As a anonymoususer, I want to see all events, trainings and summits that a sponsor is sponsoring so that I know where I can engage with this sponsor and where they are thought leaders.",Pragmatic,Complete,No Violation,,,Story + Backlog,,No evident complementary omission was identified in the available backlog.
BC-030,BADCamp,"As a authenticateduser, I want to Enter payment information and have my card charged for an individual sponsorship, so that I can pay for an individual sponsorship.",Syntactic,Well-formed,No Violation,,,Story only,,
BC-030,BADCamp,"As a authenticateduser, I want to Enter payment information and have my card charged for an individual sponsorship, so that I can pay for an individual sponsorship.",Syntactic,Atomic,No Violation,,,Story only,,Requer alinhamento da regra de fronteira para Atomic.
BC-030,BADCamp,"As a authenticateduser, I want to Enter payment information and have my card charged for an individual sponsorship, so that I can pay for an individual sponsorship.",Syntactic,Minimal,Violation,Enter payment information and have my card charged for an individual sponsorship,"The story embeds additional implementation, interface, field, constraint, or workflow detail beyond the minimal role–means–optional end structure.",Story only,,Revisar durante a calibração do critério Minimal.
BC-030,BADCamp,"As a authenticateduser, I want to Enter payment information and have my card charged for an individual sponsorship, so that I can pay for an individual sponsorship.",Semantic,Conceptually sound,No Violation,,,Story only,,
BC-030,BADCamp,"As a authenticateduser, I want to Enter payment information and have my card charged for an individual sponsorship, so that I can pay for an individual sponsorship.",Semantic,Problem-oriented,Violation,Enter payment information and have my card charged for an individual sponsorship,"The story prescribes a mechanism, technology, format, interface element, or concrete solution instead of remaining at the level of the stakeholder need.",Story only,,
BC-030,BADCamp,"As a authenticateduser, I want to Enter payment information and have my card charged for an individual sponsorship, so that I can pay for an individual sponsorship.",Semantic,Unambiguous,No Violation,,,Story only,,
BC-030,BADCamp,"As a authenticateduser, I want to Enter payment information and have my card charged for an individual sponsorship, so that I can pay for an individual sponsorship.",Semantic,Conflict-free,No Violation,,,Story + Backlog,,No explicit conflict was identified in the available backlog.
BC-030,BADCamp,"As a authenticateduser, I want to Enter payment information and have my card charged for an individual sponsorship, so that I can pay for an individual sponsorship.",Pragmatic,Full sentence,No Violation,,,Story only,,
BC-030,BADCamp,"As a authenticateduser, I want to Enter payment information and have my card charged for an individual sponsorship, so that I can pay for an individual sponsorship.",Pragmatic,Estimatable,No Violation,,,Story + Backlog,,
BC-030,BADCamp,"As a authenticateduser, I want to Enter payment information and have my card charged for an individual sponsorship, so that I can pay for an individual sponsorship.",Pragmatic,Unique,No Violation,,,Story + Backlog,,No substantial duplication was identified in the backlog.
BC-030,BADCamp,"As a authenticateduser, I want to Enter payment information and have my card charged for an individual sponsorship, so that I can pay for an individual sponsorship.",Pragmatic,Uniform,No Violation,,,Story + Backlog,,
BC-030,BADCamp,"As a authenticateduser, I want to Enter payment information and have my card charged for an individual sponsorship, so that I can pay for an individual sponsorship.",Pragmatic,Independent,No Violation,,,Story + Backlog,"BC-023, BC-066, BC-027",
BC-030,BADCamp,"As a authenticateduser, I want to Enter payment information and have my card charged for an individual sponsorship, so that I can pay for an individual sponsorship.",Pragmatic,Complete,No Violation,,,Story + Backlog,,No evident complementary omission was identified in the available backlog.
BC-031,BADCamp,"As a sponsor, I want to link BADCamp attendees to my sponsorship page, so that I can show off our level of attendance.",Syntactic,Well-formed,No Violation,,,Story only,,
BC-031,BADCamp,"As a sponsor, I want to link BADCamp attendees to my sponsorship page, so that I can show off our level of attendance.",Syntactic,Atomic,No Violation,,,Story only,,
BC-031,BADCamp,"As a sponsor, I want to link BADCamp attendees to my sponsorship page, so that I can show off our level of attendance.",Syntactic,Minimal,No Violation,,,Story only,,
BC-031,BADCamp,"As a sponsor, I want to link BADCamp attendees to my sponsorship page, so that I can show off our level of attendance.",Semantic,Conceptually sound,No Violation,,,Story only,,
BC-031,BADCamp,"As a sponsor, I want to link BADCamp attendees to my sponsorship page, so that I can show off our level of attendance.",Semantic,Problem-oriented,Violation,link BADCamp attendees to my sponsorship page,"The story prescribes a concrete solution, mechanism, interface, or implementation choice instead of remaining at the level of the stakeholder need.",Story only,,Requer consenso sobre o nível aceitável de prescrição de solução.
BC-031,BADCamp,"As a sponsor, I want to link BADCamp attendees to my sponsorship page, so that I can show off our level of attendance.",Semantic,Unambiguous,Violation,link BADCamp attendees to my sponsorship page,"The wording contains vague terms, unclear references, alternatives, or abstractions that allow materially different interpretations.",Story only,,
BC-031,BADCamp,"As a sponsor, I want to link BADCamp attendees to my sponsorship page, so that I can show off our level of attendance.",Semantic,Conflict-free,No Violation,,,Story + Backlog,,No explicit conflict was identified in the available backlog.
BC-031,BADCamp,"As a sponsor, I want to link BADCamp attendees to my sponsorship page, so that I can show off our level of attendance.",Pragmatic,Full sentence,No Violation,,,Story only,,
BC-031,BADCamp,"As a sponsor, I want to link BADCamp attendees to my sponsorship page, so that I can show off our level of attendance.",Pragmatic,Estimatable,No Violation,,,Story + Backlog,,The backlog and the story itself provide sufficient scope for a preliminary estimate.
BC-031,BADCamp,"As a sponsor, I want to link BADCamp attendees to my sponsorship page, so that I can show off our level of attendance.",Pragmatic,Unique,No Violation,,,Story + Backlog,,No substantial duplication was identified in the backlog.
BC-031,BADCamp,"As a sponsor, I want to link BADCamp attendees to my sponsorship page, so that I can show off our level of attendance.",Pragmatic,Uniform,No Violation,,,Story + Backlog,,
BC-031,BADCamp,"As a sponsor, I want to link BADCamp attendees to my sponsorship page, so that I can show off our level of attendance.",Pragmatic,Independent,No Violation,,,Story + Backlog,,No evident unnecessary dependency was identified.
BC-031,BADCamp,"As a sponsor, I want to link BADCamp attendees to my sponsorship page, so that I can show off our level of attendance.",Pragmatic,Complete,No Violation,,,Story + Backlog,,No evident complementary omission was identified in the available backlog.
BC-032,BADCamp,"As a authenticateduser, I want to update my user profile, so that I can connect with other Drupalists at BADCamp.",Syntactic,Well-formed,No Violation,,,Story only,,
BC-032,BADCamp,"As a authenticateduser, I want to update my user profile, so that I can connect with other Drupalists at BADCamp.",Syntactic,Atomic,No Violation,,,Story only,,
BC-032,BADCamp,"As a authenticateduser, I want to update my user profile, so that I can connect with other Drupalists at BADCamp.",Syntactic,Minimal,No Violation,,,Story only,,
BC-032,BADCamp,"As a authenticateduser, I want to update my user profile, so that I can connect with other Drupalists at BADCamp.",Semantic,Conceptually sound,No Violation,,,Story only,,
BC-032,BADCamp,"As a authenticateduser, I want to update my user profile, so that I can connect with other Drupalists at BADCamp.",Semantic,Problem-oriented,No Violation,,,Story only,,
BC-032,BADCamp,"As a authenticateduser, I want to update my user profile, so that I can connect with other Drupalists at BADCamp.",Semantic,Unambiguous,No Violation,,,Story only,,
BC-032,BADCamp,"As a authenticateduser, I want to update my user profile, so that I can connect with other Drupalists at BADCamp.",Semantic,Conflict-free,No Violation,,,Story + Backlog,,No explicit conflict was identified in the available backlog.
BC-032,BADCamp,"As a authenticateduser, I want to update my user profile, so that I can connect with other Drupalists at BADCamp.",Pragmatic,Full sentence,No Violation,,,Story only,,
BC-032,BADCamp,"As a authenticateduser, I want to update my user profile, so that I can connect with other Drupalists at BADCamp.",Pragmatic,Estimatable,No Violation,,,Story + Backlog,,The backlog and the story itself provide sufficient scope for a preliminary estimate.
BC-032,BADCamp,"As a authenticateduser, I want to update my user profile, so that I can connect with other Drupalists at BADCamp.",Pragmatic,Unique,No Violation,,,Story + Backlog,,No substantial duplication was identified in the backlog.
BC-032,BADCamp,"As a authenticateduser, I want to update my user profile, so that I can connect with other Drupalists at BADCamp.",Pragmatic,Uniform,No Violation,,,Story + Backlog,,
BC-032,BADCamp,"As a authenticateduser, I want to update my user profile, so that I can connect with other Drupalists at BADCamp.",Pragmatic,Independent,No Violation,,,Story + Backlog,,No evident unnecessary dependency was identified.
BC-032,BADCamp,"As a authenticateduser, I want to update my user profile, so that I can connect with other Drupalists at BADCamp.",Pragmatic,Complete,No Violation,,,Story + Backlog,,No evident complementary omission was identified in the available backlog.
BC-033,BADCamp,"As a anonymoususer, I want to sign up for the BADCamp newsletter, so that I can stay up to date with the latest communications about BADCamp.",Syntactic,Well-formed,No Violation,,,Story only,,
BC-033,BADCamp,"As a anonymoususer, I want to sign up for the BADCamp newsletter, so that I can stay up to date with the latest communications about BADCamp.",Syntactic,Atomic,No Violation,,,Story only,,
BC-033,BADCamp,"As a anonymoususer, I want to sign up for the BADCamp newsletter, so that I can stay up to date with the latest communications about BADCamp.",Syntactic,Minimal,No Violation,,,Story only,,
BC-033,BADCamp,"As a anonymoususer, I want to sign up for the BADCamp newsletter, so that I can stay up to date with the latest communications about BADCamp.",Semantic,Conceptually sound,No Violation,,,Story only,,
BC-033,BADCamp,"As a anonymoususer, I want to sign up for the BADCamp newsletter, so that I can stay up to date with the latest communications about BADCamp.",Semantic,Problem-oriented,No Violation,,,Story only,,
BC-033,BADCamp,"As a anonymoususer, I want to sign up for the BADCamp newsletter, so that I can stay up to date with the latest communications about BADCamp.",Semantic,Unambiguous,Violation,sign up for the BADCamp newsletter,"The highlighted wording leaves a key term, scope, reference, or expected behavior open to materially different interpretations.",Story only,,
BC-033,BADCamp,"As a anonymoususer, I want to sign up for the BADCamp newsletter, so that I can stay up to date with the latest communications about BADCamp.",Semantic,Conflict-free,No Violation,,,Story + Backlog,,No explicit conflict was identified in the available backlog.
BC-033,BADCamp,"As a anonymoususer, I want to sign up for the BADCamp newsletter, so that I can stay up to date with the latest communications about BADCamp.",Pragmatic,Full sentence,No Violation,,,Story only,,
BC-033,BADCamp,"As a anonymoususer, I want to sign up for the BADCamp newsletter, so that I can stay up to date with the latest communications about BADCamp.",Pragmatic,Estimatable,No Violation,,,Story + Backlog,,
BC-033,BADCamp,"As a anonymoususer, I want to sign up for the BADCamp newsletter, so that I can stay up to date with the latest communications about BADCamp.",Pragmatic,Unique,No Violation,,,Story + Backlog,,No substantial duplication was identified in the backlog.
BC-033,BADCamp,"As a anonymoususer, I want to sign up for the BADCamp newsletter, so that I can stay up to date with the latest communications about BADCamp.",Pragmatic,Uniform,No Violation,,,Story + Backlog,,
BC-033,BADCamp,"As a anonymoususer, I want to sign up for the BADCamp newsletter, so that I can stay up to date with the latest communications about BADCamp.",Pragmatic,Independent,No Violation,,,Story + Backlog,,No evident unnecessary dependency was identified.
BC-033,BADCamp,"As a anonymoususer, I want to sign up for the BADCamp newsletter, so that I can stay up to date with the latest communications about BADCamp.",Pragmatic,Complete,No Violation,,,Story + Backlog,,No evident complementary omission was identified in the available backlog.
BC-034,BADCamp,"As a administrator, I want to tag my blog posts for consumption by Drupal Planet, so that they will be listed on the Drupal Planet blog.",Syntactic,Well-formed,No Violation,,,Story only,,
BC-034,BADCamp,"As a administrator, I want to tag my blog posts for consumption by Drupal Planet, so that they will be listed on the Drupal Planet blog.",Syntactic,Atomic,No Violation,,,Story only,,
BC-034,BADCamp,"As a administrator, I want to tag my blog posts for consumption by Drupal Planet, so that they will be listed on the Drupal Planet blog.",Syntactic,Minimal,No Violation,,,Story only,,
BC-034,BADCamp,"As a administrator, I want to tag my blog posts for consumption by Drupal Planet, so that they will be listed on the Drupal Planet blog.",Semantic,Conceptually sound,No Violation,,,Story only,,
BC-034,BADCamp,"As a administrator, I want to tag my blog posts for consumption by Drupal Planet, so that they will be listed on the Drupal Planet blog.",Semantic,Problem-oriented,Violation,tag my blog posts for consumption by Drupal Planet,"The story prescribes a mechanism, technology, format, interface element, or concrete solution instead of remaining at the level of the stakeholder need.",Story only,,
BC-034,BADCamp,"As a administrator, I want to tag my blog posts for consumption by Drupal Planet, so that they will be listed on the Drupal Planet blog.",Semantic,Unambiguous,No Violation,,,Story only,,
BC-034,BADCamp,"As a administrator, I want to tag my blog posts for consumption by Drupal Planet, so that they will be listed on the Drupal Planet blog.",Semantic,Conflict-free,No Violation,,,Story + Backlog,,No explicit conflict was identified in the available backlog.
BC-034,BADCamp,"As a administrator, I want to tag my blog posts for consumption by Drupal Planet, so that they will be listed on the Drupal Planet blog.",Pragmatic,Full sentence,No Violation,,,Story only,,
BC-034,BADCamp,"As a administrator, I want to tag my blog posts for consumption by Drupal Planet, so that they will be listed on the Drupal Planet blog.",Pragmatic,Estimatable,No Violation,,,Story + Backlog,,The backlog and the story itself provide sufficient scope for a preliminary estimate.
BC-034,BADCamp,"As a administrator, I want to tag my blog posts for consumption by Drupal Planet, so that they will be listed on the Drupal Planet blog.",Pragmatic,Unique,No Violation,,,Story + Backlog,,No substantial duplication was identified in the backlog.
BC-034,BADCamp,"As a administrator, I want to tag my blog posts for consumption by Drupal Planet, so that they will be listed on the Drupal Planet blog.",Pragmatic,Uniform,No Violation,,,Story + Backlog,,
BC-034,BADCamp,"As a administrator, I want to tag my blog posts for consumption by Drupal Planet, so that they will be listed on the Drupal Planet blog.",Pragmatic,Independent,No Violation,,,Story + Backlog,,No evident unnecessary dependency was identified.
BC-034,BADCamp,"As a administrator, I want to tag my blog posts for consumption by Drupal Planet, so that they will be listed on the Drupal Planet blog.",Pragmatic,Complete,No Violation,,,Story + Backlog,,No evident complementary omission was identified in the available backlog.
BC-035,BADCamp,"As a administrator, I want to create blog posts, so that I can share the latest information about BADCamp with the public.",Syntactic,Well-formed,No Violation,,,Story only,,
BC-035,BADCamp,"As a administrator, I want to create blog posts, so that I can share the latest information about BADCamp with the public.",Syntactic,Atomic,No Violation,,,Story only,,
BC-035,BADCamp,"As a administrator, I want to create blog posts, so that I can share the latest information about BADCamp with the public.",Syntactic,Minimal,No Violation,,,Story only,,
BC-035,BADCamp,"As a administrator, I want to create blog posts, so that I can share the latest information about BADCamp with the public.",Semantic,Conceptually sound,No Violation,,,Story only,,
BC-035,BADCamp,"As a administrator, I want to create blog posts, so that I can share the latest information about BADCamp with the public.",Semantic,Problem-oriented,No Violation,,,Story only,,
BC-035,BADCamp,"As a administrator, I want to create blog posts, so that I can share the latest information about BADCamp with the public.",Semantic,Unambiguous,No Violation,,,Story only,,
BC-035,BADCamp,"As a administrator, I want to create blog posts, so that I can share the latest information about BADCamp with the public.",Semantic,Conflict-free,No Violation,,,Story + Backlog,,No explicit conflict was identified in the available backlog.
BC-035,BADCamp,"As a administrator, I want to create blog posts, so that I can share the latest information about BADCamp with the public.",Pragmatic,Full sentence,No Violation,,,Story only,,
BC-035,BADCamp,"As a administrator, I want to create blog posts, so that I can share the latest information about BADCamp with the public.",Pragmatic,Estimatable,No Violation,,,Story + Backlog,,The backlog and the story itself provide sufficient scope for a preliminary estimate.
BC-035,BADCamp,"As a administrator, I want to create blog posts, so that I can share the latest information about BADCamp with the public.",Pragmatic,Unique,No Violation,,,Story + Backlog,,No substantial duplication was identified in the backlog.
BC-035,BADCamp,"As a administrator, I want to create blog posts, so that I can share the latest information about BADCamp with the public.",Pragmatic,Uniform,No Violation,,,Story + Backlog,,
BC-035,BADCamp,"As a administrator, I want to create blog posts, so that I can share the latest information about BADCamp with the public.",Pragmatic,Independent,No Violation,,,Story + Backlog,,No evident unnecessary dependency was identified.
BC-035,BADCamp,"As a administrator, I want to create blog posts, so that I can share the latest information about BADCamp with the public.",Pragmatic,Complete,No Violation,,,Story + Backlog,,No evident complementary omission was identified in the available backlog.
BC-036,BADCamp,"As a anonymoususer, I want to read the blog, so that I can stay informed about all the latest happenings with BADCamp.",Syntactic,Well-formed,No Violation,,,Story only,,
BC-036,BADCamp,"As a anonymoususer, I want to read the blog, so that I can stay informed about all the latest happenings with BADCamp.",Syntactic,Atomic,No Violation,,,Story only,,
BC-036,BADCamp,"As a anonymoususer, I want to read the blog, so that I can stay informed about all the latest happenings with BADCamp.",Syntactic,Minimal,No Violation,,,Story only,,
BC-036,BADCamp,"As a anonymoususer, I want to read the blog, so that I can stay informed about all the latest happenings with BADCamp.",Semantic,Conceptually sound,No Violation,,,Story only,,
BC-036,BADCamp,"As a anonymoususer, I want to read the blog, so that I can stay informed about all the latest happenings with BADCamp.",Semantic,Problem-oriented,No Violation,,,Story only,,
BC-036,BADCamp,"As a anonymoususer, I want to read the blog, so that I can stay informed about all the latest happenings with BADCamp.",Semantic,Unambiguous,No Violation,,,Story only,,
BC-036,BADCamp,"As a anonymoususer, I want to read the blog, so that I can stay informed about all the latest happenings with BADCamp.",Semantic,Conflict-free,No Violation,,,Story + Backlog,,No explicit conflict was identified in the available backlog.
BC-036,BADCamp,"As a anonymoususer, I want to read the blog, so that I can stay informed about all the latest happenings with BADCamp.",Pragmatic,Full sentence,No Violation,,,Story only,,
BC-036,BADCamp,"As a anonymoususer, I want to read the blog, so that I can stay informed about all the latest happenings with BADCamp.",Pragmatic,Estimatable,No Violation,,,Story + Backlog,,The backlog and the story itself provide sufficient scope for a preliminary estimate.
BC-036,BADCamp,"As a anonymoususer, I want to read the blog, so that I can stay informed about all the latest happenings with BADCamp.",Pragmatic,Unique,No Violation,,,Story + Backlog,,No substantial duplication was identified in the backlog.
BC-036,BADCamp,"As a anonymoususer, I want to read the blog, so that I can stay informed about all the latest happenings with BADCamp.",Pragmatic,Uniform,No Violation,,,Story + Backlog,,
BC-036,BADCamp,"As a anonymoususer, I want to read the blog, so that I can stay informed about all the latest happenings with BADCamp.",Pragmatic,Independent,No Violation,,,Story + Backlog,,No evident unnecessary dependency was identified.
BC-036,BADCamp,"As a anonymoususer, I want to read the blog, so that I can stay informed about all the latest happenings with BADCamp.",Pragmatic,Complete,No Violation,,,Story + Backlog,,No evident complementary omission was identified in the available backlog.
BC-037,BADCamp,"As a sponsor, I want to sponsor a summit that matches my brand, so that I can get exposure to potential customers and otherwise tout my Drupal credentials.",Syntactic,Well-formed,No Violation,,,Story only,,
BC-037,BADCamp,"As a sponsor, I want to sponsor a summit that matches my brand, so that I can get exposure to potential customers and otherwise tout my Drupal credentials.",Syntactic,Atomic,No Violation,,,Story only,,
BC-037,BADCamp,"As a sponsor, I want to sponsor a summit that matches my brand, so that I can get exposure to potential customers and otherwise tout my Drupal credentials.",Syntactic,Minimal,No Violation,,,Story only,,
BC-037,BADCamp,"As a sponsor, I want to sponsor a summit that matches my brand, so that I can get exposure to potential customers and otherwise tout my Drupal credentials.",Semantic,Conceptually sound,No Violation,,,Story only,,
BC-037,BADCamp,"As a sponsor, I want to sponsor a summit that matches my brand, so that I can get exposure to potential customers and otherwise tout my Drupal credentials.",Semantic,Problem-oriented,No Violation,,,Story only,,
BC-037,BADCamp,"As a sponsor, I want to sponsor a summit that matches my brand, so that I can get exposure to potential customers and otherwise tout my Drupal credentials.",Semantic,Unambiguous,Violation,sponsor a summit that matches my brand,"The highlighted wording leaves a key term, scope, reference, or expected behavior open to materially different interpretations.",Story only,,
BC-037,BADCamp,"As a sponsor, I want to sponsor a summit that matches my brand, so that I can get exposure to potential customers and otherwise tout my Drupal credentials.",Semantic,Conflict-free,No Violation,,,Story + Backlog,,No explicit conflict was identified in the available backlog.
BC-037,BADCamp,"As a sponsor, I want to sponsor a summit that matches my brand, so that I can get exposure to potential customers and otherwise tout my Drupal credentials.",Pragmatic,Full sentence,No Violation,,,Story only,,
BC-037,BADCamp,"As a sponsor, I want to sponsor a summit that matches my brand, so that I can get exposure to potential customers and otherwise tout my Drupal credentials.",Pragmatic,Estimatable,Violation,sponsor a summit that matches my brand,"The highlighted wording leaves relevant scope, expected behavior, or constraints insufficiently defined to support a reliable implementation estimate.",Story + Backlog,,
BC-037,BADCamp,"As a sponsor, I want to sponsor a summit that matches my brand, so that I can get exposure to potential customers and otherwise tout my Drupal credentials.",Pragmatic,Unique,No Violation,,,Story + Backlog,,No substantial duplication was identified in the backlog.
BC-037,BADCamp,"As a sponsor, I want to sponsor a summit that matches my brand, so that I can get exposure to potential customers and otherwise tout my Drupal credentials.",Pragmatic,Uniform,No Violation,,,Story + Backlog,,
BC-037,BADCamp,"As a sponsor, I want to sponsor a summit that matches my brand, so that I can get exposure to potential customers and otherwise tout my Drupal credentials.",Pragmatic,Independent,No Violation,,,Story + Backlog,,No evident unnecessary dependency was identified.
BC-037,BADCamp,"As a sponsor, I want to sponsor a summit that matches my brand, so that I can get exposure to potential customers and otherwise tout my Drupal credentials.",Pragmatic,Complete,No Violation,,,Story + Backlog,,No evident complementary omission was identified in the available backlog.
BC-038,BADCamp,"As a attendee, I want to register for a summit, so that I can reserve my seat at the summit.",Syntactic,Well-formed,No Violation,,,Story only,,
BC-038,BADCamp,"As a attendee, I want to register for a summit, so that I can reserve my seat at the summit.",Syntactic,Atomic,No Violation,,,Story only,,
BC-038,BADCamp,"As a attendee, I want to register for a summit, so that I can reserve my seat at the summit.",Syntactic,Minimal,No Violation,,,Story only,,
BC-038,BADCamp,"As a attendee, I want to register for a summit, so that I can reserve my seat at the summit.",Semantic,Conceptually sound,No Violation,,,Story only,,
BC-038,BADCamp,"As a attendee, I want to register for a summit, so that I can reserve my seat at the summit.",Semantic,Problem-oriented,No Violation,,,Story only,,
BC-038,BADCamp,"As a attendee, I want to register for a summit, so that I can reserve my seat at the summit.",Semantic,Unambiguous,No Violation,,,Story only,,
BC-038,BADCamp,"As a attendee, I want to register for a summit, so that I can reserve my seat at the summit.",Semantic,Conflict-free,No Violation,,,Story + Backlog,,No explicit conflict was identified in the available backlog.
BC-038,BADCamp,"As a attendee, I want to register for a summit, so that I can reserve my seat at the summit.",Pragmatic,Full sentence,No Violation,,,Story only,,
BC-038,BADCamp,"As a attendee, I want to register for a summit, so that I can reserve my seat at the summit.",Pragmatic,Estimatable,No Violation,,,Story + Backlog,,The backlog and the story itself provide sufficient scope for a preliminary estimate.
BC-038,BADCamp,"As a attendee, I want to register for a summit, so that I can reserve my seat at the summit.",Pragmatic,Unique,No Violation,,,Story + Backlog,,No substantial duplication was identified in the backlog.
BC-038,BADCamp,"As a attendee, I want to register for a summit, so that I can reserve my seat at the summit.",Pragmatic,Uniform,No Violation,,,Story + Backlog,,
BC-038,BADCamp,"As a attendee, I want to register for a summit, so that I can reserve my seat at the summit.",Pragmatic,Independent,No Violation,,,Story + Backlog,,No evident unnecessary dependency was identified.
BC-038,BADCamp,"As a attendee, I want to register for a summit, so that I can reserve my seat at the summit.",Pragmatic,Complete,No Violation,,,Story + Backlog,,No evident complementary omission was identified in the available backlog.
BC-039,BADCamp,"As a attendee, I want to get detailed directions to the summit venue, so that I can get to the summit easily on the day of the event.",Syntactic,Well-formed,No Violation,,,Story only,,
BC-039,BADCamp,"As a attendee, I want to get detailed directions to the summit venue, so that I can get to the summit easily on the day of the event.",Syntactic,Atomic,No Violation,,,Story only,,
BC-039,BADCamp,"As a attendee, I want to get detailed directions to the summit venue, so that I can get to the summit easily on the day of the event.",Syntactic,Minimal,No Violation,,,Story only,,Revisar durante a calibração do critério Minimal.
BC-039,BADCamp,"As a attendee, I want to get detailed directions to the summit venue, so that I can get to the summit easily on the day of the event.",Semantic,Conceptually sound,No Violation,,,Story only,,
BC-039,BADCamp,"As a attendee, I want to get detailed directions to the summit venue, so that I can get to the summit easily on the day of the event.",Semantic,Problem-oriented,Violation,get detailed directions to the summit venue,"The story prescribes a mechanism, technology, format, interface element, or concrete solution instead of remaining at the level of the stakeholder need.",Story only,,
BC-039,BADCamp,"As a attendee, I want to get detailed directions to the summit venue, so that I can get to the summit easily on the day of the event.",Semantic,Unambiguous,No Violation,,,Story only,,
BC-039,BADCamp,"As a attendee, I want to get detailed directions to the summit venue, so that I can get to the summit easily on the day of the event.",Semantic,Conflict-free,No Violation,,,Story + Backlog,,No explicit conflict was identified in the available backlog.
BC-039,BADCamp,"As a attendee, I want to get detailed directions to the summit venue, so that I can get to the summit easily on the day of the event.",Pragmatic,Full sentence,No Violation,,,Story only,,
BC-039,BADCamp,"As a attendee, I want to get detailed directions to the summit venue, so that I can get to the summit easily on the day of the event.",Pragmatic,Estimatable,No Violation,,,Story + Backlog,,
BC-039,BADCamp,"As a attendee, I want to get detailed directions to the summit venue, so that I can get to the summit easily on the day of the event.",Pragmatic,Unique,No Violation,,,Story + Backlog,,No substantial duplication was identified in the backlog.
BC-039,BADCamp,"As a attendee, I want to get detailed directions to the summit venue, so that I can get to the summit easily on the day of the event.",Pragmatic,Uniform,No Violation,,,Story + Backlog,,
BC-039,BADCamp,"As a attendee, I want to get detailed directions to the summit venue, so that I can get to the summit easily on the day of the event.",Pragmatic,Independent,No Violation,,,Story + Backlog,,No evident unnecessary dependency was identified.
BC-039,BADCamp,"As a attendee, I want to get detailed directions to the summit venue, so that I can get to the summit easily on the day of the event.",Pragmatic,Complete,No Violation,,,Story + Backlog,,No evident complementary omission was identified in the available backlog.
BC-040,BADCamp,"As a attendee, I want to see what summits I'm signed up for, so that I can confirm my attendence and prevent myself from accidentally double-booking with a training or another summit.",Syntactic,Well-formed,No Violation,,,Story only,,
BC-040,BADCamp,"As a attendee, I want to see what summits I'm signed up for, so that I can confirm my attendence and prevent myself from accidentally double-booking with a training or another summit.",Syntactic,Atomic,No Violation,,,Story only,,
BC-040,BADCamp,"As a attendee, I want to see what summits I'm signed up for, so that I can confirm my attendence and prevent myself from accidentally double-booking with a training or another summit.",Syntactic,Minimal,No Violation,,,Story only,,
BC-040,BADCamp,"As a attendee, I want to see what summits I'm signed up for, so that I can confirm my attendence and prevent myself from accidentally double-booking with a training or another summit.",Semantic,Conceptually sound,No Violation,,,Story only,,
BC-040,BADCamp,"As a attendee, I want to see what summits I'm signed up for, so that I can confirm my attendence and prevent myself from accidentally double-booking with a training or another summit.",Semantic,Problem-oriented,No Violation,,,Story only,,
BC-040,BADCamp,"As a attendee, I want to see what summits I'm signed up for, so that I can confirm my attendence and prevent myself from accidentally double-booking with a training or another summit.",Semantic,Unambiguous,No Violation,,,Story only,,
BC-040,BADCamp,"As a attendee, I want to see what summits I'm signed up for, so that I can confirm my attendence and prevent myself from accidentally double-booking with a training or another summit.",Semantic,Conflict-free,No Violation,,,Story + Backlog,,No explicit conflict was identified in the available backlog.
BC-040,BADCamp,"As a attendee, I want to see what summits I'm signed up for, so that I can confirm my attendence and prevent myself from accidentally double-booking with a training or another summit.",Pragmatic,Full sentence,No Violation,,,Story only,,
BC-040,BADCamp,"As a attendee, I want to see what summits I'm signed up for, so that I can confirm my attendence and prevent myself from accidentally double-booking with a training or another summit.",Pragmatic,Estimatable,No Violation,,,Story + Backlog,,The backlog and the story itself provide sufficient scope for a preliminary estimate.
BC-040,BADCamp,"As a attendee, I want to see what summits I'm signed up for, so that I can confirm my attendence and prevent myself from accidentally double-booking with a training or another summit.",Pragmatic,Unique,No Violation,,,Story + Backlog,,No substantial duplication was identified in the backlog.
BC-040,BADCamp,"As a attendee, I want to see what summits I'm signed up for, so that I can confirm my attendence and prevent myself from accidentally double-booking with a training or another summit.",Pragmatic,Uniform,No Violation,,,Story + Backlog,,
BC-040,BADCamp,"As a attendee, I want to see what summits I'm signed up for, so that I can confirm my attendence and prevent myself from accidentally double-booking with a training or another summit.",Pragmatic,Independent,No Violation,,,Story + Backlog,BC-038,
BC-040,BADCamp,"As a attendee, I want to see what summits I'm signed up for, so that I can confirm my attendence and prevent myself from accidentally double-booking with a training or another summit.",Pragmatic,Complete,No Violation,,,Story + Backlog,,No evident complementary omission was identified in the available backlog.
BC-041,BADCamp,"As a summit coordinator, I want to see a list of attendees signed up for my summit, so that I can communicate with my attendees by email prior to the event.",Syntactic,Well-formed,No Violation,,,Story only,,
BC-041,BADCamp,"As a summit coordinator, I want to see a list of attendees signed up for my summit, so that I can communicate with my attendees by email prior to the event.",Syntactic,Atomic,No Violation,,,Story only,,
BC-041,BADCamp,"As a summit coordinator, I want to see a list of attendees signed up for my summit, so that I can communicate with my attendees by email prior to the event.",Syntactic,Minimal,No Violation,,,Story only,,
BC-041,BADCamp,"As a summit coordinator, I want to see a list of attendees signed up for my summit, so that I can communicate with my attendees by email prior to the event.",Semantic,Conceptually sound,No Violation,,,Story only,,
BC-041,BADCamp,"As a summit coordinator, I want to see a list of attendees signed up for my summit, so that I can communicate with my attendees by email prior to the event.",Semantic,Problem-oriented,No Violation,,,Story only,,Requer consenso sobre o nível aceitável de prescrição de solução.
BC-041,BADCamp,"As a summit coordinator, I want to see a list of attendees signed up for my summit, so that I can communicate with my attendees by email prior to the event.",Semantic,Unambiguous,No Violation,,,Story only,,
BC-041,BADCamp,"As a summit coordinator, I want to see a list of attendees signed up for my summit, so that I can communicate with my attendees by email prior to the event.",Semantic,Conflict-free,No Violation,,,Story + Backlog,,No explicit conflict was identified in the available backlog.
BC-041,BADCamp,"As a summit coordinator, I want to see a list of attendees signed up for my summit, so that I can communicate with my attendees by email prior to the event.",Pragmatic,Full sentence,No Violation,,,Story only,,
BC-041,BADCamp,"As a summit coordinator, I want to see a list of attendees signed up for my summit, so that I can communicate with my attendees by email prior to the event.",Pragmatic,Estimatable,No Violation,,,Story + Backlog,,
BC-041,BADCamp,"As a summit coordinator, I want to see a list of attendees signed up for my summit, so that I can communicate with my attendees by email prior to the event.",Pragmatic,Unique,No Violation,,,Story + Backlog,,No substantial duplication was identified in the backlog.
BC-041,BADCamp,"As a summit coordinator, I want to see a list of attendees signed up for my summit, so that I can communicate with my attendees by email prior to the event.",Pragmatic,Uniform,No Violation,,,Story + Backlog,,
BC-041,BADCamp,"As a summit coordinator, I want to see a list of attendees signed up for my summit, so that I can communicate with my attendees by email prior to the event.",Pragmatic,Independent,No Violation,,,Story + Backlog,BC-038,
BC-041,BADCamp,"As a summit coordinator, I want to see a list of attendees signed up for my summit, so that I can communicate with my attendees by email prior to the event.",Pragmatic,Complete,No Violation,,,Story + Backlog,,No evident complementary omission was identified in the available backlog.
BC-042,BADCamp,"As a summit coordinator, I want to list basic information about my summit, so that I can inform potential attendees on why they should attend my summit.",Syntactic,Well-formed,No Violation,,,Story only,,
BC-042,BADCamp,"As a summit coordinator, I want to list basic information about my summit, so that I can inform potential attendees on why they should attend my summit.",Syntactic,Atomic,No Violation,,,Story only,,
BC-042,BADCamp,"As a summit coordinator, I want to list basic information about my summit, so that I can inform potential attendees on why they should attend my summit.",Syntactic,Minimal,No Violation,,,Story only,,
BC-042,BADCamp,"As a summit coordinator, I want to list basic information about my summit, so that I can inform potential attendees on why they should attend my summit.",Semantic,Conceptually sound,No Violation,,,Story only,,
BC-042,BADCamp,"As a summit coordinator, I want to list basic information about my summit, so that I can inform potential attendees on why they should attend my summit.",Semantic,Problem-oriented,No Violation,,,Story only,,
BC-042,BADCamp,"As a summit coordinator, I want to list basic information about my summit, so that I can inform potential attendees on why they should attend my summit.",Semantic,Unambiguous,Violation,list basic information about my summit,"The wording contains vague terms, unclear references, alternatives, or abstractions that allow materially different interpretations.",Story only,,
BC-042,BADCamp,"As a summit coordinator, I want to list basic information about my summit, so that I can inform potential attendees on why they should attend my summit.",Semantic,Conflict-free,No Violation,,,Story + Backlog,,No explicit conflict was identified in the available backlog.
BC-042,BADCamp,"As a summit coordinator, I want to list basic information about my summit, so that I can inform potential attendees on why they should attend my summit.",Pragmatic,Full sentence,No Violation,,,Story only,,
BC-042,BADCamp,"As a summit coordinator, I want to list basic information about my summit, so that I can inform potential attendees on why they should attend my summit.",Pragmatic,Estimatable,Violation,list basic information about my summit,"The ambiguity or vagueness directly affects the expected scope or behavior, making a reasonable estimate difficult.",Story + Backlog,,
BC-042,BADCamp,"As a summit coordinator, I want to list basic information about my summit, so that I can inform potential attendees on why they should attend my summit.",Pragmatic,Unique,No Violation,,,Story + Backlog,,No substantial duplication was identified in the backlog.
BC-042,BADCamp,"As a summit coordinator, I want to list basic information about my summit, so that I can inform potential attendees on why they should attend my summit.",Pragmatic,Uniform,No Violation,,,Story + Backlog,,
BC-042,BADCamp,"As a summit coordinator, I want to list basic information about my summit, so that I can inform potential attendees on why they should attend my summit.",Pragmatic,Independent,No Violation,,,Story + Backlog,,No evident unnecessary dependency was identified.
BC-042,BADCamp,"As a summit coordinator, I want to list basic information about my summit, so that I can inform potential attendees on why they should attend my summit.",Pragmatic,Complete,No Violation,,,Story + Backlog,,No evident complementary omission was identified in the available backlog.
BC-043,BADCamp,"As a summit coordinator, I want to list sponsors for my summit, so that I can make sure sponsors feel rewarded and will be interested in sponsoring in future years.",Syntactic,Well-formed,No Violation,,,Story only,,
BC-043,BADCamp,"As a summit coordinator, I want to list sponsors for my summit, so that I can make sure sponsors feel rewarded and will be interested in sponsoring in future years.",Syntactic,Atomic,No Violation,,,Story only,,
BC-043,BADCamp,"As a summit coordinator, I want to list sponsors for my summit, so that I can make sure sponsors feel rewarded and will be interested in sponsoring in future years.",Syntactic,Minimal,No Violation,,,Story only,,
BC-043,BADCamp,"As a summit coordinator, I want to list sponsors for my summit, so that I can make sure sponsors feel rewarded and will be interested in sponsoring in future years.",Semantic,Conceptually sound,No Violation,,,Story only,,
BC-043,BADCamp,"As a summit coordinator, I want to list sponsors for my summit, so that I can make sure sponsors feel rewarded and will be interested in sponsoring in future years.",Semantic,Problem-oriented,No Violation,,,Story only,,
BC-043,BADCamp,"As a summit coordinator, I want to list sponsors for my summit, so that I can make sure sponsors feel rewarded and will be interested in sponsoring in future years.",Semantic,Unambiguous,No Violation,,,Story only,,
BC-043,BADCamp,"As a summit coordinator, I want to list sponsors for my summit, so that I can make sure sponsors feel rewarded and will be interested in sponsoring in future years.",Semantic,Conflict-free,No Violation,,,Story + Backlog,,No explicit conflict was identified in the available backlog.
BC-043,BADCamp,"As a summit coordinator, I want to list sponsors for my summit, so that I can make sure sponsors feel rewarded and will be interested in sponsoring in future years.",Pragmatic,Full sentence,No Violation,,,Story only,,
BC-043,BADCamp,"As a summit coordinator, I want to list sponsors for my summit, so that I can make sure sponsors feel rewarded and will be interested in sponsoring in future years.",Pragmatic,Estimatable,No Violation,,,Story + Backlog,,
BC-043,BADCamp,"As a summit coordinator, I want to list sponsors for my summit, so that I can make sure sponsors feel rewarded and will be interested in sponsoring in future years.",Pragmatic,Unique,No Violation,,,Story + Backlog,,No substantial duplication was identified in the backlog.
BC-043,BADCamp,"As a summit coordinator, I want to list sponsors for my summit, so that I can make sure sponsors feel rewarded and will be interested in sponsoring in future years.",Pragmatic,Uniform,No Violation,,,Story + Backlog,,
BC-043,BADCamp,"As a summit coordinator, I want to list sponsors for my summit, so that I can make sure sponsors feel rewarded and will be interested in sponsoring in future years.",Pragmatic,Independent,No Violation,,,Story + Backlog,,No evident unnecessary dependency was identified.
BC-043,BADCamp,"As a summit coordinator, I want to list sponsors for my summit, so that I can make sure sponsors feel rewarded and will be interested in sponsoring in future years.",Pragmatic,Complete,No Violation,,,Story + Backlog,,No evident complementary omission was identified in the available backlog.
BC-044,BADCamp,"As a summit coordinator, I want to list an agenda for my summit, so that I can entice attendees and give positive feedback to presenters to encourage participation.",Syntactic,Well-formed,No Violation,,,Story only,,
BC-044,BADCamp,"As a summit coordinator, I want to list an agenda for my summit, so that I can entice attendees and give positive feedback to presenters to encourage participation.",Syntactic,Atomic,No Violation,,,Story only,,
BC-044,BADCamp,"As a summit coordinator, I want to list an agenda for my summit, so that I can entice attendees and give positive feedback to presenters to encourage participation.",Syntactic,Minimal,No Violation,,,Story only,,
BC-044,BADCamp,"As a summit coordinator, I want to list an agenda for my summit, so that I can entice attendees and give positive feedback to presenters to encourage participation.",Semantic,Conceptually sound,No Violation,,,Story only,,
BC-044,BADCamp,"As a summit coordinator, I want to list an agenda for my summit, so that I can entice attendees and give positive feedback to presenters to encourage participation.",Semantic,Problem-oriented,No Violation,,,Story only,,
BC-044,BADCamp,"As a summit coordinator, I want to list an agenda for my summit, so that I can entice attendees and give positive feedback to presenters to encourage participation.",Semantic,Unambiguous,No Violation,,,Story only,,
BC-044,BADCamp,"As a summit coordinator, I want to list an agenda for my summit, so that I can entice attendees and give positive feedback to presenters to encourage participation.",Semantic,Conflict-free,No Violation,,,Story + Backlog,,No explicit conflict was identified in the available backlog.
BC-044,BADCamp,"As a summit coordinator, I want to list an agenda for my summit, so that I can entice attendees and give positive feedback to presenters to encourage participation.",Pragmatic,Full sentence,No Violation,,,Story only,,
BC-044,BADCamp,"As a summit coordinator, I want to list an agenda for my summit, so that I can entice attendees and give positive feedback to presenters to encourage participation.",Pragmatic,Estimatable,No Violation,,,Story + Backlog,,
BC-044,BADCamp,"As a summit coordinator, I want to list an agenda for my summit, so that I can entice attendees and give positive feedback to presenters to encourage participation.",Pragmatic,Unique,No Violation,,,Story + Backlog,,No substantial duplication was identified in the backlog.
BC-044,BADCamp,"As a summit coordinator, I want to list an agenda for my summit, so that I can entice attendees and give positive feedback to presenters to encourage participation.",Pragmatic,Uniform,No Violation,,,Story + Backlog,,
BC-044,BADCamp,"As a summit coordinator, I want to list an agenda for my summit, so that I can entice attendees and give positive feedback to presenters to encourage participation.",Pragmatic,Independent,No Violation,,,Story + Backlog,,No evident unnecessary dependency was identified.
BC-044,BADCamp,"As a summit coordinator, I want to list an agenda for my summit, so that I can entice attendees and give positive feedback to presenters to encourage participation.",Pragmatic,Complete,No Violation,,,Story + Backlog,,No evident complementary omission was identified in the available backlog.
BC-045,BADCamp,"As a anonymoususer, I want to see how many seats are left for the summit, so that I can make sure to register in-time to reserve my spot.",Syntactic,Well-formed,No Violation,,,Story only,,
BC-045,BADCamp,"As a anonymoususer, I want to see how many seats are left for the summit, so that I can make sure to register in-time to reserve my spot.",Syntactic,Atomic,No Violation,,,Story only,,
BC-045,BADCamp,"As a anonymoususer, I want to see how many seats are left for the summit, so that I can make sure to register in-time to reserve my spot.",Syntactic,Minimal,No Violation,,,Story only,,
BC-045,BADCamp,"As a anonymoususer, I want to see how many seats are left for the summit, so that I can make sure to register in-time to reserve my spot.",Semantic,Conceptually sound,No Violation,,,Story only,,
BC-045,BADCamp,"As a anonymoususer, I want to see how many seats are left for the summit, so that I can make sure to register in-time to reserve my spot.",Semantic,Problem-oriented,No Violation,,,Story only,,Requer consenso sobre o nível aceitável de prescrição de solução.
BC-045,BADCamp,"As a anonymoususer, I want to see how many seats are left for the summit, so that I can make sure to register in-time to reserve my spot.",Semantic,Unambiguous,No Violation,,,Story only,,
BC-045,BADCamp,"As a anonymoususer, I want to see how many seats are left for the summit, so that I can make sure to register in-time to reserve my spot.",Semantic,Conflict-free,No Violation,,,Story + Backlog,,No explicit conflict was identified in the available backlog.
BC-045,BADCamp,"As a anonymoususer, I want to see how many seats are left for the summit, so that I can make sure to register in-time to reserve my spot.",Pragmatic,Full sentence,No Violation,,,Story only,,
BC-045,BADCamp,"As a anonymoususer, I want to see how many seats are left for the summit, so that I can make sure to register in-time to reserve my spot.",Pragmatic,Estimatable,No Violation,,,Story + Backlog,,
BC-045,BADCamp,"As a anonymoususer, I want to see how many seats are left for the summit, so that I can make sure to register in-time to reserve my spot.",Pragmatic,Unique,No Violation,,,Story + Backlog,,No substantial duplication was identified in the backlog.
BC-045,BADCamp,"As a anonymoususer, I want to see how many seats are left for the summit, so that I can make sure to register in-time to reserve my spot.",Pragmatic,Uniform,No Violation,,,Story + Backlog,,
BC-045,BADCamp,"As a anonymoususer, I want to see how many seats are left for the summit, so that I can make sure to register in-time to reserve my spot.",Pragmatic,Independent,No Violation,,,Story + Backlog,,No evident unnecessary dependency was identified.
BC-045,BADCamp,"As a anonymoususer, I want to see how many seats are left for the summit, so that I can make sure to register in-time to reserve my spot.",Pragmatic,Complete,No Violation,,,Story + Backlog,,No evident complementary omission was identified in the available backlog.
BC-046,BADCamp,"As a anonymoususer, I want to see specific details on summits, so that I can learn more about the summit I'm interested in to see if it matches my interests, register for the event, and get day-of knowledge to help me get to the location.",Syntactic,Well-formed,No Violation,,,Story only,,
BC-046,BADCamp,"As a anonymoususer, I want to see specific details on summits, so that I can learn more about the summit I'm interested in to see if it matches my interests, register for the event, and get day-of knowledge to help me get to the location.",Syntactic,Atomic,No Violation,,,Story only,,Requer alinhamento da regra de fronteira para Atomic.
BC-046,BADCamp,"As a anonymoususer, I want to see specific details on summits, so that I can learn more about the summit I'm interested in to see if it matches my interests, register for the event, and get day-of knowledge to help me get to the location.",Syntactic,Minimal,No Violation,,,Story only,,Revisar durante a calibração do critério Minimal.
BC-046,BADCamp,"As a anonymoususer, I want to see specific details on summits, so that I can learn more about the summit I'm interested in to see if it matches my interests, register for the event, and get day-of knowledge to help me get to the location.",Semantic,Conceptually sound,No Violation,,,Story only,,
BC-046,BADCamp,"As a anonymoususer, I want to see specific details on summits, so that I can learn more about the summit I'm interested in to see if it matches my interests, register for the event, and get day-of knowledge to help me get to the location.",Semantic,Problem-oriented,No Violation,,,Story only,,
BC-046,BADCamp,"As a anonymoususer, I want to see specific details on summits, so that I can learn more about the summit I'm interested in to see if it matches my interests, register for the event, and get day-of knowledge to help me get to the location.",Semantic,Unambiguous,Violation,see specific details on summits,"The wording contains vague terms, unclear references, alternatives, or abstractions that allow materially different interpretations.",Story only,,
BC-046,BADCamp,"As a anonymoususer, I want to see specific details on summits, so that I can learn more about the summit I'm interested in to see if it matches my interests, register for the event, and get day-of knowledge to help me get to the location.",Semantic,Conflict-free,No Violation,,,Story + Backlog,,No explicit conflict was identified in the available backlog.
BC-046,BADCamp,"As a anonymoususer, I want to see specific details on summits, so that I can learn more about the summit I'm interested in to see if it matches my interests, register for the event, and get day-of knowledge to help me get to the location.",Pragmatic,Full sentence,No Violation,,,Story only,,
BC-046,BADCamp,"As a anonymoususer, I want to see specific details on summits, so that I can learn more about the summit I'm interested in to see if it matches my interests, register for the event, and get day-of knowledge to help me get to the location.",Pragmatic,Estimatable,Violation,see specific details on summits,"The ambiguity or vagueness directly affects the expected scope or behavior, making a reasonable estimate difficult.",Story + Backlog,,
BC-046,BADCamp,"As a anonymoususer, I want to see specific details on summits, so that I can learn more about the summit I'm interested in to see if it matches my interests, register for the event, and get day-of knowledge to help me get to the location.",Pragmatic,Unique,No Violation,,,Story + Backlog,,No substantial duplication was identified in the backlog.
BC-046,BADCamp,"As a anonymoususer, I want to see specific details on summits, so that I can learn more about the summit I'm interested in to see if it matches my interests, register for the event, and get day-of knowledge to help me get to the location.",Pragmatic,Uniform,No Violation,,,Story + Backlog,,
BC-046,BADCamp,"As a anonymoususer, I want to see specific details on summits, so that I can learn more about the summit I'm interested in to see if it matches my interests, register for the event, and get day-of knowledge to help me get to the location.",Pragmatic,Independent,No Violation,,,Story + Backlog,,No evident unnecessary dependency was identified.
BC-046,BADCamp,"As a anonymoususer, I want to see specific details on summits, so that I can learn more about the summit I'm interested in to see if it matches my interests, register for the event, and get day-of knowledge to help me get to the location.",Pragmatic,Complete,No Violation,,,Story + Backlog,,No evident complementary omission was identified in the available backlog.
BC-047,BADCamp,"As a anonymoususer, I want to see a list of all the summits, so that I can determine which summit I might be interested and able to attend.",Syntactic,Well-formed,No Violation,,,Story only,,
BC-047,BADCamp,"As a anonymoususer, I want to see a list of all the summits, so that I can determine which summit I might be interested and able to attend.",Syntactic,Atomic,No Violation,,,Story only,,
BC-047,BADCamp,"As a anonymoususer, I want to see a list of all the summits, so that I can determine which summit I might be interested and able to attend.",Syntactic,Minimal,No Violation,,,Story only,,
BC-047,BADCamp,"As a anonymoususer, I want to see a list of all the summits, so that I can determine which summit I might be interested and able to attend.",Semantic,Conceptually sound,No Violation,,,Story only,,
BC-047,BADCamp,"As a anonymoususer, I want to see a list of all the summits, so that I can determine which summit I might be interested and able to attend.",Semantic,Problem-oriented,No Violation,,,Story only,,
BC-047,BADCamp,"As a anonymoususer, I want to see a list of all the summits, so that I can determine which summit I might be interested and able to attend.",Semantic,Unambiguous,No Violation,,,Story only,,
BC-047,BADCamp,"As a anonymoususer, I want to see a list of all the summits, so that I can determine which summit I might be interested and able to attend.",Semantic,Conflict-free,No Violation,,,Story + Backlog,,No explicit conflict was identified in the available backlog.
BC-047,BADCamp,"As a anonymoususer, I want to see a list of all the summits, so that I can determine which summit I might be interested and able to attend.",Pragmatic,Full sentence,No Violation,,,Story only,,
BC-047,BADCamp,"As a anonymoususer, I want to see a list of all the summits, so that I can determine which summit I might be interested and able to attend.",Pragmatic,Estimatable,No Violation,,,Story + Backlog,,The backlog and the story itself provide sufficient scope for a preliminary estimate.
BC-047,BADCamp,"As a anonymoususer, I want to see a list of all the summits, so that I can determine which summit I might be interested and able to attend.",Pragmatic,Unique,Violation,see a list of all the summits,"Another backlog story expresses a substantially equivalent functional requirement, indicating duplication without a relevant difference in goal.",Story + Backlog,BC-065,
BC-047,BADCamp,"As a anonymoususer, I want to see a list of all the summits, so that I can determine which summit I might be interested and able to attend.",Pragmatic,Uniform,No Violation,,,Story + Backlog,,
BC-047,BADCamp,"As a anonymoususer, I want to see a list of all the summits, so that I can determine which summit I might be interested and able to attend.",Pragmatic,Independent,No Violation,,,Story + Backlog,,No evident unnecessary dependency was identified.
BC-047,BADCamp,"As a anonymoususer, I want to see a list of all the summits, so that I can determine which summit I might be interested and able to attend.",Pragmatic,Complete,No Violation,,,Story + Backlog,,No evident complementary omission was identified in the available backlog.
BC-048,BADCamp,"As a anonymoususer, I want to learn about sponsorship levels, so that I can determine the right level of sponsorship for my organization.",Syntactic,Well-formed,No Violation,,,Story only,,
BC-048,BADCamp,"As a anonymoususer, I want to learn about sponsorship levels, so that I can determine the right level of sponsorship for my organization.",Syntactic,Atomic,No Violation,,,Story only,,
BC-048,BADCamp,"As a anonymoususer, I want to learn about sponsorship levels, so that I can determine the right level of sponsorship for my organization.",Syntactic,Minimal,No Violation,,,Story only,,
BC-048,BADCamp,"As a anonymoususer, I want to learn about sponsorship levels, so that I can determine the right level of sponsorship for my organization.",Semantic,Conceptually sound,No Violation,,,Story only,,
BC-048,BADCamp,"As a anonymoususer, I want to learn about sponsorship levels, so that I can determine the right level of sponsorship for my organization.",Semantic,Problem-oriented,No Violation,,,Story only,,
BC-048,BADCamp,"As a anonymoususer, I want to learn about sponsorship levels, so that I can determine the right level of sponsorship for my organization.",Semantic,Unambiguous,Violation,learn about sponsorship levels,"The wording contains vague terms, unclear references, alternatives, or abstractions that allow materially different interpretations.",Story only,,
BC-048,BADCamp,"As a anonymoususer, I want to learn about sponsorship levels, so that I can determine the right level of sponsorship for my organization.",Semantic,Conflict-free,No Violation,,,Story + Backlog,,No explicit conflict was identified in the available backlog.
BC-048,BADCamp,"As a anonymoususer, I want to learn about sponsorship levels, so that I can determine the right level of sponsorship for my organization.",Pragmatic,Full sentence,No Violation,,,Story only,,
BC-048,BADCamp,"As a anonymoususer, I want to learn about sponsorship levels, so that I can determine the right level of sponsorship for my organization.",Pragmatic,Estimatable,No Violation,,,Story + Backlog,,The backlog and the story itself provide sufficient scope for a preliminary estimate.
BC-048,BADCamp,"As a anonymoususer, I want to learn about sponsorship levels, so that I can determine the right level of sponsorship for my organization.",Pragmatic,Unique,No Violation,,,Story + Backlog,,No substantial duplication was identified in the backlog.
BC-048,BADCamp,"As a anonymoususer, I want to learn about sponsorship levels, so that I can determine the right level of sponsorship for my organization.",Pragmatic,Uniform,No Violation,,,Story + Backlog,,
BC-048,BADCamp,"As a anonymoususer, I want to learn about sponsorship levels, so that I can determine the right level of sponsorship for my organization.",Pragmatic,Independent,No Violation,,,Story + Backlog,,No evident unnecessary dependency was identified.
BC-048,BADCamp,"As a anonymoususer, I want to learn about sponsorship levels, so that I can determine the right level of sponsorship for my organization.",Pragmatic,Complete,No Violation,,,Story + Backlog,,No evident complementary omission was identified in the available backlog.
BC-049,BADCamp,"As a authenticateduser, I want to use a WYSIWYG editor for all long-form content, so that I don't have to know HTML to update my content.",Syntactic,Well-formed,No Violation,,,Story only,,
BC-049,BADCamp,"As a authenticateduser, I want to use a WYSIWYG editor for all long-form content, so that I don't have to know HTML to update my content.",Syntactic,Atomic,No Violation,,,Story only,,
BC-049,BADCamp,"As a authenticateduser, I want to use a WYSIWYG editor for all long-form content, so that I don't have to know HTML to update my content.",Syntactic,Minimal,Violation,use a WYSIWYG editor for all long-form content,"The story embeds additional implementation, interface, field, constraint, or workflow detail beyond the minimal role–means–optional end structure.",Story only,,Revisar durante a calibração do critério Minimal.
BC-049,BADCamp,"As a authenticateduser, I want to use a WYSIWYG editor for all long-form content, so that I don't have to know HTML to update my content.",Semantic,Conceptually sound,No Violation,,,Story only,,
BC-049,BADCamp,"As a authenticateduser, I want to use a WYSIWYG editor for all long-form content, so that I don't have to know HTML to update my content.",Semantic,Problem-oriented,Violation,use a WYSIWYG editor for all long-form content,"The story prescribes a mechanism, technology, format, interface element, or concrete solution instead of remaining at the level of the stakeholder need.",Story only,,
BC-049,BADCamp,"As a authenticateduser, I want to use a WYSIWYG editor for all long-form content, so that I don't have to know HTML to update my content.",Semantic,Unambiguous,No Violation,,,Story only,,
BC-049,BADCamp,"As a authenticateduser, I want to use a WYSIWYG editor for all long-form content, so that I don't have to know HTML to update my content.",Semantic,Conflict-free,No Violation,,,Story + Backlog,,No explicit conflict was identified in the available backlog.
BC-049,BADCamp,"As a authenticateduser, I want to use a WYSIWYG editor for all long-form content, so that I don't have to know HTML to update my content.",Pragmatic,Full sentence,No Violation,,,Story only,,
BC-049,BADCamp,"As a authenticateduser, I want to use a WYSIWYG editor for all long-form content, so that I don't have to know HTML to update my content.",Pragmatic,Estimatable,No Violation,,,Story + Backlog,,
BC-049,BADCamp,"As a authenticateduser, I want to use a WYSIWYG editor for all long-form content, so that I don't have to know HTML to update my content.",Pragmatic,Unique,No Violation,,,Story + Backlog,,No substantial duplication was identified in the backlog.
BC-049,BADCamp,"As a authenticateduser, I want to use a WYSIWYG editor for all long-form content, so that I don't have to know HTML to update my content.",Pragmatic,Uniform,No Violation,,,Story + Backlog,,
BC-049,BADCamp,"As a authenticateduser, I want to use a WYSIWYG editor for all long-form content, so that I don't have to know HTML to update my content.",Pragmatic,Independent,No Violation,,,Story + Backlog,,No evident unnecessary dependency was identified.
BC-049,BADCamp,"As a authenticateduser, I want to use a WYSIWYG editor for all long-form content, so that I don't have to know HTML to update my content.",Pragmatic,Complete,No Violation,,,Story + Backlog,,No evident complementary omission was identified in the available backlog.
BC-050,BADCamp,"As a sponsor, I want to Link to my sponsorship profile from my job listings, so that recruits can learn more about my organization.",Syntactic,Well-formed,No Violation,,,Story only,,
BC-050,BADCamp,"As a sponsor, I want to Link to my sponsorship profile from my job listings, so that recruits can learn more about my organization.",Syntactic,Atomic,No Violation,,,Story only,,
BC-050,BADCamp,"As a sponsor, I want to Link to my sponsorship profile from my job listings, so that recruits can learn more about my organization.",Syntactic,Minimal,No Violation,,,Story only,,
BC-050,BADCamp,"As a sponsor, I want to Link to my sponsorship profile from my job listings, so that recruits can learn more about my organization.",Semantic,Conceptually sound,No Violation,,,Story only,,
BC-050,BADCamp,"As a sponsor, I want to Link to my sponsorship profile from my job listings, so that recruits can learn more about my organization.",Semantic,Problem-oriented,Violation,Link to my sponsorship profile from my job listings,"The story prescribes a mechanism, technology, format, interface element, or concrete solution instead of remaining at the level of the stakeholder need.",Story only,,
BC-050,BADCamp,"As a sponsor, I want to Link to my sponsorship profile from my job listings, so that recruits can learn more about my organization.",Semantic,Unambiguous,No Violation,,,Story only,,
BC-050,BADCamp,"As a sponsor, I want to Link to my sponsorship profile from my job listings, so that recruits can learn more about my organization.",Semantic,Conflict-free,No Violation,,,Story + Backlog,,No explicit conflict was identified in the available backlog.
BC-050,BADCamp,"As a sponsor, I want to Link to my sponsorship profile from my job listings, so that recruits can learn more about my organization.",Pragmatic,Full sentence,No Violation,,,Story only,,
BC-050,BADCamp,"As a sponsor, I want to Link to my sponsorship profile from my job listings, so that recruits can learn more about my organization.",Pragmatic,Estimatable,No Violation,,,Story + Backlog,,
BC-050,BADCamp,"As a sponsor, I want to Link to my sponsorship profile from my job listings, so that recruits can learn more about my organization.",Pragmatic,Unique,No Violation,,,Story + Backlog,,No substantial duplication was identified in the backlog.
BC-050,BADCamp,"As a sponsor, I want to Link to my sponsorship profile from my job listings, so that recruits can learn more about my organization.",Pragmatic,Uniform,No Violation,,,Story + Backlog,,
BC-050,BADCamp,"As a sponsor, I want to Link to my sponsorship profile from my job listings, so that recruits can learn more about my organization.",Pragmatic,Independent,No Violation,,,Story + Backlog,,No evident unnecessary dependency was identified.
BC-050,BADCamp,"As a sponsor, I want to Link to my sponsorship profile from my job listings, so that recruits can learn more about my organization.",Pragmatic,Complete,No Violation,,,Story + Backlog,,No evident complementary omission was identified in the available backlog.
BC-051,BADCamp,"As a anonymoususer, I want to learn about posting jobs as a sponsor and contact the sponsorship person, so that I have the opportunty to post my job listing on the BADCamp site.",Syntactic,Well-formed,No Violation,,,Story only,,
BC-051,BADCamp,"As a anonymoususer, I want to learn about posting jobs as a sponsor and contact the sponsorship person, so that I have the opportunty to post my job listing on the BADCamp site.",Syntactic,Atomic,Violation,learn about posting jobs as a sponsor and contact the sponsorship person,The story combines more than one capability or action that can be treated as an independent feature.,Story only,,
BC-051,BADCamp,"As a anonymoususer, I want to learn about posting jobs as a sponsor and contact the sponsorship person, so that I have the opportunty to post my job listing on the BADCamp site.",Syntactic,Minimal,No Violation,,,Story only,,
BC-051,BADCamp,"As a anonymoususer, I want to learn about posting jobs as a sponsor and contact the sponsorship person, so that I have the opportunty to post my job listing on the BADCamp site.",Semantic,Conceptually sound,No Violation,,,Story only,,
BC-051,BADCamp,"As a anonymoususer, I want to learn about posting jobs as a sponsor and contact the sponsorship person, so that I have the opportunty to post my job listing on the BADCamp site.",Semantic,Problem-oriented,No Violation,,,Story only,,
BC-051,BADCamp,"As a anonymoususer, I want to learn about posting jobs as a sponsor and contact the sponsorship person, so that I have the opportunty to post my job listing on the BADCamp site.",Semantic,Unambiguous,Violation,learn about posting jobs as a sponsor and contact the sponsorship person,"The wording contains vague terms, unclear references, alternatives, or abstractions that allow materially different interpretations.",Story only,,
BC-051,BADCamp,"As a anonymoususer, I want to learn about posting jobs as a sponsor and contact the sponsorship person, so that I have the opportunty to post my job listing on the BADCamp site.",Semantic,Conflict-free,No Violation,,,Story + Backlog,,No explicit conflict was identified in the available backlog.
BC-051,BADCamp,"As a anonymoususer, I want to learn about posting jobs as a sponsor and contact the sponsorship person, so that I have the opportunty to post my job listing on the BADCamp site.",Pragmatic,Full sentence,No Violation,,,Story only,,
BC-051,BADCamp,"As a anonymoususer, I want to learn about posting jobs as a sponsor and contact the sponsorship person, so that I have the opportunty to post my job listing on the BADCamp site.",Pragmatic,Estimatable,Violation,learn about posting jobs as a sponsor and contact the sponsorship person,"The ambiguity or vagueness directly affects the expected scope or behavior, making a reasonable estimate difficult.",Story + Backlog,,
BC-051,BADCamp,"As a anonymoususer, I want to learn about posting jobs as a sponsor and contact the sponsorship person, so that I have the opportunty to post my job listing on the BADCamp site.",Pragmatic,Unique,No Violation,,,Story + Backlog,,No substantial duplication was identified in the backlog.
BC-051,BADCamp,"As a anonymoususer, I want to learn about posting jobs as a sponsor and contact the sponsorship person, so that I have the opportunty to post my job listing on the BADCamp site.",Pragmatic,Uniform,No Violation,,,Story + Backlog,,
BC-051,BADCamp,"As a anonymoususer, I want to learn about posting jobs as a sponsor and contact the sponsorship person, so that I have the opportunty to post my job listing on the BADCamp site.",Pragmatic,Independent,No Violation,,,Story + Backlog,,No evident unnecessary dependency was identified.
BC-051,BADCamp,"As a anonymoususer, I want to learn about posting jobs as a sponsor and contact the sponsorship person, so that I have the opportunty to post my job listing on the BADCamp site.",Pragmatic,Complete,No Violation,,,Story + Backlog,,No evident complementary omission was identified in the available backlog.
BC-052,BADCamp,"As a sponsor, I want to post a job, so that I can hire top-tier Drupal talent.",Syntactic,Well-formed,No Violation,,,Story only,,
BC-052,BADCamp,"As a sponsor, I want to post a job, so that I can hire top-tier Drupal talent.",Syntactic,Atomic,No Violation,,,Story only,,
BC-052,BADCamp,"As a sponsor, I want to post a job, so that I can hire top-tier Drupal talent.",Syntactic,Minimal,No Violation,,,Story only,,
BC-052,BADCamp,"As a sponsor, I want to post a job, so that I can hire top-tier Drupal talent.",Semantic,Conceptually sound,No Violation,,,Story only,,
BC-052,BADCamp,"As a sponsor, I want to post a job, so that I can hire top-tier Drupal talent.",Semantic,Problem-oriented,No Violation,,,Story only,,
BC-052,BADCamp,"As a sponsor, I want to post a job, so that I can hire top-tier Drupal talent.",Semantic,Unambiguous,No Violation,,,Story only,,
BC-052,BADCamp,"As a sponsor, I want to post a job, so that I can hire top-tier Drupal talent.",Semantic,Conflict-free,No Violation,,,Story + Backlog,,No explicit conflict was identified in the available backlog.
BC-052,BADCamp,"As a sponsor, I want to post a job, so that I can hire top-tier Drupal talent.",Pragmatic,Full sentence,No Violation,,,Story only,,
BC-052,BADCamp,"As a sponsor, I want to post a job, so that I can hire top-tier Drupal talent.",Pragmatic,Estimatable,No Violation,,,Story + Backlog,,
BC-052,BADCamp,"As a sponsor, I want to post a job, so that I can hire top-tier Drupal talent.",Pragmatic,Unique,No Violation,,,Story + Backlog,,No substantial duplication was identified in the backlog.
BC-052,BADCamp,"As a sponsor, I want to post a job, so that I can hire top-tier Drupal talent.",Pragmatic,Uniform,No Violation,,,Story + Backlog,,
BC-052,BADCamp,"As a sponsor, I want to post a job, so that I can hire top-tier Drupal talent.",Pragmatic,Independent,No Violation,,,Story + Backlog,,No evident unnecessary dependency was identified.
BC-052,BADCamp,"As a sponsor, I want to post a job, so that I can hire top-tier Drupal talent.",Pragmatic,Complete,No Violation,,,Story + Backlog,,No evident complementary omission was identified in the available backlog.
BC-053,BADCamp,"As a authenticateduser, I want to view the job board, so that I can look for an interesting Drupal gig!.",Syntactic,Well-formed,No Violation,,,Story only,,
BC-053,BADCamp,"As a authenticateduser, I want to view the job board, so that I can look for an interesting Drupal gig!.",Syntactic,Atomic,No Violation,,,Story only,,
BC-053,BADCamp,"As a authenticateduser, I want to view the job board, so that I can look for an interesting Drupal gig!.",Syntactic,Minimal,No Violation,,,Story only,,
BC-053,BADCamp,"As a authenticateduser, I want to view the job board, so that I can look for an interesting Drupal gig!.",Semantic,Conceptually sound,No Violation,,,Story only,,
BC-053,BADCamp,"As a authenticateduser, I want to view the job board, so that I can look for an interesting Drupal gig!.",Semantic,Problem-oriented,No Violation,,,Story only,,
BC-053,BADCamp,"As a authenticateduser, I want to view the job board, so that I can look for an interesting Drupal gig!.",Semantic,Unambiguous,Violation,view the job board,"The wording contains vague terms, unclear references, alternatives, or abstractions that allow materially different interpretations.",Story only,,
BC-053,BADCamp,"As a authenticateduser, I want to view the job board, so that I can look for an interesting Drupal gig!.",Semantic,Conflict-free,No Violation,,,Story + Backlog,,No explicit conflict was identified in the available backlog.
BC-053,BADCamp,"As a authenticateduser, I want to view the job board, so that I can look for an interesting Drupal gig!.",Pragmatic,Full sentence,No Violation,,,Story only,,
BC-053,BADCamp,"As a authenticateduser, I want to view the job board, so that I can look for an interesting Drupal gig!.",Pragmatic,Estimatable,No Violation,,,Story + Backlog,,The backlog and the story itself provide sufficient scope for a preliminary estimate.
BC-053,BADCamp,"As a authenticateduser, I want to view the job board, so that I can look for an interesting Drupal gig!.",Pragmatic,Unique,No Violation,,,Story + Backlog,,No substantial duplication was identified in the backlog.
BC-053,BADCamp,"As a authenticateduser, I want to view the job board, so that I can look for an interesting Drupal gig!.",Pragmatic,Uniform,No Violation,,,Story + Backlog,,
BC-053,BADCamp,"As a authenticateduser, I want to view the job board, so that I can look for an interesting Drupal gig!.",Pragmatic,Independent,No Violation,,,Story + Backlog,,No evident unnecessary dependency was identified.
BC-053,BADCamp,"As a authenticateduser, I want to view the job board, so that I can look for an interesting Drupal gig!.",Pragmatic,Complete,No Violation,,,Story + Backlog,,No evident complementary omission was identified in the available backlog.
BC-054,BADCamp,"As a administrator, I want to assign a room to a time slot and a location, so that I can populate the schedule .",Syntactic,Well-formed,No Violation,,,Story only,,
BC-054,BADCamp,"As a administrator, I want to assign a room to a time slot and a location, so that I can populate the schedule .",Syntactic,Atomic,No Violation,,,Story only,,
BC-054,BADCamp,"As a administrator, I want to assign a room to a time slot and a location, so that I can populate the schedule .",Syntactic,Minimal,No Violation,,,Story only,,Revisar durante a calibração do critério Minimal.
BC-054,BADCamp,"As a administrator, I want to assign a room to a time slot and a location, so that I can populate the schedule .",Semantic,Conceptually sound,No Violation,,,Story only,,
BC-054,BADCamp,"As a administrator, I want to assign a room to a time slot and a location, so that I can populate the schedule .",Semantic,Problem-oriented,Violation,assign a room to a time slot and a location,"The story prescribes a mechanism, technology, format, interface element, or concrete solution instead of remaining at the level of the stakeholder need.",Story only,,
BC-054,BADCamp,"As a administrator, I want to assign a room to a time slot and a location, so that I can populate the schedule .",Semantic,Unambiguous,No Violation,,,Story only,,
BC-054,BADCamp,"As a administrator, I want to assign a room to a time slot and a location, so that I can populate the schedule .",Semantic,Conflict-free,No Violation,,,Story + Backlog,,No explicit conflict was identified in the available backlog.
BC-054,BADCamp,"As a administrator, I want to assign a room to a time slot and a location, so that I can populate the schedule .",Pragmatic,Full sentence,No Violation,,,Story only,,
BC-054,BADCamp,"As a administrator, I want to assign a room to a time slot and a location, so that I can populate the schedule .",Pragmatic,Estimatable,No Violation,,,Story + Backlog,,The backlog and the story itself provide sufficient scope for a preliminary estimate.
BC-054,BADCamp,"As a administrator, I want to assign a room to a time slot and a location, so that I can populate the schedule .",Pragmatic,Unique,No Violation,,,Story + Backlog,,No substantial duplication was identified in the backlog.
BC-054,BADCamp,"As a administrator, I want to assign a room to a time slot and a location, so that I can populate the schedule .",Pragmatic,Uniform,No Violation,,,Story + Backlog,,
BC-054,BADCamp,"As a administrator, I want to assign a room to a time slot and a location, so that I can populate the schedule .",Pragmatic,Independent,No Violation,,,Story + Backlog,BC-058,
BC-054,BADCamp,"As a administrator, I want to assign a room to a time slot and a location, so that I can populate the schedule .",Pragmatic,Complete,No Violation,,,Story + Backlog,,No evident complementary omission was identified in the available backlog.
BC-055,BADCamp,"As a anonymoususer, I want to see the schedule, so that I can plan my day and figure out where to go!.",Syntactic,Well-formed,No Violation,,,Story only,,
BC-055,BADCamp,"As a anonymoususer, I want to see the schedule, so that I can plan my day and figure out where to go!.",Syntactic,Atomic,No Violation,,,Story only,,
BC-055,BADCamp,"As a anonymoususer, I want to see the schedule, so that I can plan my day and figure out where to go!.",Syntactic,Minimal,No Violation,,,Story only,,
BC-055,BADCamp,"As a anonymoususer, I want to see the schedule, so that I can plan my day and figure out where to go!.",Semantic,Conceptually sound,No Violation,,,Story only,,
BC-055,BADCamp,"As a anonymoususer, I want to see the schedule, so that I can plan my day and figure out where to go!.",Semantic,Problem-oriented,No Violation,,,Story only,,
BC-055,BADCamp,"As a anonymoususer, I want to see the schedule, so that I can plan my day and figure out where to go!.",Semantic,Unambiguous,Violation,see the schedule,"The wording contains vague terms, unclear references, alternatives, or abstractions that allow materially different interpretations.",Story only,,
BC-055,BADCamp,"As a anonymoususer, I want to see the schedule, so that I can plan my day and figure out where to go!.",Semantic,Conflict-free,No Violation,,,Story + Backlog,,No explicit conflict was identified in the available backlog.
BC-055,BADCamp,"As a anonymoususer, I want to see the schedule, so that I can plan my day and figure out where to go!.",Pragmatic,Full sentence,No Violation,,,Story only,,
BC-055,BADCamp,"As a anonymoususer, I want to see the schedule, so that I can plan my day and figure out where to go!.",Pragmatic,Estimatable,No Violation,,,Story + Backlog,,The backlog and the story itself provide sufficient scope for a preliminary estimate.
BC-055,BADCamp,"As a anonymoususer, I want to see the schedule, so that I can plan my day and figure out where to go!.",Pragmatic,Unique,No Violation,,,Story + Backlog,,No substantial duplication was identified in the backlog.
BC-055,BADCamp,"As a anonymoususer, I want to see the schedule, so that I can plan my day and figure out where to go!.",Pragmatic,Uniform,No Violation,,,Story + Backlog,,
BC-055,BADCamp,"As a anonymoususer, I want to see the schedule, so that I can plan my day and figure out where to go!.",Pragmatic,Independent,No Violation,,,Story + Backlog,,No evident unnecessary dependency was identified.
BC-055,BADCamp,"As a anonymoususer, I want to see the schedule, so that I can plan my day and figure out where to go!.",Pragmatic,Complete,No Violation,,,Story + Backlog,,No evident complementary omission was identified in the available backlog.
BC-056,BADCamp,"As a anonymoususer, I want to see the final list of sessions approved, so that I can see what's going on at BADCamp .",Syntactic,Well-formed,No Violation,,,Story only,,
BC-056,BADCamp,"As a anonymoususer, I want to see the final list of sessions approved, so that I can see what's going on at BADCamp .",Syntactic,Atomic,No Violation,,,Story only,,
BC-056,BADCamp,"As a anonymoususer, I want to see the final list of sessions approved, so that I can see what's going on at BADCamp .",Syntactic,Minimal,No Violation,,,Story only,,
BC-056,BADCamp,"As a anonymoususer, I want to see the final list of sessions approved, so that I can see what's going on at BADCamp .",Semantic,Conceptually sound,No Violation,,,Story only,,
BC-056,BADCamp,"As a anonymoususer, I want to see the final list of sessions approved, so that I can see what's going on at BADCamp .",Semantic,Problem-oriented,No Violation,,,Story only,,Requer consenso sobre o nível aceitável de prescrição de solução.
BC-056,BADCamp,"As a anonymoususer, I want to see the final list of sessions approved, so that I can see what's going on at BADCamp .",Semantic,Unambiguous,Violation,see the final list of sessions approved,"The wording contains vague terms, unclear references, alternatives, or abstractions that allow materially different interpretations.",Story only,,
BC-056,BADCamp,"As a anonymoususer, I want to see the final list of sessions approved, so that I can see what's going on at BADCamp .",Semantic,Conflict-free,No Violation,,,Story + Backlog,,No explicit conflict was identified in the available backlog.
BC-056,BADCamp,"As a anonymoususer, I want to see the final list of sessions approved, so that I can see what's going on at BADCamp .",Pragmatic,Full sentence,No Violation,,,Story only,,
BC-056,BADCamp,"As a anonymoususer, I want to see the final list of sessions approved, so that I can see what's going on at BADCamp .",Pragmatic,Estimatable,No Violation,,,Story + Backlog,,The backlog and the story itself provide sufficient scope for a preliminary estimate.
BC-056,BADCamp,"As a anonymoususer, I want to see the final list of sessions approved, so that I can see what's going on at BADCamp .",Pragmatic,Unique,No Violation,,,Story + Backlog,,No substantial duplication was identified in the backlog.
BC-056,BADCamp,"As a anonymoususer, I want to see the final list of sessions approved, so that I can see what's going on at BADCamp .",Pragmatic,Uniform,No Violation,,,Story + Backlog,,
BC-056,BADCamp,"As a anonymoususer, I want to see the final list of sessions approved, so that I can see what's going on at BADCamp .",Pragmatic,Independent,No Violation,,,Story + Backlog,,No evident unnecessary dependency was identified.
BC-056,BADCamp,"As a anonymoususer, I want to see the final list of sessions approved, so that I can see what's going on at BADCamp .",Pragmatic,Complete,No Violation,,,Story + Backlog,,No evident complementary omission was identified in the available backlog.
BC-057,BADCamp,"As a administrator, I want to bulk approve sessions as accepted, so that I can save time.",Syntactic,Well-formed,No Violation,,,Story only,,
BC-057,BADCamp,"As a administrator, I want to bulk approve sessions as accepted, so that I can save time.",Syntactic,Atomic,No Violation,,,Story only,,
BC-057,BADCamp,"As a administrator, I want to bulk approve sessions as accepted, so that I can save time.",Syntactic,Minimal,No Violation,,,Story only,,Revisar durante a calibração do critério Minimal.
BC-057,BADCamp,"As a administrator, I want to bulk approve sessions as accepted, so that I can save time.",Semantic,Conceptually sound,No Violation,,,Story only,,
BC-057,BADCamp,"As a administrator, I want to bulk approve sessions as accepted, so that I can save time.",Semantic,Problem-oriented,Violation,bulk approve sessions as accepted,"The story prescribes a mechanism, technology, format, interface element, or concrete solution instead of remaining at the level of the stakeholder need.",Story only,,
BC-057,BADCamp,"As a administrator, I want to bulk approve sessions as accepted, so that I can save time.",Semantic,Unambiguous,No Violation,,,Story only,,
BC-057,BADCamp,"As a administrator, I want to bulk approve sessions as accepted, so that I can save time.",Semantic,Conflict-free,No Violation,,,Story + Backlog,,No explicit conflict was identified in the available backlog.
BC-057,BADCamp,"As a administrator, I want to bulk approve sessions as accepted, so that I can save time.",Pragmatic,Full sentence,No Violation,,,Story only,,
BC-057,BADCamp,"As a administrator, I want to bulk approve sessions as accepted, so that I can save time.",Pragmatic,Estimatable,No Violation,,,Story + Backlog,,
BC-057,BADCamp,"As a administrator, I want to bulk approve sessions as accepted, so that I can save time.",Pragmatic,Unique,No Violation,,,Story + Backlog,,No substantial duplication was identified in the backlog.
BC-057,BADCamp,"As a administrator, I want to bulk approve sessions as accepted, so that I can save time.",Pragmatic,Uniform,No Violation,,,Story + Backlog,,
BC-057,BADCamp,"As a administrator, I want to bulk approve sessions as accepted, so that I can save time.",Pragmatic,Independent,No Violation,,,Story + Backlog,,No evident unnecessary dependency was identified.
BC-057,BADCamp,"As a administrator, I want to bulk approve sessions as accepted, so that I can save time.",Pragmatic,Complete,No Violation,,,Story + Backlog,,No evident complementary omission was identified in the available backlog.
BC-058,BADCamp,"As a administrator, I want to mark a session as accepted, so that I can populate the schedule .",Syntactic,Well-formed,No Violation,,,Story only,,
BC-058,BADCamp,"As a administrator, I want to mark a session as accepted, so that I can populate the schedule .",Syntactic,Atomic,No Violation,,,Story only,,
BC-058,BADCamp,"As a administrator, I want to mark a session as accepted, so that I can populate the schedule .",Syntactic,Minimal,No Violation,,,Story only,,
BC-058,BADCamp,"As a administrator, I want to mark a session as accepted, so that I can populate the schedule .",Semantic,Conceptually sound,No Violation,,,Story only,,
BC-058,BADCamp,"As a administrator, I want to mark a session as accepted, so that I can populate the schedule .",Semantic,Problem-oriented,No Violation,,,Story only,,Requer consenso sobre o nível aceitável de prescrição de solução.
BC-058,BADCamp,"As a administrator, I want to mark a session as accepted, so that I can populate the schedule .",Semantic,Unambiguous,No Violation,,,Story only,,
BC-058,BADCamp,"As a administrator, I want to mark a session as accepted, so that I can populate the schedule .",Semantic,Conflict-free,No Violation,,,Story + Backlog,,No explicit conflict was identified in the available backlog.
BC-058,BADCamp,"As a administrator, I want to mark a session as accepted, so that I can populate the schedule .",Pragmatic,Full sentence,No Violation,,,Story only,,
BC-058,BADCamp,"As a administrator, I want to mark a session as accepted, so that I can populate the schedule .",Pragmatic,Estimatable,No Violation,,,Story + Backlog,,
BC-058,BADCamp,"As a administrator, I want to mark a session as accepted, so that I can populate the schedule .",Pragmatic,Unique,No Violation,,,Story + Backlog,,No substantial duplication was identified in the backlog.
BC-058,BADCamp,"As a administrator, I want to mark a session as accepted, so that I can populate the schedule .",Pragmatic,Uniform,No Violation,,,Story + Backlog,,
BC-058,BADCamp,"As a administrator, I want to mark a session as accepted, so that I can populate the schedule .",Pragmatic,Independent,No Violation,,,Story + Backlog,BC-054,
BC-058,BADCamp,"As a administrator, I want to mark a session as accepted, so that I can populate the schedule .",Pragmatic,Complete,No Violation,,,Story + Backlog,,No evident complementary omission was identified in the available backlog.
BC-059,BADCamp,"As a anonymoususer, I want to receive a notification when sessions have been evaluated, so that I know whether I've been accepted or rejected.",Syntactic,Well-formed,No Violation,,,Story only,,
BC-059,BADCamp,"As a anonymoususer, I want to receive a notification when sessions have been evaluated, so that I know whether I've been accepted or rejected.",Syntactic,Atomic,No Violation,,,Story only,,
BC-059,BADCamp,"As a anonymoususer, I want to receive a notification when sessions have been evaluated, so that I know whether I've been accepted or rejected.",Syntactic,Minimal,No Violation,,,Story only,,
BC-059,BADCamp,"As a anonymoususer, I want to receive a notification when sessions have been evaluated, so that I know whether I've been accepted or rejected.",Semantic,Conceptually sound,No Violation,,,Story only,,
BC-059,BADCamp,"As a anonymoususer, I want to receive a notification when sessions have been evaluated, so that I know whether I've been accepted or rejected.",Semantic,Problem-oriented,No Violation,,,Story only,,Requer consenso sobre o nível aceitável de prescrição de solução.
BC-059,BADCamp,"As a anonymoususer, I want to receive a notification when sessions have been evaluated, so that I know whether I've been accepted or rejected.",Semantic,Unambiguous,Violation,receive a notification when sessions have been evaluated,"The wording contains vague terms, unclear references, alternatives, or abstractions that allow materially different interpretations.",Story only,,
BC-059,BADCamp,"As a anonymoususer, I want to receive a notification when sessions have been evaluated, so that I know whether I've been accepted or rejected.",Semantic,Conflict-free,No Violation,,,Story + Backlog,,No explicit conflict was identified in the available backlog.
BC-059,BADCamp,"As a anonymoususer, I want to receive a notification when sessions have been evaluated, so that I know whether I've been accepted or rejected.",Pragmatic,Full sentence,No Violation,,,Story only,,
BC-059,BADCamp,"As a anonymoususer, I want to receive a notification when sessions have been evaluated, so that I know whether I've been accepted or rejected.",Pragmatic,Estimatable,Violation,receive a notification when sessions have been evaluated,"The ambiguity or vagueness directly affects the expected scope or behavior, making a reasonable estimate difficult.",Story + Backlog,,
BC-059,BADCamp,"As a anonymoususer, I want to receive a notification when sessions have been evaluated, so that I know whether I've been accepted or rejected.",Pragmatic,Unique,No Violation,,,Story + Backlog,,No substantial duplication was identified in the backlog.
BC-059,BADCamp,"As a anonymoususer, I want to receive a notification when sessions have been evaluated, so that I know whether I've been accepted or rejected.",Pragmatic,Uniform,No Violation,,,Story + Backlog,,
BC-059,BADCamp,"As a anonymoususer, I want to receive a notification when sessions have been evaluated, so that I know whether I've been accepted or rejected.",Pragmatic,Independent,No Violation,,,Story + Backlog,"BC-063, BC-058",
BC-059,BADCamp,"As a anonymoususer, I want to receive a notification when sessions have been evaluated, so that I know whether I've been accepted or rejected.",Pragmatic,Complete,No Violation,,,Story + Backlog,"BC-058, BC-063",A decisão deve ser confirmada com conhecimento do escopo do produto.
BC-060,BADCamp,"As a anonymoususer, I want to receive a notification when I submit a session, so that know that my session went through ok.",Syntactic,Well-formed,No Violation,,,Story only,,
BC-060,BADCamp,"As a anonymoususer, I want to receive a notification when I submit a session, so that know that my session went through ok.",Syntactic,Atomic,No Violation,,,Story only,,
BC-060,BADCamp,"As a anonymoususer, I want to receive a notification when I submit a session, so that know that my session went through ok.",Syntactic,Minimal,No Violation,,,Story only,,
BC-060,BADCamp,"As a anonymoususer, I want to receive a notification when I submit a session, so that know that my session went through ok.",Semantic,Conceptually sound,No Violation,,,Story only,,
BC-060,BADCamp,"As a anonymoususer, I want to receive a notification when I submit a session, so that know that my session went through ok.",Semantic,Problem-oriented,No Violation,,,Story only,,Requer consenso sobre o nível aceitável de prescrição de solução.
BC-060,BADCamp,"As a anonymoususer, I want to receive a notification when I submit a session, so that know that my session went through ok.",Semantic,Unambiguous,Violation,receive a notification when I submit a session,"The wording contains vague terms, unclear references, alternatives, or abstractions that allow materially different interpretations.",Story only,,
BC-060,BADCamp,"As a anonymoususer, I want to receive a notification when I submit a session, so that know that my session went through ok.",Semantic,Conflict-free,No Violation,,,Story + Backlog,,No explicit conflict was identified in the available backlog.
BC-060,BADCamp,"As a anonymoususer, I want to receive a notification when I submit a session, so that know that my session went through ok.",Pragmatic,Full sentence,Violation,"As a anonymoususer, I want to receive a notification when I submit a session, so that know that my session went through ok.",The wording contains an incomplete or broken grammatical construction that prevents the text from forming a complete sentence.,Story only,,
BC-060,BADCamp,"As a anonymoususer, I want to receive a notification when I submit a session, so that know that my session went through ok.",Pragmatic,Estimatable,Violation,receive a notification when I submit a session,"The ambiguity or vagueness directly affects the expected scope or behavior, making a reasonable estimate difficult.",Story + Backlog,,
BC-060,BADCamp,"As a anonymoususer, I want to receive a notification when I submit a session, so that know that my session went through ok.",Pragmatic,Unique,No Violation,,,Story + Backlog,,No substantial duplication was identified in the backlog.
BC-060,BADCamp,"As a anonymoususer, I want to receive a notification when I submit a session, so that know that my session went through ok.",Pragmatic,Uniform,No Violation,,,Story + Backlog,,
BC-060,BADCamp,"As a anonymoususer, I want to receive a notification when I submit a session, so that know that my session went through ok.",Pragmatic,Independent,No Violation,,,Story + Backlog,BC-063,
BC-060,BADCamp,"As a anonymoususer, I want to receive a notification when I submit a session, so that know that my session went through ok.",Pragmatic,Complete,No Violation,,,Story + Backlog,,No evident complementary omission was identified in the available backlog.
BC-061,BADCamp,"As a authenticateduser, I want to edit my session, so that if I make a mistake, I can correct it.",Syntactic,Well-formed,No Violation,,,Story only,,
BC-061,BADCamp,"As a authenticateduser, I want to edit my session, so that if I make a mistake, I can correct it.",Syntactic,Atomic,No Violation,,,Story only,,
BC-061,BADCamp,"As a authenticateduser, I want to edit my session, so that if I make a mistake, I can correct it.",Syntactic,Minimal,No Violation,,,Story only,,
BC-061,BADCamp,"As a authenticateduser, I want to edit my session, so that if I make a mistake, I can correct it.",Semantic,Conceptually sound,No Violation,,,Story only,,
BC-061,BADCamp,"As a authenticateduser, I want to edit my session, so that if I make a mistake, I can correct it.",Semantic,Problem-oriented,No Violation,,,Story only,,Requer consenso sobre o nível aceitável de prescrição de solução.
BC-061,BADCamp,"As a authenticateduser, I want to edit my session, so that if I make a mistake, I can correct it.",Semantic,Unambiguous,No Violation,,,Story only,,
BC-061,BADCamp,"As a authenticateduser, I want to edit my session, so that if I make a mistake, I can correct it.",Semantic,Conflict-free,No Violation,,,Story + Backlog,,No explicit conflict was identified in the available backlog.
BC-061,BADCamp,"As a authenticateduser, I want to edit my session, so that if I make a mistake, I can correct it.",Pragmatic,Full sentence,No Violation,,,Story only,,
BC-061,BADCamp,"As a authenticateduser, I want to edit my session, so that if I make a mistake, I can correct it.",Pragmatic,Estimatable,No Violation,,,Story + Backlog,,
BC-061,BADCamp,"As a authenticateduser, I want to edit my session, so that if I make a mistake, I can correct it.",Pragmatic,Unique,No Violation,,,Story + Backlog,,No substantial duplication was identified in the backlog.
BC-061,BADCamp,"As a authenticateduser, I want to edit my session, so that if I make a mistake, I can correct it.",Pragmatic,Uniform,No Violation,,,Story + Backlog,,
BC-061,BADCamp,"As a authenticateduser, I want to edit my session, so that if I make a mistake, I can correct it.",Pragmatic,Independent,No Violation,,,Story + Backlog,,No evident unnecessary dependency was identified.
BC-061,BADCamp,"As a authenticateduser, I want to edit my session, so that if I make a mistake, I can correct it.",Pragmatic,Complete,No Violation,,,Story + Backlog,,No evident complementary omission was identified in the available backlog.
BC-062,BADCamp,"As a anonymoususer, I want to register to speak at BADCamp, so that I submit a session.",Syntactic,Well-formed,No Violation,,,Story only,,
BC-062,BADCamp,"As a anonymoususer, I want to register to speak at BADCamp, so that I submit a session.",Syntactic,Atomic,No Violation,,,Story only,,
BC-062,BADCamp,"As a anonymoususer, I want to register to speak at BADCamp, so that I submit a session.",Syntactic,Minimal,No Violation,,,Story only,,
BC-062,BADCamp,"As a anonymoususer, I want to register to speak at BADCamp, so that I submit a session.",Semantic,Conceptually sound,No Violation,,,Story only,,
BC-062,BADCamp,"As a anonymoususer, I want to register to speak at BADCamp, so that I submit a session.",Semantic,Problem-oriented,No Violation,,,Story only,,Requer consenso sobre o nível aceitável de prescrição de solução.
BC-062,BADCamp,"As a anonymoususer, I want to register to speak at BADCamp, so that I submit a session.",Semantic,Unambiguous,Violation,register to speak at BADCamp,"The wording contains vague terms, unclear references, alternatives, or abstractions that allow materially different interpretations.",Story only,,
BC-062,BADCamp,"As a anonymoususer, I want to register to speak at BADCamp, so that I submit a session.",Semantic,Conflict-free,No Violation,,,Story + Backlog,,No explicit conflict was identified in the available backlog.
BC-062,BADCamp,"As a anonymoususer, I want to register to speak at BADCamp, so that I submit a session.",Pragmatic,Full sentence,No Violation,,,Story only,,
BC-062,BADCamp,"As a anonymoususer, I want to register to speak at BADCamp, so that I submit a session.",Pragmatic,Estimatable,Violation,register to speak at BADCamp,"The ambiguity or vagueness directly affects the expected scope or behavior, making a reasonable estimate difficult.",Story + Backlog,,
BC-062,BADCamp,"As a anonymoususer, I want to register to speak at BADCamp, so that I submit a session.",Pragmatic,Unique,No Violation,,,Story + Backlog,BC-063,Comparar semanticamente as duas histórias antes do consenso.
BC-062,BADCamp,"As a anonymoususer, I want to register to speak at BADCamp, so that I submit a session.",Pragmatic,Uniform,No Violation,,,Story + Backlog,,
BC-062,BADCamp,"As a anonymoususer, I want to register to speak at BADCamp, so that I submit a session.",Pragmatic,Independent,No Violation,,,Story + Backlog,,No evident unnecessary dependency was identified.
BC-062,BADCamp,"As a anonymoususer, I want to register to speak at BADCamp, so that I submit a session.",Pragmatic,Complete,No Violation,,,Story + Backlog,,No evident complementary omission was identified in the available backlog.
BC-063,BADCamp,"As a authenticateduser, I want to submit a session at BADCAMP, so that I can get my session evaluated.",Syntactic,Well-formed,No Violation,,,Story only,,
BC-063,BADCamp,"As a authenticateduser, I want to submit a session at BADCAMP, so that I can get my session evaluated.",Syntactic,Atomic,No Violation,,,Story only,,
BC-063,BADCamp,"As a authenticateduser, I want to submit a session at BADCAMP, so that I can get my session evaluated.",Syntactic,Minimal,No Violation,,,Story only,,
BC-063,BADCamp,"As a authenticateduser, I want to submit a session at BADCAMP, so that I can get my session evaluated.",Semantic,Conceptually sound,No Violation,,,Story only,,
BC-063,BADCamp,"As a authenticateduser, I want to submit a session at BADCAMP, so that I can get my session evaluated.",Semantic,Problem-oriented,No Violation,,,Story only,,Requer consenso sobre o nível aceitável de prescrição de solução.
BC-063,BADCamp,"As a authenticateduser, I want to submit a session at BADCAMP, so that I can get my session evaluated.",Semantic,Unambiguous,No Violation,,,Story only,,
BC-063,BADCamp,"As a authenticateduser, I want to submit a session at BADCAMP, so that I can get my session evaluated.",Semantic,Conflict-free,No Violation,,,Story + Backlog,,No explicit conflict was identified in the available backlog.
BC-063,BADCamp,"As a authenticateduser, I want to submit a session at BADCAMP, so that I can get my session evaluated.",Pragmatic,Full sentence,No Violation,,,Story only,,
BC-063,BADCamp,"As a authenticateduser, I want to submit a session at BADCAMP, so that I can get my session evaluated.",Pragmatic,Estimatable,No Violation,,,Story + Backlog,,
BC-063,BADCamp,"As a authenticateduser, I want to submit a session at BADCAMP, so that I can get my session evaluated.",Pragmatic,Unique,No Violation,,,Story + Backlog,BC-062,Comparar semanticamente as duas histórias antes do consenso.
BC-063,BADCamp,"As a authenticateduser, I want to submit a session at BADCAMP, so that I can get my session evaluated.",Pragmatic,Uniform,No Violation,,,Story + Backlog,,
BC-063,BADCamp,"As a authenticateduser, I want to submit a session at BADCAMP, so that I can get my session evaluated.",Pragmatic,Independent,No Violation,,,Story + Backlog,,No evident unnecessary dependency was identified.
BC-063,BADCamp,"As a authenticateduser, I want to submit a session at BADCAMP, so that I can get my session evaluated.",Pragmatic,Complete,No Violation,,,Story + Backlog,,No evident complementary omission was identified in the available backlog.
BC-064,BADCamp,"As a sponsor, I want to personalize my sponsorship page, so that I can promote my brand.",Syntactic,Well-formed,No Violation,,,Story only,,
BC-064,BADCamp,"As a sponsor, I want to personalize my sponsorship page, so that I can promote my brand.",Syntactic,Atomic,No Violation,,,Story only,,
BC-064,BADCamp,"As a sponsor, I want to personalize my sponsorship page, so that I can promote my brand.",Syntactic,Minimal,No Violation,,,Story only,,
BC-064,BADCamp,"As a sponsor, I want to personalize my sponsorship page, so that I can promote my brand.",Semantic,Conceptually sound,No Violation,,,Story only,,
BC-064,BADCamp,"As a sponsor, I want to personalize my sponsorship page, so that I can promote my brand.",Semantic,Problem-oriented,No Violation,,,Story only,,
BC-064,BADCamp,"As a sponsor, I want to personalize my sponsorship page, so that I can promote my brand.",Semantic,Unambiguous,Violation,personalize my sponsorship page,"The highlighted wording leaves a key term, scope, reference, or expected behavior open to materially different interpretations.",Story only,,
BC-064,BADCamp,"As a sponsor, I want to personalize my sponsorship page, so that I can promote my brand.",Semantic,Conflict-free,No Violation,,,Story + Backlog,,No explicit conflict was identified in the available backlog.
BC-064,BADCamp,"As a sponsor, I want to personalize my sponsorship page, so that I can promote my brand.",Pragmatic,Full sentence,No Violation,,,Story only,,
BC-064,BADCamp,"As a sponsor, I want to personalize my sponsorship page, so that I can promote my brand.",Pragmatic,Estimatable,Violation,personalize my sponsorship page,"The highlighted wording leaves relevant scope, expected behavior, or constraints insufficiently defined to support a reliable implementation estimate.",Story + Backlog,,
BC-064,BADCamp,"As a sponsor, I want to personalize my sponsorship page, so that I can promote my brand.",Pragmatic,Unique,No Violation,,,Story + Backlog,,No substantial duplication was identified in the backlog.
BC-064,BADCamp,"As a sponsor, I want to personalize my sponsorship page, so that I can promote my brand.",Pragmatic,Uniform,No Violation,,,Story + Backlog,,
BC-064,BADCamp,"As a sponsor, I want to personalize my sponsorship page, so that I can promote my brand.",Pragmatic,Independent,No Violation,,,Story + Backlog,,No evident unnecessary dependency was identified.
BC-064,BADCamp,"As a sponsor, I want to personalize my sponsorship page, so that I can promote my brand.",Pragmatic,Complete,No Violation,,,Story + Backlog,,No evident complementary omission was identified in the available backlog.
BC-065,BADCamp,"As a anonymoususer, I want to see a list of all the summits that include when they are, so that I can determine which summit I want to attend.",Syntactic,Well-formed,No Violation,,,Story only,,
BC-065,BADCamp,"As a anonymoususer, I want to see a list of all the summits that include when they are, so that I can determine which summit I want to attend.",Syntactic,Atomic,No Violation,,,Story only,,
BC-065,BADCamp,"As a anonymoususer, I want to see a list of all the summits that include when they are, so that I can determine which summit I want to attend.",Syntactic,Minimal,No Violation,,,Story only,,
BC-065,BADCamp,"As a anonymoususer, I want to see a list of all the summits that include when they are, so that I can determine which summit I want to attend.",Semantic,Conceptually sound,No Violation,,,Story only,,
BC-065,BADCamp,"As a anonymoususer, I want to see a list of all the summits that include when they are, so that I can determine which summit I want to attend.",Semantic,Problem-oriented,No Violation,,,Story only,,
BC-065,BADCamp,"As a anonymoususer, I want to see a list of all the summits that include when they are, so that I can determine which summit I want to attend.",Semantic,Unambiguous,Violation,see a list of all the summits that include when they are,"The wording contains vague terms, unclear references, alternatives, or abstractions that allow materially different interpretations.",Story only,,
BC-065,BADCamp,"As a anonymoususer, I want to see a list of all the summits that include when they are, so that I can determine which summit I want to attend.",Semantic,Conflict-free,No Violation,,,Story + Backlog,,No explicit conflict was identified in the available backlog.
BC-065,BADCamp,"As a anonymoususer, I want to see a list of all the summits that include when they are, so that I can determine which summit I want to attend.",Pragmatic,Full sentence,No Violation,,,Story only,,
BC-065,BADCamp,"As a anonymoususer, I want to see a list of all the summits that include when they are, so that I can determine which summit I want to attend.",Pragmatic,Estimatable,Violation,see a list of all the summits that include when they are,"The ambiguity or vagueness directly affects the expected scope or behavior, making a reasonable estimate difficult.",Story + Backlog,,
BC-065,BADCamp,"As a anonymoususer, I want to see a list of all the summits that include when they are, so that I can determine which summit I want to attend.",Pragmatic,Unique,Violation,see a list of all the summits that include when they are,"Another backlog story expresses a substantially equivalent functional requirement, indicating duplication without a relevant difference in goal.",Story + Backlog,BC-047,
BC-065,BADCamp,"As a anonymoususer, I want to see a list of all the summits that include when they are, so that I can determine which summit I want to attend.",Pragmatic,Uniform,No Violation,,,Story + Backlog,,
BC-065,BADCamp,"As a anonymoususer, I want to see a list of all the summits that include when they are, so that I can determine which summit I want to attend.",Pragmatic,Independent,No Violation,,,Story + Backlog,,No evident unnecessary dependency was identified.
BC-065,BADCamp,"As a anonymoususer, I want to see a list of all the summits that include when they are, so that I can determine which summit I want to attend.",Pragmatic,Complete,No Violation,,,Story + Backlog,,No evident complementary omission was identified in the available backlog.
BC-066,BADCamp,"As a authenticateduser, I want to Be offered several choices of idividual sponsorship on the second page of registration, so that I can be awesome and financially support the camp.",Syntactic,Well-formed,No Violation,,,Story only,,
BC-066,BADCamp,"As a authenticateduser, I want to Be offered several choices of idividual sponsorship on the second page of registration, so that I can be awesome and financially support the camp.",Syntactic,Atomic,No Violation,,,Story only,,
BC-066,BADCamp,"As a authenticateduser, I want to Be offered several choices of idividual sponsorship on the second page of registration, so that I can be awesome and financially support the camp.",Syntactic,Minimal,Violation,Be offered several choices of idividual sponsorship on the second page of registration,"The story incorporates solution, interface, technology, format, field, or constraint details that exceed the minimal description of the stakeholder need.",Story only,,
BC-066,BADCamp,"As a authenticateduser, I want to Be offered several choices of idividual sponsorship on the second page of registration, so that I can be awesome and financially support the camp.",Semantic,Conceptually sound,No Violation,,,Story only,,
BC-066,BADCamp,"As a authenticateduser, I want to Be offered several choices of idividual sponsorship on the second page of registration, so that I can be awesome and financially support the camp.",Semantic,Problem-oriented,Violation,Be offered several choices of idividual sponsorship on the second page of registration,"The story prescribes a mechanism, technology, format, interface element, or concrete solution instead of remaining at the level of the stakeholder need.",Story only,,
BC-066,BADCamp,"As a authenticateduser, I want to Be offered several choices of idividual sponsorship on the second page of registration, so that I can be awesome and financially support the camp.",Semantic,Unambiguous,Violation,Be offered several choices of idividual sponsorship on the second page of registration,"The wording contains vague terms, unclear references, alternatives, or abstractions that allow materially different interpretations.",Story only,,
BC-066,BADCamp,"As a authenticateduser, I want to Be offered several choices of idividual sponsorship on the second page of registration, so that I can be awesome and financially support the camp.",Semantic,Conflict-free,No Violation,,,Story + Backlog,,No explicit conflict was identified in the available backlog.
BC-066,BADCamp,"As a authenticateduser, I want to Be offered several choices of idividual sponsorship on the second page of registration, so that I can be awesome and financially support the camp.",Pragmatic,Full sentence,No Violation,,,Story only,,
BC-066,BADCamp,"As a authenticateduser, I want to Be offered several choices of idividual sponsorship on the second page of registration, so that I can be awesome and financially support the camp.",Pragmatic,Estimatable,Violation,Be offered several choices of idividual sponsorship on the second page of registration,"The ambiguity or vagueness directly affects the expected scope or behavior, making a reasonable estimate difficult.",Story + Backlog,,
BC-066,BADCamp,"As a authenticateduser, I want to Be offered several choices of idividual sponsorship on the second page of registration, so that I can be awesome and financially support the camp.",Pragmatic,Unique,No Violation,,,Story + Backlog,,No substantial duplication was identified in the backlog.
BC-066,BADCamp,"As a authenticateduser, I want to Be offered several choices of idividual sponsorship on the second page of registration, so that I can be awesome and financially support the camp.",Pragmatic,Uniform,No Violation,,,Story + Backlog,,
BC-066,BADCamp,"As a authenticateduser, I want to Be offered several choices of idividual sponsorship on the second page of registration, so that I can be awesome and financially support the camp.",Pragmatic,Independent,Violation,Be offered several choices of idividual sponsorship on the second page of registration,"The story explicitly depends on another backlog step or capability, making it difficult to plan as an independent unit.",Story + Backlog,"BC-068, BC-027",
BC-066,BADCamp,"As a authenticateduser, I want to Be offered several choices of idividual sponsorship on the second page of registration, so that I can be awesome and financially support the camp.",Pragmatic,Complete,No Violation,,,Story + Backlog,,No evident complementary omission was identified in the available backlog.
BC-067,BADCamp,"As a anonymoususer, I want to easily find a link in the menu that links to the registration form, so that I can easily register for the camp.",Syntactic,Well-formed,No Violation,,,Story only,,
BC-067,BADCamp,"As a anonymoususer, I want to easily find a link in the menu that links to the registration form, so that I can easily register for the camp.",Syntactic,Atomic,No Violation,,,Story only,,
BC-067,BADCamp,"As a anonymoususer, I want to easily find a link in the menu that links to the registration form, so that I can easily register for the camp.",Syntactic,Minimal,Violation,easily find a link in the menu that links to the registration form,"The story embeds additional implementation, interface, field, constraint, or workflow detail beyond the minimal role–means–optional end structure.",Story only,,Revisar durante a calibração do critério Minimal.
BC-067,BADCamp,"As a anonymoususer, I want to easily find a link in the menu that links to the registration form, so that I can easily register for the camp.",Semantic,Conceptually sound,No Violation,,,Story only,,
BC-067,BADCamp,"As a anonymoususer, I want to easily find a link in the menu that links to the registration form, so that I can easily register for the camp.",Semantic,Problem-oriented,Violation,easily find a link in the menu that links to the registration form,"The story prescribes a mechanism, technology, format, interface element, or concrete solution instead of remaining at the level of the stakeholder need.",Story only,,
BC-067,BADCamp,"As a anonymoususer, I want to easily find a link in the menu that links to the registration form, so that I can easily register for the camp.",Semantic,Unambiguous,Violation,easily find a link in the menu that links to the registration form,"The wording contains vague terms, unclear references, alternatives, or abstractions that allow materially different interpretations.",Story only,,
BC-067,BADCamp,"As a anonymoususer, I want to easily find a link in the menu that links to the registration form, so that I can easily register for the camp.",Semantic,Conflict-free,No Violation,,,Story + Backlog,,No explicit conflict was identified in the available backlog.
BC-067,BADCamp,"As a anonymoususer, I want to easily find a link in the menu that links to the registration form, so that I can easily register for the camp.",Pragmatic,Full sentence,No Violation,,,Story only,,
BC-067,BADCamp,"As a anonymoususer, I want to easily find a link in the menu that links to the registration form, so that I can easily register for the camp.",Pragmatic,Estimatable,Violation,easily find a link in the menu that links to the registration form,"The ambiguity or vagueness directly affects the expected scope or behavior, making a reasonable estimate difficult.",Story + Backlog,,
BC-067,BADCamp,"As a anonymoususer, I want to easily find a link in the menu that links to the registration form, so that I can easily register for the camp.",Pragmatic,Unique,No Violation,,,Story + Backlog,,No substantial duplication was identified in the backlog.
BC-067,BADCamp,"As a anonymoususer, I want to easily find a link in the menu that links to the registration form, so that I can easily register for the camp.",Pragmatic,Uniform,No Violation,,,Story + Backlog,,
BC-067,BADCamp,"As a anonymoususer, I want to easily find a link in the menu that links to the registration form, so that I can easily register for the camp.",Pragmatic,Independent,No Violation,,,Story + Backlog,,No evident unnecessary dependency was identified.
BC-067,BADCamp,"As a anonymoususer, I want to easily find a link in the menu that links to the registration form, so that I can easily register for the camp.",Pragmatic,Complete,No Violation,,,Story + Backlog,,No evident complementary omission was identified in the available backlog.
BC-068,BADCamp,"As a anonymoususer, I want to fill out a user registration form, so that I can register for the camp and get an account on the website.",Syntactic,Well-formed,No Violation,,,Story only,,
BC-068,BADCamp,"As a anonymoususer, I want to fill out a user registration form, so that I can register for the camp and get an account on the website.",Syntactic,Atomic,No Violation,,,Story only,,
BC-068,BADCamp,"As a anonymoususer, I want to fill out a user registration form, so that I can register for the camp and get an account on the website.",Syntactic,Minimal,Violation,fill out a user registration form,"The story embeds additional implementation, interface, field, constraint, or workflow detail beyond the minimal role–means–optional end structure.",Story only,,Revisar durante a calibração do critério Minimal.
BC-068,BADCamp,"As a anonymoususer, I want to fill out a user registration form, so that I can register for the camp and get an account on the website.",Semantic,Conceptually sound,No Violation,,,Story only,,
BC-068,BADCamp,"As a anonymoususer, I want to fill out a user registration form, so that I can register for the camp and get an account on the website.",Semantic,Problem-oriented,Violation,fill out a user registration form,"The story prescribes a mechanism, technology, format, interface element, or concrete solution instead of remaining at the level of the stakeholder need.",Story only,,
BC-068,BADCamp,"As a anonymoususer, I want to fill out a user registration form, so that I can register for the camp and get an account on the website.",Semantic,Unambiguous,No Violation,,,Story only,,
BC-068,BADCamp,"As a anonymoususer, I want to fill out a user registration form, so that I can register for the camp and get an account on the website.",Semantic,Conflict-free,No Violation,,,Story + Backlog,,No explicit conflict was identified in the available backlog.
BC-068,BADCamp,"As a anonymoususer, I want to fill out a user registration form, so that I can register for the camp and get an account on the website.",Pragmatic,Full sentence,No Violation,,,Story only,,
BC-068,BADCamp,"As a anonymoususer, I want to fill out a user registration form, so that I can register for the camp and get an account on the website.",Pragmatic,Estimatable,No Violation,,,Story + Backlog,,
BC-068,BADCamp,"As a anonymoususer, I want to fill out a user registration form, so that I can register for the camp and get an account on the website.",Pragmatic,Unique,No Violation,,,Story + Backlog,,No substantial duplication was identified in the backlog.
BC-068,BADCamp,"As a anonymoususer, I want to fill out a user registration form, so that I can register for the camp and get an account on the website.",Pragmatic,Uniform,No Violation,,,Story + Backlog,,
BC-068,BADCamp,"As a anonymoususer, I want to fill out a user registration form, so that I can register for the camp and get an account on the website.",Pragmatic,Independent,No Violation,,,Story + Backlog,,No evident unnecessary dependency was identified.
BC-068,BADCamp,"As a anonymoususer, I want to fill out a user registration form, so that I can register for the camp and get an account on the website.",Pragmatic,Complete,No Violation,,,Story + Backlog,,No evident complementary omission was identified in the available backlog.
BC-069,BADCamp,"As a anonymoususer, I want to find session information, so that I can go to a session.",Syntactic,Well-formed,No Violation,,,Story only,,
BC-069,BADCamp,"As a anonymoususer, I want to find session information, so that I can go to a session.",Syntactic,Atomic,No Violation,,,Story only,,
BC-069,BADCamp,"As a anonymoususer, I want to find session information, so that I can go to a session.",Syntactic,Minimal,No Violation,,,Story only,,
BC-069,BADCamp,"As a anonymoususer, I want to find session information, so that I can go to a session.",Semantic,Conceptually sound,No Violation,,,Story only,,
BC-069,BADCamp,"As a anonymoususer, I want to find session information, so that I can go to a session.",Semantic,Problem-oriented,No Violation,,,Story only,,
BC-069,BADCamp,"As a anonymoususer, I want to find session information, so that I can go to a session.",Semantic,Unambiguous,Violation,find session information,"The wording contains vague terms, unclear references, alternatives, or abstractions that allow materially different interpretations.",Story only,,
BC-069,BADCamp,"As a anonymoususer, I want to find session information, so that I can go to a session.",Semantic,Conflict-free,No Violation,,,Story + Backlog,,No explicit conflict was identified in the available backlog.
BC-069,BADCamp,"As a anonymoususer, I want to find session information, so that I can go to a session.",Pragmatic,Full sentence,No Violation,,,Story only,,
BC-069,BADCamp,"As a anonymoususer, I want to find session information, so that I can go to a session.",Pragmatic,Estimatable,No Violation,,,Story + Backlog,,The backlog and the story itself provide sufficient scope for a preliminary estimate.
BC-069,BADCamp,"As a anonymoususer, I want to find session information, so that I can go to a session.",Pragmatic,Unique,No Violation,,,Story + Backlog,,No substantial duplication was identified in the backlog.
BC-069,BADCamp,"As a anonymoususer, I want to find session information, so that I can go to a session.",Pragmatic,Uniform,No Violation,,,Story + Backlog,,
BC-069,BADCamp,"As a anonymoususer, I want to find session information, so that I can go to a session.",Pragmatic,Independent,No Violation,,,Story + Backlog,,No evident unnecessary dependency was identified.
BC-069,BADCamp,"As a anonymoususer, I want to find session information, so that I can go to a session.",Pragmatic,Complete,No Violation,,,Story + Backlog,,No evident complementary omission was identified in the available backlog.
ZO-001,Zooniverse,"As a user, I want to search and discover music using content identification or fingerprinting.",Syntactic,Well-formed,No Violation,,,Story only,,
ZO-001,Zooniverse,"As a user, I want to search and discover music using content identification or fingerprinting.",Syntactic,Atomic,No Violation,,,Story only,,Requer alinhamento da regra de fronteira para Atomic.
ZO-001,Zooniverse,"As a user, I want to search and discover music using content identification or fingerprinting.",Syntactic,Minimal,No Violation,,,Story only,,
ZO-001,Zooniverse,"As a user, I want to search and discover music using content identification or fingerprinting.",Semantic,Conceptually sound,No Violation,,,Story only,,
ZO-001,Zooniverse,"As a user, I want to search and discover music using content identification or fingerprinting.",Semantic,Problem-oriented,Violation,search and discover music using content identification or fingerprinting,"The story prescribes a mechanism, technology, format, interface element, or concrete solution instead of remaining at the level of the stakeholder need.",Story only,,
ZO-001,Zooniverse,"As a user, I want to search and discover music using content identification or fingerprinting.",Semantic,Unambiguous,No Violation,,,Story only,,
ZO-001,Zooniverse,"As a user, I want to search and discover music using content identification or fingerprinting.",Semantic,Conflict-free,No Violation,,,Story + Backlog,,No explicit conflict was identified in the available backlog.
ZO-001,Zooniverse,"As a user, I want to search and discover music using content identification or fingerprinting.",Pragmatic,Full sentence,No Violation,,,Story only,,
ZO-001,Zooniverse,"As a user, I want to search and discover music using content identification or fingerprinting.",Pragmatic,Estimatable,No Violation,,,Story + Backlog,,
ZO-001,Zooniverse,"As a user, I want to search and discover music using content identification or fingerprinting.",Pragmatic,Unique,No Violation,,,Story + Backlog,,No substantial duplication was identified in the backlog.
ZO-001,Zooniverse,"As a user, I want to search and discover music using content identification or fingerprinting.",Pragmatic,Uniform,No Violation,,,Story + Backlog,,
ZO-001,Zooniverse,"As a user, I want to search and discover music using content identification or fingerprinting.",Pragmatic,Independent,No Violation,,,Story + Backlog,,No evident unnecessary dependency was identified.
ZO-001,Zooniverse,"As a user, I want to search and discover music using content identification or fingerprinting.",Pragmatic,Complete,No Violation,,,Story + Backlog,,No evident complementary omission was identified in the available backlog.
ZO-002,Zooniverse,"As a user, I want to search and discover music based on my profile.",Syntactic,Well-formed,No Violation,,,Story only,,
ZO-002,Zooniverse,"As a user, I want to search and discover music based on my profile.",Syntactic,Atomic,No Violation,,,Story only,,
ZO-002,Zooniverse,"As a user, I want to search and discover music based on my profile.",Syntactic,Minimal,No Violation,,,Story only,,
ZO-002,Zooniverse,"As a user, I want to search and discover music based on my profile.",Semantic,Conceptually sound,No Violation,,,Story only,,
ZO-002,Zooniverse,"As a user, I want to search and discover music based on my profile.",Semantic,Problem-oriented,Violation,search and discover music based on my profile,"The story prescribes a concrete solution, mechanism, interface, or implementation choice instead of remaining at the level of the stakeholder need.",Story only,,Requer consenso sobre o nível aceitável de prescrição de solução.
ZO-002,Zooniverse,"As a user, I want to search and discover music based on my profile.",Semantic,Unambiguous,No Violation,,,Story only,,
ZO-002,Zooniverse,"As a user, I want to search and discover music based on my profile.",Semantic,Conflict-free,No Violation,,,Story + Backlog,,No explicit conflict was identified in the available backlog.
ZO-002,Zooniverse,"As a user, I want to search and discover music based on my profile.",Pragmatic,Full sentence,No Violation,,,Story only,,
ZO-002,Zooniverse,"As a user, I want to search and discover music based on my profile.",Pragmatic,Estimatable,No Violation,,,Story + Backlog,,The backlog and the story itself provide sufficient scope for a preliminary estimate.
ZO-002,Zooniverse,"As a user, I want to search and discover music based on my profile.",Pragmatic,Unique,No Violation,,,Story + Backlog,,No substantial duplication was identified in the backlog.
ZO-002,Zooniverse,"As a user, I want to search and discover music based on my profile.",Pragmatic,Uniform,No Violation,,,Story + Backlog,,
ZO-002,Zooniverse,"As a user, I want to search and discover music based on my profile.",Pragmatic,Independent,No Violation,,,Story + Backlog,,No evident unnecessary dependency was identified.
ZO-002,Zooniverse,"As a user, I want to search and discover music based on my profile.",Pragmatic,Complete,No Violation,,,Story + Backlog,,No evident complementary omission was identified in the available backlog.
ZO-003,Zooniverse,"As a user, I want to search and discover music based on other users similar to myself.",Syntactic,Well-formed,No Violation,,,Story only,,
ZO-003,Zooniverse,"As a user, I want to search and discover music based on other users similar to myself.",Syntactic,Atomic,No Violation,,,Story only,,
ZO-003,Zooniverse,"As a user, I want to search and discover music based on other users similar to myself.",Syntactic,Minimal,No Violation,,,Story only,,
ZO-003,Zooniverse,"As a user, I want to search and discover music based on other users similar to myself.",Semantic,Conceptually sound,No Violation,,,Story only,,
ZO-003,Zooniverse,"As a user, I want to search and discover music based on other users similar to myself.",Semantic,Problem-oriented,Violation,search and discover music based on other users similar to myself,"The story prescribes a concrete solution, mechanism, interface, or implementation choice instead of remaining at the level of the stakeholder need.",Story only,,Requer consenso sobre o nível aceitável de prescrição de solução.
ZO-003,Zooniverse,"As a user, I want to search and discover music based on other users similar to myself.",Semantic,Unambiguous,Violation,search and discover music based on other users similar to myself,"The wording contains vague terms, unclear references, alternatives, or abstractions that allow materially different interpretations.",Story only,,
ZO-003,Zooniverse,"As a user, I want to search and discover music based on other users similar to myself.",Semantic,Conflict-free,No Violation,,,Story + Backlog,,No explicit conflict was identified in the available backlog.
ZO-003,Zooniverse,"As a user, I want to search and discover music based on other users similar to myself.",Pragmatic,Full sentence,No Violation,,,Story only,,
ZO-003,Zooniverse,"As a user, I want to search and discover music based on other users similar to myself.",Pragmatic,Estimatable,Violation,search and discover music based on other users similar to myself,"The ambiguity or vagueness directly affects the expected scope or behavior, making a reasonable estimate difficult.",Story + Backlog,,
ZO-003,Zooniverse,"As a user, I want to search and discover music based on other users similar to myself.",Pragmatic,Unique,No Violation,,,Story + Backlog,,No substantial duplication was identified in the backlog.
ZO-003,Zooniverse,"As a user, I want to search and discover music based on other users similar to myself.",Pragmatic,Uniform,No Violation,,,Story + Backlog,,
ZO-003,Zooniverse,"As a user, I want to search and discover music based on other users similar to myself.",Pragmatic,Independent,No Violation,,,Story + Backlog,,No evident unnecessary dependency was identified.
ZO-003,Zooniverse,"As a user, I want to search and discover music based on other users similar to myself.",Pragmatic,Complete,No Violation,,,Story + Backlog,,No evident complementary omission was identified in the available backlog.
ZO-004,Zooniverse,"As a user, I want to search and discover music or ringback tones similar to a given music video based on content similarity.",Syntactic,Well-formed,No Violation,,,Story only,,
ZO-004,Zooniverse,"As a user, I want to search and discover music or ringback tones similar to a given music video based on content similarity.",Syntactic,Atomic,No Violation,,,Story only,,Requer alinhamento da regra de fronteira para Atomic.
ZO-004,Zooniverse,"As a user, I want to search and discover music or ringback tones similar to a given music video based on content similarity.",Syntactic,Minimal,No Violation,,,Story only,,
ZO-004,Zooniverse,"As a user, I want to search and discover music or ringback tones similar to a given music video based on content similarity.",Semantic,Conceptually sound,No Violation,,,Story only,,
ZO-004,Zooniverse,"As a user, I want to search and discover music or ringback tones similar to a given music video based on content similarity.",Semantic,Problem-oriented,Violation,search and discover music or ringback tones similar to a given music video based on content similarity,"The story prescribes a concrete solution, mechanism, interface, or implementation choice instead of remaining at the level of the stakeholder need.",Story only,,Requer consenso sobre o nível aceitável de prescrição de solução.
ZO-004,Zooniverse,"As a user, I want to search and discover music or ringback tones similar to a given music video based on content similarity.",Semantic,Unambiguous,Violation,search and discover music or ringback tones similar to a given music video based on content similarity,"The highlighted wording leaves a key term, scope, reference, or expected behavior open to materially different interpretations.",Story only,,
ZO-004,Zooniverse,"As a user, I want to search and discover music or ringback tones similar to a given music video based on content similarity.",Semantic,Conflict-free,No Violation,,,Story + Backlog,,No explicit conflict was identified in the available backlog.
ZO-004,Zooniverse,"As a user, I want to search and discover music or ringback tones similar to a given music video based on content similarity.",Pragmatic,Full sentence,No Violation,,,Story only,,
ZO-004,Zooniverse,"As a user, I want to search and discover music or ringback tones similar to a given music video based on content similarity.",Pragmatic,Estimatable,Violation,search and discover music or ringback tones similar to a given music video based on content similarity,"The highlighted wording leaves relevant scope, expected behavior, or constraints insufficiently defined to support a reliable implementation estimate.",Story + Backlog,,
ZO-004,Zooniverse,"As a user, I want to search and discover music or ringback tones similar to a given music video based on content similarity.",Pragmatic,Unique,No Violation,,,Story + Backlog,,No substantial duplication was identified in the backlog.
ZO-004,Zooniverse,"As a user, I want to search and discover music or ringback tones similar to a given music video based on content similarity.",Pragmatic,Uniform,No Violation,,,Story + Backlog,,
ZO-004,Zooniverse,"As a user, I want to search and discover music or ringback tones similar to a given music video based on content similarity.",Pragmatic,Independent,No Violation,,,Story + Backlog,,No evident unnecessary dependency was identified.
ZO-004,Zooniverse,"As a user, I want to search and discover music or ringback tones similar to a given music video based on content similarity.",Pragmatic,Complete,No Violation,,,Story + Backlog,,No evident complementary omission was identified in the available backlog.
ZO-005,Zooniverse,"As a user, I want to search and discover music by exploiting enriched metadata and image tags, so that I find related artists, new genre, or other relevant listening path.",Syntactic,Well-formed,No Violation,,,Story only,,
ZO-005,Zooniverse,"As a user, I want to search and discover music by exploiting enriched metadata and image tags, so that I find related artists, new genre, or other relevant listening path.",Syntactic,Atomic,No Violation,,,Story only,,
ZO-005,Zooniverse,"As a user, I want to search and discover music by exploiting enriched metadata and image tags, so that I find related artists, new genre, or other relevant listening path.",Syntactic,Minimal,Violation,search and discover music by exploiting enriched metadata and image tags,"The story embeds additional implementation, interface, field, constraint, or workflow detail beyond the minimal role–means–optional end structure.",Story only,,Revisar durante a calibração do critério Minimal.
ZO-005,Zooniverse,"As a user, I want to search and discover music by exploiting enriched metadata and image tags, so that I find related artists, new genre, or other relevant listening path.",Semantic,Conceptually sound,No Violation,,,Story only,,
ZO-005,Zooniverse,"As a user, I want to search and discover music by exploiting enriched metadata and image tags, so that I find related artists, new genre, or other relevant listening path.",Semantic,Problem-oriented,Violation,search and discover music by exploiting enriched metadata and image tags,"The story prescribes a mechanism, technology, format, interface element, or concrete solution instead of remaining at the level of the stakeholder need.",Story only,,
ZO-005,Zooniverse,"As a user, I want to search and discover music by exploiting enriched metadata and image tags, so that I find related artists, new genre, or other relevant listening path.",Semantic,Unambiguous,Violation,search and discover music by exploiting enriched metadata and image tags,"The highlighted wording leaves a key term, scope, reference, or expected behavior open to materially different interpretations.",Story only,,
ZO-005,Zooniverse,"As a user, I want to search and discover music by exploiting enriched metadata and image tags, so that I find related artists, new genre, or other relevant listening path.",Semantic,Conflict-free,No Violation,,,Story + Backlog,,No explicit conflict was identified in the available backlog.
ZO-005,Zooniverse,"As a user, I want to search and discover music by exploiting enriched metadata and image tags, so that I find related artists, new genre, or other relevant listening path.",Pragmatic,Full sentence,No Violation,,,Story only,,
ZO-005,Zooniverse,"As a user, I want to search and discover music by exploiting enriched metadata and image tags, so that I find related artists, new genre, or other relevant listening path.",Pragmatic,Estimatable,Violation,search and discover music by exploiting enriched metadata and image tags,"The highlighted wording leaves relevant scope, expected behavior, or constraints insufficiently defined to support a reliable implementation estimate.",Story + Backlog,,
ZO-005,Zooniverse,"As a user, I want to search and discover music by exploiting enriched metadata and image tags, so that I find related artists, new genre, or other relevant listening path.",Pragmatic,Unique,No Violation,,,Story + Backlog,,No substantial duplication was identified in the backlog.
ZO-005,Zooniverse,"As a user, I want to search and discover music by exploiting enriched metadata and image tags, so that I find related artists, new genre, or other relevant listening path.",Pragmatic,Uniform,Violation,"As a user, I want to search and discover music by exploiting enriched metadata and image tags, so that I find related artists, new genre, or other relevant listening path.","The story uses a structure different from the dominant Zooniverse backlog pattern, in which the vast majority of stories do not include a benefit clause.",Story + Backlog,,57 of 60 backlog stories predominantly use the role + means structure.
ZO-005,Zooniverse,"As a user, I want to search and discover music by exploiting enriched metadata and image tags, so that I find related artists, new genre, or other relevant listening path.",Pragmatic,Independent,No Violation,,,Story + Backlog,,No evident unnecessary dependency was identified.
ZO-005,Zooniverse,"As a user, I want to search and discover music by exploiting enriched metadata and image tags, so that I find related artists, new genre, or other relevant listening path.",Pragmatic,Complete,No Violation,,,Story + Backlog,,No evident complementary omission was identified in the available backlog.
ZO-006,Zooniverse,"As a user, I want to upload tagged videos and have tags available for all further processing steps.",Syntactic,Well-formed,No Violation,,,Story only,,
ZO-006,Zooniverse,"As a user, I want to upload tagged videos and have tags available for all further processing steps.",Syntactic,Atomic,Violation,upload tagged videos and have tags available for all further processing steps,"The story combines two or more capabilities that can reasonably be implemented, tested, or prioritized independently.",Story only,,Requer alinhamento da regra de fronteira para Atomic.
ZO-006,Zooniverse,"As a user, I want to upload tagged videos and have tags available for all further processing steps.",Syntactic,Minimal,Violation,upload tagged videos and have tags available for all further processing steps,"The story embeds additional implementation, interface, field, constraint, or workflow detail beyond the minimal role–means–optional end structure.",Story only,,Revisar durante a calibração do critério Minimal.
ZO-006,Zooniverse,"As a user, I want to upload tagged videos and have tags available for all further processing steps.",Semantic,Conceptually sound,No Violation,,,Story only,,
ZO-006,Zooniverse,"As a user, I want to upload tagged videos and have tags available for all further processing steps.",Semantic,Problem-oriented,Violation,upload tagged videos and have tags available for all further processing steps,"The story prescribes a mechanism, technology, format, interface element, or concrete solution instead of remaining at the level of the stakeholder need.",Story only,,
ZO-006,Zooniverse,"As a user, I want to upload tagged videos and have tags available for all further processing steps.",Semantic,Unambiguous,No Violation,,,Story only,,
ZO-006,Zooniverse,"As a user, I want to upload tagged videos and have tags available for all further processing steps.",Semantic,Conflict-free,No Violation,,,Story + Backlog,,No explicit conflict was identified in the available backlog.
ZO-006,Zooniverse,"As a user, I want to upload tagged videos and have tags available for all further processing steps.",Pragmatic,Full sentence,No Violation,,,Story only,,
ZO-006,Zooniverse,"As a user, I want to upload tagged videos and have tags available for all further processing steps.",Pragmatic,Estimatable,Violation,upload tagged videos and have tags available for all further processing steps,"The highlighted wording leaves relevant scope, expected behavior, or constraints insufficiently defined to support a reliable implementation estimate.",Story + Backlog,,
ZO-006,Zooniverse,"As a user, I want to upload tagged videos and have tags available for all further processing steps.",Pragmatic,Unique,No Violation,,,Story + Backlog,,No substantial duplication was identified in the backlog.
ZO-006,Zooniverse,"As a user, I want to upload tagged videos and have tags available for all further processing steps.",Pragmatic,Uniform,No Violation,,,Story + Backlog,,
ZO-006,Zooniverse,"As a user, I want to upload tagged videos and have tags available for all further processing steps.",Pragmatic,Independent,No Violation,,,Story + Backlog,ZO-005,
ZO-006,Zooniverse,"As a user, I want to upload tagged videos and have tags available for all further processing steps.",Pragmatic,Complete,No Violation,,,Story + Backlog,,No evident complementary omission was identified in the available backlog.
ZO-007,Zooniverse,"As a user, I want to view thumbnail sequences of video segments.",Syntactic,Well-formed,No Violation,,,Story only,,
ZO-007,Zooniverse,"As a user, I want to view thumbnail sequences of video segments.",Syntactic,Atomic,No Violation,,,Story only,,
ZO-007,Zooniverse,"As a user, I want to view thumbnail sequences of video segments.",Syntactic,Minimal,No Violation,,,Story only,,
ZO-007,Zooniverse,"As a user, I want to view thumbnail sequences of video segments.",Semantic,Conceptually sound,No Violation,,,Story only,,
ZO-007,Zooniverse,"As a user, I want to view thumbnail sequences of video segments.",Semantic,Problem-oriented,Violation,view thumbnail sequences of video segments,"The story prescribes a mechanism, technology, format, interface element, or concrete solution instead of remaining at the level of the stakeholder need.",Story only,,
ZO-007,Zooniverse,"As a user, I want to view thumbnail sequences of video segments.",Semantic,Unambiguous,No Violation,,,Story only,,
ZO-007,Zooniverse,"As a user, I want to view thumbnail sequences of video segments.",Semantic,Conflict-free,No Violation,,,Story + Backlog,,No explicit conflict was identified in the available backlog.
ZO-007,Zooniverse,"As a user, I want to view thumbnail sequences of video segments.",Pragmatic,Full sentence,No Violation,,,Story only,,
ZO-007,Zooniverse,"As a user, I want to view thumbnail sequences of video segments.",Pragmatic,Estimatable,No Violation,,,Story + Backlog,,The backlog and the story itself provide sufficient scope for a preliminary estimate.
ZO-007,Zooniverse,"As a user, I want to view thumbnail sequences of video segments.",Pragmatic,Unique,No Violation,,,Story + Backlog,,No substantial duplication was identified in the backlog.
ZO-007,Zooniverse,"As a user, I want to view thumbnail sequences of video segments.",Pragmatic,Uniform,No Violation,,,Story + Backlog,,
ZO-007,Zooniverse,"As a user, I want to view thumbnail sequences of video segments.",Pragmatic,Independent,No Violation,,,Story + Backlog,,No evident unnecessary dependency was identified.
ZO-007,Zooniverse,"As a user, I want to view thumbnail sequences of video segments.",Pragmatic,Complete,No Violation,,,Story + Backlog,,No evident complementary omission was identified in the available backlog.
ZO-008,Zooniverse,"As a user, I want to get info about similar video items and segments.",Syntactic,Well-formed,No Violation,,,Story only,,
ZO-008,Zooniverse,"As a user, I want to get info about similar video items and segments.",Syntactic,Atomic,No Violation,,,Story only,,
ZO-008,Zooniverse,"As a user, I want to get info about similar video items and segments.",Syntactic,Minimal,No Violation,,,Story only,,
ZO-008,Zooniverse,"As a user, I want to get info about similar video items and segments.",Semantic,Conceptually sound,No Violation,,,Story only,,
ZO-008,Zooniverse,"As a user, I want to get info about similar video items and segments.",Semantic,Problem-oriented,No Violation,,,Story only,,Requer consenso sobre o nível aceitável de prescrição de solução.
ZO-008,Zooniverse,"As a user, I want to get info about similar video items and segments.",Semantic,Unambiguous,Violation,get info about similar video items and segments,"The wording contains vague terms, unclear references, alternatives, or abstractions that allow materially different interpretations.",Story only,,
ZO-008,Zooniverse,"As a user, I want to get info about similar video items and segments.",Semantic,Conflict-free,No Violation,,,Story + Backlog,,No explicit conflict was identified in the available backlog.
ZO-008,Zooniverse,"As a user, I want to get info about similar video items and segments.",Pragmatic,Full sentence,No Violation,,,Story only,,
ZO-008,Zooniverse,"As a user, I want to get info about similar video items and segments.",Pragmatic,Estimatable,Violation,get info about similar video items and segments,"The ambiguity or vagueness directly affects the expected scope or behavior, making a reasonable estimate difficult.",Story + Backlog,,
ZO-008,Zooniverse,"As a user, I want to get info about similar video items and segments.",Pragmatic,Unique,No Violation,,,Story + Backlog,ZO-009,Comparar semanticamente as duas histórias antes do consenso.
ZO-008,Zooniverse,"As a user, I want to get info about similar video items and segments.",Pragmatic,Uniform,No Violation,,,Story + Backlog,,
ZO-008,Zooniverse,"As a user, I want to get info about similar video items and segments.",Pragmatic,Independent,No Violation,,,Story + Backlog,,No evident unnecessary dependency was identified.
ZO-008,Zooniverse,"As a user, I want to get info about similar video items and segments.",Pragmatic,Complete,No Violation,,,Story + Backlog,,No evident complementary omission was identified in the available backlog.
ZO-009,Zooniverse,"As a user, I want to get info about perceptually similar video items and segments.",Syntactic,Well-formed,No Violation,,,Story only,,
ZO-009,Zooniverse,"As a user, I want to get info about perceptually similar video items and segments.",Syntactic,Atomic,No Violation,,,Story only,,
ZO-009,Zooniverse,"As a user, I want to get info about perceptually similar video items and segments.",Syntactic,Minimal,No Violation,,,Story only,,
ZO-009,Zooniverse,"As a user, I want to get info about perceptually similar video items and segments.",Semantic,Conceptually sound,No Violation,,,Story only,,
ZO-009,Zooniverse,"As a user, I want to get info about perceptually similar video items and segments.",Semantic,Problem-oriented,No Violation,,,Story only,,Requer consenso sobre o nível aceitável de prescrição de solução.
ZO-009,Zooniverse,"As a user, I want to get info about perceptually similar video items and segments.",Semantic,Unambiguous,Violation,get info about perceptually similar video items and segments,"The highlighted wording leaves a key term, scope, reference, or expected behavior open to materially different interpretations.",Story only,,
ZO-009,Zooniverse,"As a user, I want to get info about perceptually similar video items and segments.",Semantic,Conflict-free,No Violation,,,Story + Backlog,,No explicit conflict was identified in the available backlog.
ZO-009,Zooniverse,"As a user, I want to get info about perceptually similar video items and segments.",Pragmatic,Full sentence,No Violation,,,Story only,,
ZO-009,Zooniverse,"As a user, I want to get info about perceptually similar video items and segments.",Pragmatic,Estimatable,Violation,get info about perceptually similar video items and segments,"The highlighted wording leaves relevant scope, expected behavior, or constraints insufficiently defined to support a reliable implementation estimate.",Story + Backlog,,
ZO-009,Zooniverse,"As a user, I want to get info about perceptually similar video items and segments.",Pragmatic,Unique,No Violation,,,Story + Backlog,ZO-008,Comparar semanticamente as duas histórias antes do consenso.
ZO-009,Zooniverse,"As a user, I want to get info about perceptually similar video items and segments.",Pragmatic,Uniform,No Violation,,,Story + Backlog,,
ZO-009,Zooniverse,"As a user, I want to get info about perceptually similar video items and segments.",Pragmatic,Independent,No Violation,,,Story + Backlog,,No evident unnecessary dependency was identified.
ZO-009,Zooniverse,"As a user, I want to get info about perceptually similar video items and segments.",Pragmatic,Complete,No Violation,,,Story + Backlog,,No evident complementary omission was identified in the available backlog.
ZO-010,Zooniverse,"As a user, I want to receive content recommendations from similar profiles.",Syntactic,Well-formed,No Violation,,,Story only,,
ZO-010,Zooniverse,"As a user, I want to receive content recommendations from similar profiles.",Syntactic,Atomic,No Violation,,,Story only,,
ZO-010,Zooniverse,"As a user, I want to receive content recommendations from similar profiles.",Syntactic,Minimal,No Violation,,,Story only,,
ZO-010,Zooniverse,"As a user, I want to receive content recommendations from similar profiles.",Semantic,Conceptually sound,No Violation,,,Story only,,
ZO-010,Zooniverse,"As a user, I want to receive content recommendations from similar profiles.",Semantic,Problem-oriented,Violation,receive content recommendations from similar profiles,"The story prescribes a concrete solution, mechanism, interface, or implementation choice instead of remaining at the level of the stakeholder need.",Story only,,Requer consenso sobre o nível aceitável de prescrição de solução.
ZO-010,Zooniverse,"As a user, I want to receive content recommendations from similar profiles.",Semantic,Unambiguous,Violation,receive content recommendations from similar profiles,"The wording contains vague terms, unclear references, alternatives, or abstractions that allow materially different interpretations.",Story only,,
ZO-010,Zooniverse,"As a user, I want to receive content recommendations from similar profiles.",Semantic,Conflict-free,No Violation,,,Story + Backlog,,No explicit conflict was identified in the available backlog.
ZO-010,Zooniverse,"As a user, I want to receive content recommendations from similar profiles.",Pragmatic,Full sentence,No Violation,,,Story only,,
ZO-010,Zooniverse,"As a user, I want to receive content recommendations from similar profiles.",Pragmatic,Estimatable,Violation,receive content recommendations from similar profiles,"The ambiguity or vagueness directly affects the expected scope or behavior, making a reasonable estimate difficult.",Story + Backlog,,
ZO-010,Zooniverse,"As a user, I want to receive content recommendations from similar profiles.",Pragmatic,Unique,No Violation,,,Story + Backlog,,No substantial duplication was identified in the backlog.
ZO-010,Zooniverse,"As a user, I want to receive content recommendations from similar profiles.",Pragmatic,Uniform,No Violation,,,Story + Backlog,,
ZO-010,Zooniverse,"As a user, I want to receive content recommendations from similar profiles.",Pragmatic,Independent,No Violation,,,Story + Backlog,,No evident unnecessary dependency was identified.
ZO-010,Zooniverse,"As a user, I want to receive content recommendations from similar profiles.",Pragmatic,Complete,No Violation,,,Story + Backlog,,No evident complementary omission was identified in the available backlog.
ZO-011,Zooniverse,"As a user, I want to receive content recommendations based on most relevant news events in my area.",Syntactic,Well-formed,No Violation,,,Story only,,
ZO-011,Zooniverse,"As a user, I want to receive content recommendations based on most relevant news events in my area.",Syntactic,Atomic,No Violation,,,Story only,,
ZO-011,Zooniverse,"As a user, I want to receive content recommendations based on most relevant news events in my area.",Syntactic,Minimal,No Violation,,,Story only,,
ZO-011,Zooniverse,"As a user, I want to receive content recommendations based on most relevant news events in my area.",Semantic,Conceptually sound,No Violation,,,Story only,,
ZO-011,Zooniverse,"As a user, I want to receive content recommendations based on most relevant news events in my area.",Semantic,Problem-oriented,Violation,receive content recommendations based on most relevant news events in my area,"The story prescribes a concrete solution, mechanism, interface, or implementation choice instead of remaining at the level of the stakeholder need.",Story only,,Requer consenso sobre o nível aceitável de prescrição de solução.
ZO-011,Zooniverse,"As a user, I want to receive content recommendations based on most relevant news events in my area.",Semantic,Unambiguous,Violation,receive content recommendations based on most relevant news events in my area,"The wording contains vague terms, unclear references, alternatives, or abstractions that allow materially different interpretations.",Story only,,
ZO-011,Zooniverse,"As a user, I want to receive content recommendations based on most relevant news events in my area.",Semantic,Conflict-free,No Violation,,,Story + Backlog,,No explicit conflict was identified in the available backlog.
ZO-011,Zooniverse,"As a user, I want to receive content recommendations based on most relevant news events in my area.",Pragmatic,Full sentence,No Violation,,,Story only,,
ZO-011,Zooniverse,"As a user, I want to receive content recommendations based on most relevant news events in my area.",Pragmatic,Estimatable,Violation,receive content recommendations based on most relevant news events in my area,"The ambiguity or vagueness directly affects the expected scope or behavior, making a reasonable estimate difficult.",Story + Backlog,,
ZO-011,Zooniverse,"As a user, I want to receive content recommendations based on most relevant news events in my area.",Pragmatic,Unique,No Violation,,,Story + Backlog,,No substantial duplication was identified in the backlog.
ZO-011,Zooniverse,"As a user, I want to receive content recommendations based on most relevant news events in my area.",Pragmatic,Uniform,No Violation,,,Story + Backlog,,
ZO-011,Zooniverse,"As a user, I want to receive content recommendations based on most relevant news events in my area.",Pragmatic,Independent,No Violation,,,Story + Backlog,,No evident unnecessary dependency was identified.
ZO-011,Zooniverse,"As a user, I want to receive content recommendations based on most relevant news events in my area.",Pragmatic,Complete,No Violation,,,Story + Backlog,,No evident complementary omission was identified in the available backlog.
ZO-012,Zooniverse,"As a user, I want to identify persons in videos, and receive related information about them.",Syntactic,Well-formed,No Violation,,,Story only,,
ZO-012,Zooniverse,"As a user, I want to identify persons in videos, and receive related information about them.",Syntactic,Atomic,Violation,"identify persons in videos, and receive related information about them","The story combines two or more capabilities that can reasonably be implemented, tested, or prioritized independently.",Story only,,Requer alinhamento da regra de fronteira para Atomic.
ZO-012,Zooniverse,"As a user, I want to identify persons in videos, and receive related information about them.",Syntactic,Minimal,No Violation,,,Story only,,
ZO-012,Zooniverse,"As a user, I want to identify persons in videos, and receive related information about them.",Semantic,Conceptually sound,No Violation,,,Story only,,
ZO-012,Zooniverse,"As a user, I want to identify persons in videos, and receive related information about them.",Semantic,Problem-oriented,No Violation,,,Story only,,Requer consenso sobre o nível aceitável de prescrição de solução.
ZO-012,Zooniverse,"As a user, I want to identify persons in videos, and receive related information about them.",Semantic,Unambiguous,Violation,"identify persons in videos, and receive related information about them","The wording contains vague terms, unclear references, alternatives, or abstractions that allow materially different interpretations.",Story only,,
ZO-012,Zooniverse,"As a user, I want to identify persons in videos, and receive related information about them.",Semantic,Conflict-free,No Violation,,,Story + Backlog,,No explicit conflict was identified in the available backlog.
ZO-012,Zooniverse,"As a user, I want to identify persons in videos, and receive related information about them.",Pragmatic,Full sentence,No Violation,,,Story only,,
ZO-012,Zooniverse,"As a user, I want to identify persons in videos, and receive related information about them.",Pragmatic,Estimatable,Violation,"identify persons in videos, and receive related information about them","The highlighted wording leaves relevant scope, expected behavior, or constraints insufficiently defined to support a reliable implementation estimate.",Story + Backlog,,
ZO-012,Zooniverse,"As a user, I want to identify persons in videos, and receive related information about them.",Pragmatic,Unique,No Violation,,,Story + Backlog,,No substantial duplication was identified in the backlog.
ZO-012,Zooniverse,"As a user, I want to identify persons in videos, and receive related information about them.",Pragmatic,Uniform,No Violation,,,Story + Backlog,,
ZO-012,Zooniverse,"As a user, I want to identify persons in videos, and receive related information about them.",Pragmatic,Independent,No Violation,,,Story + Backlog,,No evident unnecessary dependency was identified.
ZO-012,Zooniverse,"As a user, I want to identify persons in videos, and receive related information about them.",Pragmatic,Complete,No Violation,,,Story + Backlog,,No evident complementary omission was identified in the available backlog.
ZO-013,Zooniverse,"As a user, I want to identify products in videos, and receive related information about them.",Syntactic,Well-formed,No Violation,,,Story only,,
ZO-013,Zooniverse,"As a user, I want to identify products in videos, and receive related information about them.",Syntactic,Atomic,Violation,"identify products in videos, and receive related information about them","The story combines two or more capabilities that can reasonably be implemented, tested, or prioritized independently.",Story only,,Requer alinhamento da regra de fronteira para Atomic.
ZO-013,Zooniverse,"As a user, I want to identify products in videos, and receive related information about them.",Syntactic,Minimal,No Violation,,,Story only,,
ZO-013,Zooniverse,"As a user, I want to identify products in videos, and receive related information about them.",Semantic,Conceptually sound,No Violation,,,Story only,,
ZO-013,Zooniverse,"As a user, I want to identify products in videos, and receive related information about them.",Semantic,Problem-oriented,No Violation,,,Story only,,Requer consenso sobre o nível aceitável de prescrição de solução.
ZO-013,Zooniverse,"As a user, I want to identify products in videos, and receive related information about them.",Semantic,Unambiguous,Violation,"identify products in videos, and receive related information about them","The wording contains vague terms, unclear references, alternatives, or abstractions that allow materially different interpretations.",Story only,,
ZO-013,Zooniverse,"As a user, I want to identify products in videos, and receive related information about them.",Semantic,Conflict-free,No Violation,,,Story + Backlog,,No explicit conflict was identified in the available backlog.
ZO-013,Zooniverse,"As a user, I want to identify products in videos, and receive related information about them.",Pragmatic,Full sentence,No Violation,,,Story only,,
ZO-013,Zooniverse,"As a user, I want to identify products in videos, and receive related information about them.",Pragmatic,Estimatable,Violation,"identify products in videos, and receive related information about them","The highlighted wording leaves relevant scope, expected behavior, or constraints insufficiently defined to support a reliable implementation estimate.",Story + Backlog,,
ZO-013,Zooniverse,"As a user, I want to identify products in videos, and receive related information about them.",Pragmatic,Unique,No Violation,,,Story + Backlog,,No substantial duplication was identified in the backlog.
ZO-013,Zooniverse,"As a user, I want to identify products in videos, and receive related information about them.",Pragmatic,Uniform,No Violation,,,Story + Backlog,,
ZO-013,Zooniverse,"As a user, I want to identify products in videos, and receive related information about them.",Pragmatic,Independent,No Violation,,,Story + Backlog,,No evident unnecessary dependency was identified.
ZO-013,Zooniverse,"As a user, I want to identify products in videos, and receive related information about them.",Pragmatic,Complete,No Violation,,,Story + Backlog,,No evident complementary omission was identified in the available backlog.
ZO-014,Zooniverse,"As a user, I want to identify broadcaster logos in videos, and receive related information about them.",Syntactic,Well-formed,No Violation,,,Story only,,
ZO-014,Zooniverse,"As a user, I want to identify broadcaster logos in videos, and receive related information about them.",Syntactic,Atomic,Violation,"identify broadcaster logos in videos, and receive related information about them","The story combines two or more capabilities that can reasonably be implemented, tested, or prioritized independently.",Story only,,Requer alinhamento da regra de fronteira para Atomic.
ZO-014,Zooniverse,"As a user, I want to identify broadcaster logos in videos, and receive related information about them.",Syntactic,Minimal,No Violation,,,Story only,,
ZO-014,Zooniverse,"As a user, I want to identify broadcaster logos in videos, and receive related information about them.",Semantic,Conceptually sound,No Violation,,,Story only,,
ZO-014,Zooniverse,"As a user, I want to identify broadcaster logos in videos, and receive related information about them.",Semantic,Problem-oriented,No Violation,,,Story only,,Requer consenso sobre o nível aceitável de prescrição de solução.
ZO-014,Zooniverse,"As a user, I want to identify broadcaster logos in videos, and receive related information about them.",Semantic,Unambiguous,Violation,"identify broadcaster logos in videos, and receive related information about them","The wording contains vague terms, unclear references, alternatives, or abstractions that allow materially different interpretations.",Story only,,
ZO-014,Zooniverse,"As a user, I want to identify broadcaster logos in videos, and receive related information about them.",Semantic,Conflict-free,No Violation,,,Story + Backlog,,No explicit conflict was identified in the available backlog.
ZO-014,Zooniverse,"As a user, I want to identify broadcaster logos in videos, and receive related information about them.",Pragmatic,Full sentence,No Violation,,,Story only,,
ZO-014,Zooniverse,"As a user, I want to identify broadcaster logos in videos, and receive related information about them.",Pragmatic,Estimatable,Violation,"identify broadcaster logos in videos, and receive related information about them","The highlighted wording leaves relevant scope, expected behavior, or constraints insufficiently defined to support a reliable implementation estimate.",Story + Backlog,,
ZO-014,Zooniverse,"As a user, I want to identify broadcaster logos in videos, and receive related information about them.",Pragmatic,Unique,No Violation,,,Story + Backlog,,No substantial duplication was identified in the backlog.
ZO-014,Zooniverse,"As a user, I want to identify broadcaster logos in videos, and receive related information about them.",Pragmatic,Uniform,No Violation,,,Story + Backlog,,
ZO-014,Zooniverse,"As a user, I want to identify broadcaster logos in videos, and receive related information about them.",Pragmatic,Independent,No Violation,,,Story + Backlog,,No evident unnecessary dependency was identified.
ZO-014,Zooniverse,"As a user, I want to identify broadcaster logos in videos, and receive related information about them.",Pragmatic,Complete,No Violation,,,Story + Backlog,,No evident complementary omission was identified in the available backlog.
ZO-015,Zooniverse,"As a user, I want to identify brands in videos, and receive related information about them.",Syntactic,Well-formed,No Violation,,,Story only,,
ZO-015,Zooniverse,"As a user, I want to identify brands in videos, and receive related information about them.",Syntactic,Atomic,Violation,"identify brands in videos, and receive related information about them","The story combines two or more capabilities that can reasonably be implemented, tested, or prioritized independently.",Story only,,Requer alinhamento da regra de fronteira para Atomic.
ZO-015,Zooniverse,"As a user, I want to identify brands in videos, and receive related information about them.",Syntactic,Minimal,No Violation,,,Story only,,
ZO-015,Zooniverse,"As a user, I want to identify brands in videos, and receive related information about them.",Semantic,Conceptually sound,No Violation,,,Story only,,
ZO-015,Zooniverse,"As a user, I want to identify brands in videos, and receive related information about them.",Semantic,Problem-oriented,No Violation,,,Story only,,Requer consenso sobre o nível aceitável de prescrição de solução.
ZO-015,Zooniverse,"As a user, I want to identify brands in videos, and receive related information about them.",Semantic,Unambiguous,Violation,"identify brands in videos, and receive related information about them","The wording contains vague terms, unclear references, alternatives, or abstractions that allow materially different interpretations.",Story only,,
ZO-015,Zooniverse,"As a user, I want to identify brands in videos, and receive related information about them.",Semantic,Conflict-free,No Violation,,,Story + Backlog,,No explicit conflict was identified in the available backlog.
ZO-015,Zooniverse,"As a user, I want to identify brands in videos, and receive related information about them.",Pragmatic,Full sentence,No Violation,,,Story only,,
ZO-015,Zooniverse,"As a user, I want to identify brands in videos, and receive related information about them.",Pragmatic,Estimatable,Violation,"identify brands in videos, and receive related information about them","The highlighted wording leaves relevant scope, expected behavior, or constraints insufficiently defined to support a reliable implementation estimate.",Story + Backlog,,
ZO-015,Zooniverse,"As a user, I want to identify brands in videos, and receive related information about them.",Pragmatic,Unique,No Violation,,,Story + Backlog,,No substantial duplication was identified in the backlog.
ZO-015,Zooniverse,"As a user, I want to identify brands in videos, and receive related information about them.",Pragmatic,Uniform,No Violation,,,Story + Backlog,,
ZO-015,Zooniverse,"As a user, I want to identify brands in videos, and receive related information about them.",Pragmatic,Independent,No Violation,,,Story + Backlog,,No evident unnecessary dependency was identified.
ZO-015,Zooniverse,"As a user, I want to identify brands in videos, and receive related information about them.",Pragmatic,Complete,No Violation,,,Story + Backlog,,No evident complementary omission was identified in the available backlog.
ZO-016,Zooniverse,"As a user, I want to take a picture or upload an image, so that I am recommended with videos related to that picture or image.",Syntactic,Well-formed,No Violation,,,Story only,,
ZO-016,Zooniverse,"As a user, I want to take a picture or upload an image, so that I am recommended with videos related to that picture or image.",Syntactic,Atomic,No Violation,,,Story only,,Requer alinhamento da regra de fronteira para Atomic.
ZO-016,Zooniverse,"As a user, I want to take a picture or upload an image, so that I am recommended with videos related to that picture or image.",Syntactic,Minimal,No Violation,,,Story only,,Revisar durante a calibração do critério Minimal.
ZO-016,Zooniverse,"As a user, I want to take a picture or upload an image, so that I am recommended with videos related to that picture or image.",Semantic,Conceptually sound,No Violation,,,Story only,,
ZO-016,Zooniverse,"As a user, I want to take a picture or upload an image, so that I am recommended with videos related to that picture or image.",Semantic,Problem-oriented,Violation,take a picture or upload an image,"The story prescribes a mechanism, technology, format, interface element, or concrete solution instead of remaining at the level of the stakeholder need.",Story only,,
ZO-016,Zooniverse,"As a user, I want to take a picture or upload an image, so that I am recommended with videos related to that picture or image.",Semantic,Unambiguous,No Violation,,,Story only,,
ZO-016,Zooniverse,"As a user, I want to take a picture or upload an image, so that I am recommended with videos related to that picture or image.",Semantic,Conflict-free,No Violation,,,Story + Backlog,,No explicit conflict was identified in the available backlog.
ZO-016,Zooniverse,"As a user, I want to take a picture or upload an image, so that I am recommended with videos related to that picture or image.",Pragmatic,Full sentence,No Violation,,,Story only,,
ZO-016,Zooniverse,"As a user, I want to take a picture or upload an image, so that I am recommended with videos related to that picture or image.",Pragmatic,Estimatable,No Violation,,,Story + Backlog,,
ZO-016,Zooniverse,"As a user, I want to take a picture or upload an image, so that I am recommended with videos related to that picture or image.",Pragmatic,Unique,No Violation,,,Story + Backlog,,No substantial duplication was identified in the backlog.
ZO-016,Zooniverse,"As a user, I want to take a picture or upload an image, so that I am recommended with videos related to that picture or image.",Pragmatic,Uniform,Violation,"As a user, I want to take a picture or upload an image, so that I am recommended with videos related to that picture or image.","The story uses a structure different from the dominant Zooniverse backlog pattern, in which the vast majority of stories do not include a benefit clause.",Story + Backlog,,57 of 60 backlog stories predominantly use the role + means structure.
ZO-016,Zooniverse,"As a user, I want to take a picture or upload an image, so that I am recommended with videos related to that picture or image.",Pragmatic,Independent,No Violation,,,Story + Backlog,,No evident unnecessary dependency was identified.
ZO-016,Zooniverse,"As a user, I want to take a picture or upload an image, so that I am recommended with videos related to that picture or image.",Pragmatic,Complete,No Violation,,,Story + Backlog,,No evident complementary omission was identified in the available backlog.
ZO-017,Zooniverse,"As a user, I want to walk around, access content using a geographical map and be informed if there are videos covering the area, monuments or any other relevant point of interest.",Syntactic,Well-formed,No Violation,,,Story only,,
ZO-017,Zooniverse,"As a user, I want to walk around, access content using a geographical map and be informed if there are videos covering the area, monuments or any other relevant point of interest.",Syntactic,Atomic,Violation,"walk around, access content using a geographical map and be informed if there are videos covering the area, monuments or any other relevant point of interest",The story combines more than one capability or action that can be treated as an independent feature.,Story only,,
ZO-017,Zooniverse,"As a user, I want to walk around, access content using a geographical map and be informed if there are videos covering the area, monuments or any other relevant point of interest.",Syntactic,Minimal,Violation,"walk around, access content using a geographical map and be informed if there are videos covering the area, monuments or any other relevant point of interest","The story embeds additional implementation, interface, field, constraint, or workflow detail beyond the minimal role–means–optional end structure.",Story only,,Revisar durante a calibração do critério Minimal.
ZO-017,Zooniverse,"As a user, I want to walk around, access content using a geographical map and be informed if there are videos covering the area, monuments or any other relevant point of interest.",Semantic,Conceptually sound,No Violation,,,Story only,,
ZO-017,Zooniverse,"As a user, I want to walk around, access content using a geographical map and be informed if there are videos covering the area, monuments or any other relevant point of interest.",Semantic,Problem-oriented,Violation,"walk around, access content using a geographical map and be informed if there are videos covering the area, monuments or any other relevant point of interest","The story prescribes a mechanism, technology, format, interface element, or concrete solution instead of remaining at the level of the stakeholder need.",Story only,,
ZO-017,Zooniverse,"As a user, I want to walk around, access content using a geographical map and be informed if there are videos covering the area, monuments or any other relevant point of interest.",Semantic,Unambiguous,Violation,"walk around, access content using a geographical map and be informed if there are videos covering the area, monuments or any other relevant point of interest","The wording contains vague terms, unclear references, alternatives, or abstractions that allow materially different interpretations.",Story only,,
ZO-017,Zooniverse,"As a user, I want to walk around, access content using a geographical map and be informed if there are videos covering the area, monuments or any other relevant point of interest.",Semantic,Conflict-free,No Violation,,,Story + Backlog,,No explicit conflict was identified in the available backlog.
ZO-017,Zooniverse,"As a user, I want to walk around, access content using a geographical map and be informed if there are videos covering the area, monuments or any other relevant point of interest.",Pragmatic,Full sentence,No Violation,,,Story only,,
ZO-017,Zooniverse,"As a user, I want to walk around, access content using a geographical map and be informed if there are videos covering the area, monuments or any other relevant point of interest.",Pragmatic,Estimatable,Violation,"walk around, access content using a geographical map and be informed if there are videos covering the area, monuments or any other relevant point of interest","The ambiguity or vagueness directly affects the expected scope or behavior, making a reasonable estimate difficult.",Story + Backlog,,
ZO-017,Zooniverse,"As a user, I want to walk around, access content using a geographical map and be informed if there are videos covering the area, monuments or any other relevant point of interest.",Pragmatic,Unique,No Violation,,,Story + Backlog,,No substantial duplication was identified in the backlog.
ZO-017,Zooniverse,"As a user, I want to walk around, access content using a geographical map and be informed if there are videos covering the area, monuments or any other relevant point of interest.",Pragmatic,Uniform,No Violation,,,Story + Backlog,,
ZO-017,Zooniverse,"As a user, I want to walk around, access content using a geographical map and be informed if there are videos covering the area, monuments or any other relevant point of interest.",Pragmatic,Independent,No Violation,,,Story + Backlog,,No evident unnecessary dependency was identified.
ZO-017,Zooniverse,"As a user, I want to walk around, access content using a geographical map and be informed if there are videos covering the area, monuments or any other relevant point of interest.",Pragmatic,Complete,No Violation,,,Story + Backlog,,No evident complementary omission was identified in the available backlog.
ZO-018,Zooniverse,"As a user, I want to search content items using automatic speech recognition.",Syntactic,Well-formed,No Violation,,,Story only,,
ZO-018,Zooniverse,"As a user, I want to search content items using automatic speech recognition.",Syntactic,Atomic,No Violation,,,Story only,,
ZO-018,Zooniverse,"As a user, I want to search content items using automatic speech recognition.",Syntactic,Minimal,No Violation,,,Story only,,
ZO-018,Zooniverse,"As a user, I want to search content items using automatic speech recognition.",Semantic,Conceptually sound,No Violation,,,Story only,,
ZO-018,Zooniverse,"As a user, I want to search content items using automatic speech recognition.",Semantic,Problem-oriented,Violation,search content items using automatic speech recognition,"The story prescribes a mechanism, technology, format, interface element, or concrete solution instead of remaining at the level of the stakeholder need.",Story only,,
ZO-018,Zooniverse,"As a user, I want to search content items using automatic speech recognition.",Semantic,Unambiguous,No Violation,,,Story only,,
ZO-018,Zooniverse,"As a user, I want to search content items using automatic speech recognition.",Semantic,Conflict-free,No Violation,,,Story + Backlog,,No explicit conflict was identified in the available backlog.
ZO-018,Zooniverse,"As a user, I want to search content items using automatic speech recognition.",Pragmatic,Full sentence,No Violation,,,Story only,,
ZO-018,Zooniverse,"As a user, I want to search content items using automatic speech recognition.",Pragmatic,Estimatable,No Violation,,,Story + Backlog,,The backlog and the story itself provide sufficient scope for a preliminary estimate.
ZO-018,Zooniverse,"As a user, I want to search content items using automatic speech recognition.",Pragmatic,Unique,No Violation,,,Story + Backlog,,No substantial duplication was identified in the backlog.
ZO-018,Zooniverse,"As a user, I want to search content items using automatic speech recognition.",Pragmatic,Uniform,No Violation,,,Story + Backlog,,
ZO-018,Zooniverse,"As a user, I want to search content items using automatic speech recognition.",Pragmatic,Independent,No Violation,,,Story + Backlog,,No evident unnecessary dependency was identified.
ZO-018,Zooniverse,"As a user, I want to search content items using automatic speech recognition.",Pragmatic,Complete,No Violation,,,Story + Backlog,,No evident complementary omission was identified in the available backlog.
ZO-019,Zooniverse,"As an admin, I want to see, validate and edit segmentation of videos.",Syntactic,Well-formed,No Violation,,,Story only,,
ZO-019,Zooniverse,"As an admin, I want to see, validate and edit segmentation of videos.",Syntactic,Atomic,Violation,"see, validate and edit segmentation of videos",The story combines more than one capability or action that can be treated as an independent feature.,Story only,,
ZO-019,Zooniverse,"As an admin, I want to see, validate and edit segmentation of videos.",Syntactic,Minimal,No Violation,,,Story only,,Revisar durante a calibração do critério Minimal.
ZO-019,Zooniverse,"As an admin, I want to see, validate and edit segmentation of videos.",Semantic,Conceptually sound,No Violation,,,Story only,,
ZO-019,Zooniverse,"As an admin, I want to see, validate and edit segmentation of videos.",Semantic,Problem-oriented,Violation,"see, validate and edit segmentation of videos","The story prescribes a mechanism, technology, format, interface element, or concrete solution instead of remaining at the level of the stakeholder need.",Story only,,
ZO-019,Zooniverse,"As an admin, I want to see, validate and edit segmentation of videos.",Semantic,Unambiguous,No Violation,,,Story only,,
ZO-019,Zooniverse,"As an admin, I want to see, validate and edit segmentation of videos.",Semantic,Conflict-free,No Violation,,,Story + Backlog,,No explicit conflict was identified in the available backlog.
ZO-019,Zooniverse,"As an admin, I want to see, validate and edit segmentation of videos.",Pragmatic,Full sentence,No Violation,,,Story only,,
ZO-019,Zooniverse,"As an admin, I want to see, validate and edit segmentation of videos.",Pragmatic,Estimatable,No Violation,,,Story + Backlog,,
ZO-019,Zooniverse,"As an admin, I want to see, validate and edit segmentation of videos.",Pragmatic,Unique,No Violation,,,Story + Backlog,,No substantial duplication was identified in the backlog.
ZO-019,Zooniverse,"As an admin, I want to see, validate and edit segmentation of videos.",Pragmatic,Uniform,No Violation,,,Story + Backlog,,
ZO-019,Zooniverse,"As an admin, I want to see, validate and edit segmentation of videos.",Pragmatic,Independent,No Violation,,,Story + Backlog,,No evident unnecessary dependency was identified.
ZO-019,Zooniverse,"As an admin, I want to see, validate and edit segmentation of videos.",Pragmatic,Complete,No Violation,,,Story + Backlog,,No evident complementary omission was identified in the available backlog.
ZO-020,Zooniverse,"As an admin, I want to annotate news video segments and extract a topic for each segment.",Syntactic,Well-formed,No Violation,,,Story only,,
ZO-020,Zooniverse,"As an admin, I want to annotate news video segments and extract a topic for each segment.",Syntactic,Atomic,Violation,annotate news video segments and extract a topic for each segment,The story combines more than one capability or action that can be treated as an independent feature.,Story only,,
ZO-020,Zooniverse,"As an admin, I want to annotate news video segments and extract a topic for each segment.",Syntactic,Minimal,No Violation,,,Story only,,Revisar durante a calibração do critério Minimal.
ZO-020,Zooniverse,"As an admin, I want to annotate news video segments and extract a topic for each segment.",Semantic,Conceptually sound,No Violation,,,Story only,,
ZO-020,Zooniverse,"As an admin, I want to annotate news video segments and extract a topic for each segment.",Semantic,Problem-oriented,Violation,annotate news video segments and extract a topic for each segment,"The story prescribes a mechanism, technology, format, interface element, or concrete solution instead of remaining at the level of the stakeholder need.",Story only,,
ZO-020,Zooniverse,"As an admin, I want to annotate news video segments and extract a topic for each segment.",Semantic,Unambiguous,No Violation,,,Story only,,
ZO-020,Zooniverse,"As an admin, I want to annotate news video segments and extract a topic for each segment.",Semantic,Conflict-free,No Violation,,,Story + Backlog,,No explicit conflict was identified in the available backlog.
ZO-020,Zooniverse,"As an admin, I want to annotate news video segments and extract a topic for each segment.",Pragmatic,Full sentence,No Violation,,,Story only,,
ZO-020,Zooniverse,"As an admin, I want to annotate news video segments and extract a topic for each segment.",Pragmatic,Estimatable,No Violation,,,Story + Backlog,,
ZO-020,Zooniverse,"As an admin, I want to annotate news video segments and extract a topic for each segment.",Pragmatic,Unique,No Violation,,,Story + Backlog,,No substantial duplication was identified in the backlog.
ZO-020,Zooniverse,"As an admin, I want to annotate news video segments and extract a topic for each segment.",Pragmatic,Uniform,No Violation,,,Story + Backlog,,
ZO-020,Zooniverse,"As an admin, I want to annotate news video segments and extract a topic for each segment.",Pragmatic,Independent,No Violation,,,Story + Backlog,,No evident unnecessary dependency was identified.
ZO-020,Zooniverse,"As an admin, I want to annotate news video segments and extract a topic for each segment.",Pragmatic,Complete,No Violation,,,Story + Backlog,,No evident complementary omission was identified in the available backlog.
ZO-021,Zooniverse,"As an admin, I want to filter and rank videos based on A/V quality aspects.",Syntactic,Well-formed,No Violation,,,Story only,,
ZO-021,Zooniverse,"As an admin, I want to filter and rank videos based on A/V quality aspects.",Syntactic,Atomic,Violation,filter and rank videos based on A/V quality aspects,"The story combines two or more capabilities that can reasonably be implemented, tested, or prioritized independently.",Story only,,Requer alinhamento da regra de fronteira para Atomic.
ZO-021,Zooniverse,"As an admin, I want to filter and rank videos based on A/V quality aspects.",Syntactic,Minimal,No Violation,,,Story only,,Revisar durante a calibração do critério Minimal.
ZO-021,Zooniverse,"As an admin, I want to filter and rank videos based on A/V quality aspects.",Semantic,Conceptually sound,No Violation,,,Story only,,
ZO-021,Zooniverse,"As an admin, I want to filter and rank videos based on A/V quality aspects.",Semantic,Problem-oriented,Violation,filter and rank videos based on A/V quality aspects,"The story prescribes a mechanism, technology, format, interface element, or concrete solution instead of remaining at the level of the stakeholder need.",Story only,,
ZO-021,Zooniverse,"As an admin, I want to filter and rank videos based on A/V quality aspects.",Semantic,Unambiguous,No Violation,,,Story only,,
ZO-021,Zooniverse,"As an admin, I want to filter and rank videos based on A/V quality aspects.",Semantic,Conflict-free,No Violation,,,Story + Backlog,,No explicit conflict was identified in the available backlog.
ZO-021,Zooniverse,"As an admin, I want to filter and rank videos based on A/V quality aspects.",Pragmatic,Full sentence,No Violation,,,Story only,,
ZO-021,Zooniverse,"As an admin, I want to filter and rank videos based on A/V quality aspects.",Pragmatic,Estimatable,Violation,filter and rank videos based on A/V quality aspects,"The highlighted wording leaves relevant scope, expected behavior, or constraints insufficiently defined to support a reliable implementation estimate.",Story + Backlog,,
ZO-021,Zooniverse,"As an admin, I want to filter and rank videos based on A/V quality aspects.",Pragmatic,Unique,No Violation,,,Story + Backlog,,No substantial duplication was identified in the backlog.
ZO-021,Zooniverse,"As an admin, I want to filter and rank videos based on A/V quality aspects.",Pragmatic,Uniform,No Violation,,,Story + Backlog,,
ZO-021,Zooniverse,"As an admin, I want to filter and rank videos based on A/V quality aspects.",Pragmatic,Independent,No Violation,,,Story + Backlog,,No evident unnecessary dependency was identified.
ZO-021,Zooniverse,"As an admin, I want to filter and rank videos based on A/V quality aspects.",Pragmatic,Complete,No Violation,,,Story + Backlog,,No evident complementary omission was identified in the available backlog.
ZO-022,Zooniverse,"As an admin, I want to get a quick assessment of whether audio material has been edited before the upload.",Syntactic,Well-formed,No Violation,,,Story only,,
ZO-022,Zooniverse,"As an admin, I want to get a quick assessment of whether audio material has been edited before the upload.",Syntactic,Atomic,No Violation,,,Story only,,
ZO-022,Zooniverse,"As an admin, I want to get a quick assessment of whether audio material has been edited before the upload.",Syntactic,Minimal,No Violation,,,Story only,,
ZO-022,Zooniverse,"As an admin, I want to get a quick assessment of whether audio material has been edited before the upload.",Semantic,Conceptually sound,No Violation,,,Story only,,
ZO-022,Zooniverse,"As an admin, I want to get a quick assessment of whether audio material has been edited before the upload.",Semantic,Problem-oriented,Violation,get a quick assessment of whether audio material has been edited before the upload,"The story prescribes a mechanism, technology, format, interface element, or concrete solution instead of remaining at the level of the stakeholder need.",Story only,,
ZO-022,Zooniverse,"As an admin, I want to get a quick assessment of whether audio material has been edited before the upload.",Semantic,Unambiguous,No Violation,,,Story only,,
ZO-022,Zooniverse,"As an admin, I want to get a quick assessment of whether audio material has been edited before the upload.",Semantic,Conflict-free,No Violation,,,Story + Backlog,,No explicit conflict was identified in the available backlog.
ZO-022,Zooniverse,"As an admin, I want to get a quick assessment of whether audio material has been edited before the upload.",Pragmatic,Full sentence,No Violation,,,Story only,,
ZO-022,Zooniverse,"As an admin, I want to get a quick assessment of whether audio material has been edited before the upload.",Pragmatic,Estimatable,No Violation,,,Story + Backlog,,The backlog and the story itself provide sufficient scope for a preliminary estimate.
ZO-022,Zooniverse,"As an admin, I want to get a quick assessment of whether audio material has been edited before the upload.",Pragmatic,Unique,No Violation,,,Story + Backlog,,No substantial duplication was identified in the backlog.
ZO-022,Zooniverse,"As an admin, I want to get a quick assessment of whether audio material has been edited before the upload.",Pragmatic,Uniform,No Violation,,,Story + Backlog,,
ZO-022,Zooniverse,"As an admin, I want to get a quick assessment of whether audio material has been edited before the upload.",Pragmatic,Independent,No Violation,,,Story + Backlog,,No evident unnecessary dependency was identified.
ZO-022,Zooniverse,"As an admin, I want to get a quick assessment of whether audio material has been edited before the upload.",Pragmatic,Complete,No Violation,,,Story + Backlog,,No evident complementary omission was identified in the available backlog.
ZO-023,Zooniverse,"As an admin, I want to prefilter nudity content.",Syntactic,Well-formed,No Violation,,,Story only,,
ZO-023,Zooniverse,"As an admin, I want to prefilter nudity content.",Syntactic,Atomic,No Violation,,,Story only,,
ZO-023,Zooniverse,"As an admin, I want to prefilter nudity content.",Syntactic,Minimal,No Violation,,,Story only,,
ZO-023,Zooniverse,"As an admin, I want to prefilter nudity content.",Semantic,Conceptually sound,No Violation,,,Story only,,
ZO-023,Zooniverse,"As an admin, I want to prefilter nudity content.",Semantic,Problem-oriented,Violation,prefilter nudity content,"The story prescribes a mechanism, technology, format, interface element, or concrete solution instead of remaining at the level of the stakeholder need.",Story only,,
ZO-023,Zooniverse,"As an admin, I want to prefilter nudity content.",Semantic,Unambiguous,No Violation,,,Story only,,
ZO-023,Zooniverse,"As an admin, I want to prefilter nudity content.",Semantic,Conflict-free,No Violation,,,Story + Backlog,,No explicit conflict was identified in the available backlog.
ZO-023,Zooniverse,"As an admin, I want to prefilter nudity content.",Pragmatic,Full sentence,No Violation,,,Story only,,
ZO-023,Zooniverse,"As an admin, I want to prefilter nudity content.",Pragmatic,Estimatable,No Violation,,,Story + Backlog,,The backlog and the story itself provide sufficient scope for a preliminary estimate.
ZO-023,Zooniverse,"As an admin, I want to prefilter nudity content.",Pragmatic,Unique,No Violation,,,Story + Backlog,,No substantial duplication was identified in the backlog.
ZO-023,Zooniverse,"As an admin, I want to prefilter nudity content.",Pragmatic,Uniform,No Violation,,,Story + Backlog,,
ZO-023,Zooniverse,"As an admin, I want to prefilter nudity content.",Pragmatic,Independent,No Violation,,,Story + Backlog,,No evident unnecessary dependency was identified.
ZO-023,Zooniverse,"As an admin, I want to prefilter nudity content.",Pragmatic,Complete,No Violation,,,Story + Backlog,,No evident complementary omission was identified in the available backlog.
ZO-024,Zooniverse,"As an admin, I want to prefilter content using search based on low­level asset information.",Syntactic,Well-formed,No Violation,,,Story only,,
ZO-024,Zooniverse,"As an admin, I want to prefilter content using search based on low­level asset information.",Syntactic,Atomic,No Violation,,,Story only,,
ZO-024,Zooniverse,"As an admin, I want to prefilter content using search based on low­level asset information.",Syntactic,Minimal,No Violation,,,Story only,,Revisar durante a calibração do critério Minimal.
ZO-024,Zooniverse,"As an admin, I want to prefilter content using search based on low­level asset information.",Semantic,Conceptually sound,No Violation,,,Story only,,
ZO-024,Zooniverse,"As an admin, I want to prefilter content using search based on low­level asset information.",Semantic,Problem-oriented,Violation,prefilter content using search based on low­level asset information,"The story prescribes a mechanism, technology, format, interface element, or concrete solution instead of remaining at the level of the stakeholder need.",Story only,,
ZO-024,Zooniverse,"As an admin, I want to prefilter content using search based on low­level asset information.",Semantic,Unambiguous,No Violation,,,Story only,,
ZO-024,Zooniverse,"As an admin, I want to prefilter content using search based on low­level asset information.",Semantic,Conflict-free,No Violation,,,Story + Backlog,,No explicit conflict was identified in the available backlog.
ZO-024,Zooniverse,"As an admin, I want to prefilter content using search based on low­level asset information.",Pragmatic,Full sentence,No Violation,,,Story only,,
ZO-024,Zooniverse,"As an admin, I want to prefilter content using search based on low­level asset information.",Pragmatic,Estimatable,No Violation,,,Story + Backlog,,The backlog and the story itself provide sufficient scope for a preliminary estimate.
ZO-024,Zooniverse,"As an admin, I want to prefilter content using search based on low­level asset information.",Pragmatic,Unique,No Violation,,,Story + Backlog,,No substantial duplication was identified in the backlog.
ZO-024,Zooniverse,"As an admin, I want to prefilter content using search based on low­level asset information.",Pragmatic,Uniform,No Violation,,,Story + Backlog,,
ZO-024,Zooniverse,"As an admin, I want to prefilter content using search based on low­level asset information.",Pragmatic,Independent,No Violation,,,Story + Backlog,,No evident unnecessary dependency was identified.
ZO-024,Zooniverse,"As an admin, I want to prefilter content using search based on low­level asset information.",Pragmatic,Complete,No Violation,,,Story + Backlog,,No evident complementary omission was identified in the available backlog.
ZO-025,Zooniverse,"As an admin, I want to automatically validated the ingested contents for copyright infringement.",Syntactic,Well-formed,No Violation,,,Story only,,
ZO-025,Zooniverse,"As an admin, I want to automatically validated the ingested contents for copyright infringement.",Syntactic,Atomic,No Violation,,,Story only,,
ZO-025,Zooniverse,"As an admin, I want to automatically validated the ingested contents for copyright infringement.",Syntactic,Minimal,No Violation,,,Story only,,Revisar durante a calibração do critério Minimal.
ZO-025,Zooniverse,"As an admin, I want to automatically validated the ingested contents for copyright infringement.",Semantic,Conceptually sound,No Violation,,,Story only,,
ZO-025,Zooniverse,"As an admin, I want to automatically validated the ingested contents for copyright infringement.",Semantic,Problem-oriented,Violation,automatically validated the ingested contents for copyright infringement,"The story prescribes a mechanism, technology, format, interface element, or concrete solution instead of remaining at the level of the stakeholder need.",Story only,,
ZO-025,Zooniverse,"As an admin, I want to automatically validated the ingested contents for copyright infringement.",Semantic,Unambiguous,No Violation,,,Story only,,
ZO-025,Zooniverse,"As an admin, I want to automatically validated the ingested contents for copyright infringement.",Semantic,Conflict-free,No Violation,,,Story + Backlog,,No explicit conflict was identified in the available backlog.
ZO-025,Zooniverse,"As an admin, I want to automatically validated the ingested contents for copyright infringement.",Pragmatic,Full sentence,Violation,"As an admin, I want to automatically validated the ingested contents for copyright infringement.",The wording contains an incomplete or broken grammatical construction that prevents the text from forming a complete sentence.,Story only,,
ZO-025,Zooniverse,"As an admin, I want to automatically validated the ingested contents for copyright infringement.",Pragmatic,Estimatable,No Violation,,,Story + Backlog,,The backlog and the story itself provide sufficient scope for a preliminary estimate.
ZO-025,Zooniverse,"As an admin, I want to automatically validated the ingested contents for copyright infringement.",Pragmatic,Unique,No Violation,,,Story + Backlog,,No substantial duplication was identified in the backlog.
ZO-025,Zooniverse,"As an admin, I want to automatically validated the ingested contents for copyright infringement.",Pragmatic,Uniform,No Violation,,,Story + Backlog,,
ZO-025,Zooniverse,"As an admin, I want to automatically validated the ingested contents for copyright infringement.",Pragmatic,Independent,No Violation,,,Story + Backlog,,No evident unnecessary dependency was identified.
ZO-025,Zooniverse,"As an admin, I want to automatically validated the ingested contents for copyright infringement.",Pragmatic,Complete,No Violation,,,Story + Backlog,,No evident complementary omission was identified in the available backlog.
ZO-026,Zooniverse,"As an admin, I want to prefilter the content using search on high­level asset information such as metadata and tags either recognized by the system of provided by the user.",Syntactic,Well-formed,No Violation,,,Story only,,
ZO-026,Zooniverse,"As an admin, I want to prefilter the content using search on high­level asset information such as metadata and tags either recognized by the system of provided by the user.",Syntactic,Atomic,No Violation,,,Story only,,
ZO-026,Zooniverse,"As an admin, I want to prefilter the content using search on high­level asset information such as metadata and tags either recognized by the system of provided by the user.",Syntactic,Minimal,Violation,prefilter the content using search on high­level asset information such as metadata and tags either recognized by the system of provided by the user,"The story incorporates solution, interface, technology, format, field, or constraint details that exceed the minimal description of the stakeholder need.",Story only,,
ZO-026,Zooniverse,"As an admin, I want to prefilter the content using search on high­level asset information such as metadata and tags either recognized by the system of provided by the user.",Semantic,Conceptually sound,No Violation,,,Story only,,
ZO-026,Zooniverse,"As an admin, I want to prefilter the content using search on high­level asset information such as metadata and tags either recognized by the system of provided by the user.",Semantic,Problem-oriented,Violation,prefilter the content using search on high­level asset information such as metadata and tags either recognized by the system of provided by the user,"The story prescribes a mechanism, technology, format, interface element, or concrete solution instead of remaining at the level of the stakeholder need.",Story only,,
ZO-026,Zooniverse,"As an admin, I want to prefilter the content using search on high­level asset information such as metadata and tags either recognized by the system of provided by the user.",Semantic,Unambiguous,No Violation,,,Story only,,
ZO-026,Zooniverse,"As an admin, I want to prefilter the content using search on high­level asset information such as metadata and tags either recognized by the system of provided by the user.",Semantic,Conflict-free,No Violation,,,Story + Backlog,,No explicit conflict was identified in the available backlog.
ZO-026,Zooniverse,"As an admin, I want to prefilter the content using search on high­level asset information such as metadata and tags either recognized by the system of provided by the user.",Pragmatic,Full sentence,No Violation,,,Story only,,
ZO-026,Zooniverse,"As an admin, I want to prefilter the content using search on high­level asset information such as metadata and tags either recognized by the system of provided by the user.",Pragmatic,Estimatable,No Violation,,,Story + Backlog,,The backlog and the story itself provide sufficient scope for a preliminary estimate.
ZO-026,Zooniverse,"As an admin, I want to prefilter the content using search on high­level asset information such as metadata and tags either recognized by the system of provided by the user.",Pragmatic,Unique,No Violation,,,Story + Backlog,,No substantial duplication was identified in the backlog.
ZO-026,Zooniverse,"As an admin, I want to prefilter the content using search on high­level asset information such as metadata and tags either recognized by the system of provided by the user.",Pragmatic,Uniform,No Violation,,,Story + Backlog,,
ZO-026,Zooniverse,"As an admin, I want to prefilter the content using search on high­level asset information such as metadata and tags either recognized by the system of provided by the user.",Pragmatic,Independent,No Violation,,,Story + Backlog,,No evident unnecessary dependency was identified.
ZO-026,Zooniverse,"As an admin, I want to prefilter the content using search on high­level asset information such as metadata and tags either recognized by the system of provided by the user.",Pragmatic,Complete,No Violation,,,Story + Backlog,,No evident complementary omission was identified in the available backlog.
ZO-027,Zooniverse,"As a Zooniverse admin, I want to assess how interesting or appealing or complex a picture is based on automated analysis, citizen annotations, and comments on Talk.",Syntactic,Well-formed,No Violation,,,Story only,,
ZO-027,Zooniverse,"As a Zooniverse admin, I want to assess how interesting or appealing or complex a picture is based on automated analysis, citizen annotations, and comments on Talk.",Syntactic,Atomic,No Violation,,,Story only,,Requer alinhamento da regra de fronteira para Atomic.
ZO-027,Zooniverse,"As a Zooniverse admin, I want to assess how interesting or appealing or complex a picture is based on automated analysis, citizen annotations, and comments on Talk.",Syntactic,Minimal,Violation,"assess how interesting or appealing or complex a picture is based on automated analysis, citizen annotations, and comments on Talk","The story incorporates solution, interface, technology, format, field, or constraint details that exceed the minimal description of the stakeholder need.",Story only,,
ZO-027,Zooniverse,"As a Zooniverse admin, I want to assess how interesting or appealing or complex a picture is based on automated analysis, citizen annotations, and comments on Talk.",Semantic,Conceptually sound,No Violation,,,Story only,,
ZO-027,Zooniverse,"As a Zooniverse admin, I want to assess how interesting or appealing or complex a picture is based on automated analysis, citizen annotations, and comments on Talk.",Semantic,Problem-oriented,Violation,"assess how interesting or appealing or complex a picture is based on automated analysis, citizen annotations, and comments on Talk","The story prescribes a mechanism, technology, format, interface element, or concrete solution instead of remaining at the level of the stakeholder need.",Story only,,
ZO-027,Zooniverse,"As a Zooniverse admin, I want to assess how interesting or appealing or complex a picture is based on automated analysis, citizen annotations, and comments on Talk.",Semantic,Unambiguous,Violation,"assess how interesting or appealing or complex a picture is based on automated analysis, citizen annotations, and comments on Talk","The wording contains vague terms, unclear references, alternatives, or abstractions that allow materially different interpretations.",Story only,,
ZO-027,Zooniverse,"As a Zooniverse admin, I want to assess how interesting or appealing or complex a picture is based on automated analysis, citizen annotations, and comments on Talk.",Semantic,Conflict-free,No Violation,,,Story + Backlog,,No explicit conflict was identified in the available backlog.
ZO-027,Zooniverse,"As a Zooniverse admin, I want to assess how interesting or appealing or complex a picture is based on automated analysis, citizen annotations, and comments on Talk.",Pragmatic,Full sentence,No Violation,,,Story only,,
ZO-027,Zooniverse,"As a Zooniverse admin, I want to assess how interesting or appealing or complex a picture is based on automated analysis, citizen annotations, and comments on Talk.",Pragmatic,Estimatable,Violation,"assess how interesting or appealing or complex a picture is based on automated analysis, citizen annotations, and comments on Talk","The ambiguity or vagueness directly affects the expected scope or behavior, making a reasonable estimate difficult.",Story + Backlog,,
ZO-027,Zooniverse,"As a Zooniverse admin, I want to assess how interesting or appealing or complex a picture is based on automated analysis, citizen annotations, and comments on Talk.",Pragmatic,Unique,No Violation,,,Story + Backlog,,No substantial duplication was identified in the backlog.
ZO-027,Zooniverse,"As a Zooniverse admin, I want to assess how interesting or appealing or complex a picture is based on automated analysis, citizen annotations, and comments on Talk.",Pragmatic,Uniform,No Violation,,,Story + Backlog,,
ZO-027,Zooniverse,"As a Zooniverse admin, I want to assess how interesting or appealing or complex a picture is based on automated analysis, citizen annotations, and comments on Talk.",Pragmatic,Independent,No Violation,,,Story + Backlog,,No evident unnecessary dependency was identified.
ZO-027,Zooniverse,"As a Zooniverse admin, I want to assess how interesting or appealing or complex a picture is based on automated analysis, citizen annotations, and comments on Talk.",Pragmatic,Complete,No Violation,,,Story + Backlog,,No evident complementary omission was identified in the available backlog.
ZO-028,Zooniverse,"As a Zooniverse admin, I want to detect when a scientist should be prompted to look at a subject, based on annotations and information from Talk comments.",Syntactic,Well-formed,No Violation,,,Story only,,
ZO-028,Zooniverse,"As a Zooniverse admin, I want to detect when a scientist should be prompted to look at a subject, based on annotations and information from Talk comments.",Syntactic,Atomic,No Violation,,,Story only,,
ZO-028,Zooniverse,"As a Zooniverse admin, I want to detect when a scientist should be prompted to look at a subject, based on annotations and information from Talk comments.",Syntactic,Minimal,Violation,"detect when a scientist should be prompted to look at a subject, based on annotations and information from Talk comments","The story embeds additional implementation, interface, field, constraint, or workflow detail beyond the minimal role–means–optional end structure.",Story only,,Revisar durante a calibração do critério Minimal.
ZO-028,Zooniverse,"As a Zooniverse admin, I want to detect when a scientist should be prompted to look at a subject, based on annotations and information from Talk comments.",Semantic,Conceptually sound,No Violation,,,Story only,,
ZO-028,Zooniverse,"As a Zooniverse admin, I want to detect when a scientist should be prompted to look at a subject, based on annotations and information from Talk comments.",Semantic,Problem-oriented,Violation,"detect when a scientist should be prompted to look at a subject, based on annotations and information from Talk comments","The story prescribes a mechanism, technology, format, interface element, or concrete solution instead of remaining at the level of the stakeholder need.",Story only,,
ZO-028,Zooniverse,"As a Zooniverse admin, I want to detect when a scientist should be prompted to look at a subject, based on annotations and information from Talk comments.",Semantic,Unambiguous,Violation,"detect when a scientist should be prompted to look at a subject, based on annotations and information from Talk comments","The highlighted wording leaves a key term, scope, reference, or expected behavior open to materially different interpretations.",Story only,,
ZO-028,Zooniverse,"As a Zooniverse admin, I want to detect when a scientist should be prompted to look at a subject, based on annotations and information from Talk comments.",Semantic,Conflict-free,No Violation,,,Story + Backlog,,No explicit conflict was identified in the available backlog.
ZO-028,Zooniverse,"As a Zooniverse admin, I want to detect when a scientist should be prompted to look at a subject, based on annotations and information from Talk comments.",Pragmatic,Full sentence,No Violation,,,Story only,,
ZO-028,Zooniverse,"As a Zooniverse admin, I want to detect when a scientist should be prompted to look at a subject, based on annotations and information from Talk comments.",Pragmatic,Estimatable,Violation,"detect when a scientist should be prompted to look at a subject, based on annotations and information from Talk comments","The highlighted wording leaves relevant scope, expected behavior, or constraints insufficiently defined to support a reliable implementation estimate.",Story + Backlog,,
ZO-028,Zooniverse,"As a Zooniverse admin, I want to detect when a scientist should be prompted to look at a subject, based on annotations and information from Talk comments.",Pragmatic,Unique,No Violation,,,Story + Backlog,,No substantial duplication was identified in the backlog.
ZO-028,Zooniverse,"As a Zooniverse admin, I want to detect when a scientist should be prompted to look at a subject, based on annotations and information from Talk comments.",Pragmatic,Uniform,No Violation,,,Story + Backlog,,
ZO-028,Zooniverse,"As a Zooniverse admin, I want to detect when a scientist should be prompted to look at a subject, based on annotations and information from Talk comments.",Pragmatic,Independent,No Violation,,,Story + Backlog,,No evident unnecessary dependency was identified.
ZO-028,Zooniverse,"As a Zooniverse admin, I want to detect when a scientist should be prompted to look at a subject, based on annotations and information from Talk comments.",Pragmatic,Complete,No Violation,,,Story + Backlog,,No evident complementary omission was identified in the available backlog.
ZO-029,Zooniverse,"As a Zooniverse admin, I want to identify volunteer types.",Syntactic,Well-formed,No Violation,,,Story only,,
ZO-029,Zooniverse,"As a Zooniverse admin, I want to identify volunteer types.",Syntactic,Atomic,No Violation,,,Story only,,
ZO-029,Zooniverse,"As a Zooniverse admin, I want to identify volunteer types.",Syntactic,Minimal,No Violation,,,Story only,,
ZO-029,Zooniverse,"As a Zooniverse admin, I want to identify volunteer types.",Semantic,Conceptually sound,No Violation,,,Story only,,
ZO-029,Zooniverse,"As a Zooniverse admin, I want to identify volunteer types.",Semantic,Problem-oriented,No Violation,,,Story only,,Requer consenso sobre o nível aceitável de prescrição de solução.
ZO-029,Zooniverse,"As a Zooniverse admin, I want to identify volunteer types.",Semantic,Unambiguous,Violation,identify volunteer types,"The wording contains vague terms, unclear references, alternatives, or abstractions that allow materially different interpretations.",Story only,,
ZO-029,Zooniverse,"As a Zooniverse admin, I want to identify volunteer types.",Semantic,Conflict-free,No Violation,,,Story + Backlog,,No explicit conflict was identified in the available backlog.
ZO-029,Zooniverse,"As a Zooniverse admin, I want to identify volunteer types.",Pragmatic,Full sentence,No Violation,,,Story only,,
ZO-029,Zooniverse,"As a Zooniverse admin, I want to identify volunteer types.",Pragmatic,Estimatable,Violation,identify volunteer types,"The ambiguity or vagueness directly affects the expected scope or behavior, making a reasonable estimate difficult.",Story + Backlog,,
ZO-029,Zooniverse,"As a Zooniverse admin, I want to identify volunteer types.",Pragmatic,Unique,No Violation,,,Story + Backlog,,No substantial duplication was identified in the backlog.
ZO-029,Zooniverse,"As a Zooniverse admin, I want to identify volunteer types.",Pragmatic,Uniform,No Violation,,,Story + Backlog,,
ZO-029,Zooniverse,"As a Zooniverse admin, I want to identify volunteer types.",Pragmatic,Independent,No Violation,,,Story + Backlog,,No evident unnecessary dependency was identified.
ZO-029,Zooniverse,"As a Zooniverse admin, I want to identify volunteer types.",Pragmatic,Complete,No Violation,,,Story + Backlog,,No evident complementary omission was identified in the available backlog.
ZO-030,Zooniverse,"As a Zooniverse admin, I want to preclassify the Galaxy Zoo images using simple low­level image features.",Syntactic,Well-formed,No Violation,,,Story only,,
ZO-030,Zooniverse,"As a Zooniverse admin, I want to preclassify the Galaxy Zoo images using simple low­level image features.",Syntactic,Atomic,No Violation,,,Story only,,
ZO-030,Zooniverse,"As a Zooniverse admin, I want to preclassify the Galaxy Zoo images using simple low­level image features.",Syntactic,Minimal,Violation,preclassify the Galaxy Zoo images using simple low­level image features,"The story embeds additional implementation, interface, field, constraint, or workflow detail beyond the minimal role–means–optional end structure.",Story only,,Revisar durante a calibração do critério Minimal.
ZO-030,Zooniverse,"As a Zooniverse admin, I want to preclassify the Galaxy Zoo images using simple low­level image features.",Semantic,Conceptually sound,No Violation,,,Story only,,
ZO-030,Zooniverse,"As a Zooniverse admin, I want to preclassify the Galaxy Zoo images using simple low­level image features.",Semantic,Problem-oriented,Violation,preclassify the Galaxy Zoo images using simple low­level image features,"The story prescribes a mechanism, technology, format, interface element, or concrete solution instead of remaining at the level of the stakeholder need.",Story only,,
ZO-030,Zooniverse,"As a Zooniverse admin, I want to preclassify the Galaxy Zoo images using simple low­level image features.",Semantic,Unambiguous,No Violation,,,Story only,,
ZO-030,Zooniverse,"As a Zooniverse admin, I want to preclassify the Galaxy Zoo images using simple low­level image features.",Semantic,Conflict-free,No Violation,,,Story + Backlog,,No explicit conflict was identified in the available backlog.
ZO-030,Zooniverse,"As a Zooniverse admin, I want to preclassify the Galaxy Zoo images using simple low­level image features.",Pragmatic,Full sentence,No Violation,,,Story only,,
ZO-030,Zooniverse,"As a Zooniverse admin, I want to preclassify the Galaxy Zoo images using simple low­level image features.",Pragmatic,Estimatable,No Violation,,,Story + Backlog,,The backlog and the story itself provide sufficient scope for a preliminary estimate.
ZO-030,Zooniverse,"As a Zooniverse admin, I want to preclassify the Galaxy Zoo images using simple low­level image features.",Pragmatic,Unique,No Violation,,,Story + Backlog,,No substantial duplication was identified in the backlog.
ZO-030,Zooniverse,"As a Zooniverse admin, I want to preclassify the Galaxy Zoo images using simple low­level image features.",Pragmatic,Uniform,No Violation,,,Story + Backlog,,
ZO-030,Zooniverse,"As a Zooniverse admin, I want to preclassify the Galaxy Zoo images using simple low­level image features.",Pragmatic,Independent,No Violation,,,Story + Backlog,,No evident unnecessary dependency was identified.
ZO-030,Zooniverse,"As a Zooniverse admin, I want to preclassify the Galaxy Zoo images using simple low­level image features.",Pragmatic,Complete,No Violation,,,Story + Backlog,,No evident complementary omission was identified in the available backlog.
ZO-031,Zooniverse,"As a Zooniverse admin, I want to automatically detect Snapshot Serengeti images with no classifiable animals in them.",Syntactic,Well-formed,No Violation,,,Story only,,
ZO-031,Zooniverse,"As a Zooniverse admin, I want to automatically detect Snapshot Serengeti images with no classifiable animals in them.",Syntactic,Atomic,No Violation,,,Story only,,
ZO-031,Zooniverse,"As a Zooniverse admin, I want to automatically detect Snapshot Serengeti images with no classifiable animals in them.",Syntactic,Minimal,No Violation,,,Story only,,Revisar durante a calibração do critério Minimal.
ZO-031,Zooniverse,"As a Zooniverse admin, I want to automatically detect Snapshot Serengeti images with no classifiable animals in them.",Semantic,Conceptually sound,No Violation,,,Story only,,
ZO-031,Zooniverse,"As a Zooniverse admin, I want to automatically detect Snapshot Serengeti images with no classifiable animals in them.",Semantic,Problem-oriented,Violation,automatically detect Snapshot Serengeti images with no classifiable animals in them,"The story prescribes a mechanism, technology, format, interface element, or concrete solution instead of remaining at the level of the stakeholder need.",Story only,,
ZO-031,Zooniverse,"As a Zooniverse admin, I want to automatically detect Snapshot Serengeti images with no classifiable animals in them.",Semantic,Unambiguous,No Violation,,,Story only,,
ZO-031,Zooniverse,"As a Zooniverse admin, I want to automatically detect Snapshot Serengeti images with no classifiable animals in them.",Semantic,Conflict-free,No Violation,,,Story + Backlog,,No explicit conflict was identified in the available backlog.
ZO-031,Zooniverse,"As a Zooniverse admin, I want to automatically detect Snapshot Serengeti images with no classifiable animals in them.",Pragmatic,Full sentence,No Violation,,,Story only,,
ZO-031,Zooniverse,"As a Zooniverse admin, I want to automatically detect Snapshot Serengeti images with no classifiable animals in them.",Pragmatic,Estimatable,No Violation,,,Story + Backlog,,The backlog and the story itself provide sufficient scope for a preliminary estimate.
ZO-031,Zooniverse,"As a Zooniverse admin, I want to automatically detect Snapshot Serengeti images with no classifiable animals in them.",Pragmatic,Unique,No Violation,,,Story + Backlog,,No substantial duplication was identified in the backlog.
ZO-031,Zooniverse,"As a Zooniverse admin, I want to automatically detect Snapshot Serengeti images with no classifiable animals in them.",Pragmatic,Uniform,No Violation,,,Story + Backlog,,
ZO-031,Zooniverse,"As a Zooniverse admin, I want to automatically detect Snapshot Serengeti images with no classifiable animals in them.",Pragmatic,Independent,No Violation,,,Story + Backlog,,No evident unnecessary dependency was identified.
ZO-031,Zooniverse,"As a Zooniverse admin, I want to automatically detect Snapshot Serengeti images with no classifiable animals in them.",Pragmatic,Complete,No Violation,,,Story + Backlog,,No evident complementary omission was identified in the available backlog.
ZO-032,Zooniverse,"As a Zooniverse admin, I want to perform automatic image series detection for the case of timestamping malfunction in Snapshot Serengeti images.",Syntactic,Well-formed,No Violation,,,Story only,,
ZO-032,Zooniverse,"As a Zooniverse admin, I want to perform automatic image series detection for the case of timestamping malfunction in Snapshot Serengeti images.",Syntactic,Atomic,No Violation,,,Story only,,
ZO-032,Zooniverse,"As a Zooniverse admin, I want to perform automatic image series detection for the case of timestamping malfunction in Snapshot Serengeti images.",Syntactic,Minimal,No Violation,,,Story only,,Revisar durante a calibração do critério Minimal.
ZO-032,Zooniverse,"As a Zooniverse admin, I want to perform automatic image series detection for the case of timestamping malfunction in Snapshot Serengeti images.",Semantic,Conceptually sound,No Violation,,,Story only,,
ZO-032,Zooniverse,"As a Zooniverse admin, I want to perform automatic image series detection for the case of timestamping malfunction in Snapshot Serengeti images.",Semantic,Problem-oriented,Violation,perform automatic image series detection for the case of timestamping malfunction in Snapshot Serengeti images,"The story prescribes a mechanism, technology, format, interface element, or concrete solution instead of remaining at the level of the stakeholder need.",Story only,,
ZO-032,Zooniverse,"As a Zooniverse admin, I want to perform automatic image series detection for the case of timestamping malfunction in Snapshot Serengeti images.",Semantic,Unambiguous,No Violation,,,Story only,,
ZO-032,Zooniverse,"As a Zooniverse admin, I want to perform automatic image series detection for the case of timestamping malfunction in Snapshot Serengeti images.",Semantic,Conflict-free,No Violation,,,Story + Backlog,,No explicit conflict was identified in the available backlog.
ZO-032,Zooniverse,"As a Zooniverse admin, I want to perform automatic image series detection for the case of timestamping malfunction in Snapshot Serengeti images.",Pragmatic,Full sentence,No Violation,,,Story only,,
ZO-032,Zooniverse,"As a Zooniverse admin, I want to perform automatic image series detection for the case of timestamping malfunction in Snapshot Serengeti images.",Pragmatic,Estimatable,No Violation,,,Story + Backlog,,The backlog and the story itself provide sufficient scope for a preliminary estimate.
ZO-032,Zooniverse,"As a Zooniverse admin, I want to perform automatic image series detection for the case of timestamping malfunction in Snapshot Serengeti images.",Pragmatic,Unique,No Violation,,,Story + Backlog,,No substantial duplication was identified in the backlog.
ZO-032,Zooniverse,"As a Zooniverse admin, I want to perform automatic image series detection for the case of timestamping malfunction in Snapshot Serengeti images.",Pragmatic,Uniform,No Violation,,,Story + Backlog,,
ZO-032,Zooniverse,"As a Zooniverse admin, I want to perform automatic image series detection for the case of timestamping malfunction in Snapshot Serengeti images.",Pragmatic,Independent,No Violation,,,Story + Backlog,,No evident unnecessary dependency was identified.
ZO-032,Zooniverse,"As a Zooniverse admin, I want to perform automatic image series detection for the case of timestamping malfunction in Snapshot Serengeti images.",Pragmatic,Complete,No Violation,,,Story + Backlog,,No evident complementary omission was identified in the available backlog.
ZO-033,Zooniverse,"As a Zooniverse admin, I want to perform automatic animal species preclassification in Snapshot Serengeti.",Syntactic,Well-formed,No Violation,,,Story only,,
ZO-033,Zooniverse,"As a Zooniverse admin, I want to perform automatic animal species preclassification in Snapshot Serengeti.",Syntactic,Atomic,No Violation,,,Story only,,
ZO-033,Zooniverse,"As a Zooniverse admin, I want to perform automatic animal species preclassification in Snapshot Serengeti.",Syntactic,Minimal,No Violation,,,Story only,,Revisar durante a calibração do critério Minimal.
ZO-033,Zooniverse,"As a Zooniverse admin, I want to perform automatic animal species preclassification in Snapshot Serengeti.",Semantic,Conceptually sound,No Violation,,,Story only,,
ZO-033,Zooniverse,"As a Zooniverse admin, I want to perform automatic animal species preclassification in Snapshot Serengeti.",Semantic,Problem-oriented,Violation,perform automatic animal species preclassification in Snapshot Serengeti,"The story prescribes a mechanism, technology, format, interface element, or concrete solution instead of remaining at the level of the stakeholder need.",Story only,,
ZO-033,Zooniverse,"As a Zooniverse admin, I want to perform automatic animal species preclassification in Snapshot Serengeti.",Semantic,Unambiguous,No Violation,,,Story only,,
ZO-033,Zooniverse,"As a Zooniverse admin, I want to perform automatic animal species preclassification in Snapshot Serengeti.",Semantic,Conflict-free,No Violation,,,Story + Backlog,,No explicit conflict was identified in the available backlog.
ZO-033,Zooniverse,"As a Zooniverse admin, I want to perform automatic animal species preclassification in Snapshot Serengeti.",Pragmatic,Full sentence,No Violation,,,Story only,,
ZO-033,Zooniverse,"As a Zooniverse admin, I want to perform automatic animal species preclassification in Snapshot Serengeti.",Pragmatic,Estimatable,No Violation,,,Story + Backlog,,The backlog and the story itself provide sufficient scope for a preliminary estimate.
ZO-033,Zooniverse,"As a Zooniverse admin, I want to perform automatic animal species preclassification in Snapshot Serengeti.",Pragmatic,Unique,No Violation,,,Story + Backlog,,No substantial duplication was identified in the backlog.
ZO-033,Zooniverse,"As a Zooniverse admin, I want to perform automatic animal species preclassification in Snapshot Serengeti.",Pragmatic,Uniform,No Violation,,,Story + Backlog,,
ZO-033,Zooniverse,"As a Zooniverse admin, I want to perform automatic animal species preclassification in Snapshot Serengeti.",Pragmatic,Independent,No Violation,,,Story + Backlog,,No evident unnecessary dependency was identified.
ZO-033,Zooniverse,"As a Zooniverse admin, I want to perform automatic animal species preclassification in Snapshot Serengeti.",Pragmatic,Complete,No Violation,,,Story + Backlog,,No evident complementary omission was identified in the available backlog.
ZO-034,Zooniverse,"As a Zooniverse admin, I want to perform automatic animal attribute preclassification in Snapshot Serengeti.",Syntactic,Well-formed,No Violation,,,Story only,,
ZO-034,Zooniverse,"As a Zooniverse admin, I want to perform automatic animal attribute preclassification in Snapshot Serengeti.",Syntactic,Atomic,No Violation,,,Story only,,
ZO-034,Zooniverse,"As a Zooniverse admin, I want to perform automatic animal attribute preclassification in Snapshot Serengeti.",Syntactic,Minimal,No Violation,,,Story only,,Revisar durante a calibração do critério Minimal.
ZO-034,Zooniverse,"As a Zooniverse admin, I want to perform automatic animal attribute preclassification in Snapshot Serengeti.",Semantic,Conceptually sound,No Violation,,,Story only,,
ZO-034,Zooniverse,"As a Zooniverse admin, I want to perform automatic animal attribute preclassification in Snapshot Serengeti.",Semantic,Problem-oriented,Violation,perform automatic animal attribute preclassification in Snapshot Serengeti,"The story prescribes a mechanism, technology, format, interface element, or concrete solution instead of remaining at the level of the stakeholder need.",Story only,,
ZO-034,Zooniverse,"As a Zooniverse admin, I want to perform automatic animal attribute preclassification in Snapshot Serengeti.",Semantic,Unambiguous,No Violation,,,Story only,,
ZO-034,Zooniverse,"As a Zooniverse admin, I want to perform automatic animal attribute preclassification in Snapshot Serengeti.",Semantic,Conflict-free,No Violation,,,Story + Backlog,,No explicit conflict was identified in the available backlog.
ZO-034,Zooniverse,"As a Zooniverse admin, I want to perform automatic animal attribute preclassification in Snapshot Serengeti.",Pragmatic,Full sentence,No Violation,,,Story only,,
ZO-034,Zooniverse,"As a Zooniverse admin, I want to perform automatic animal attribute preclassification in Snapshot Serengeti.",Pragmatic,Estimatable,No Violation,,,Story + Backlog,,The backlog and the story itself provide sufficient scope for a preliminary estimate.
ZO-034,Zooniverse,"As a Zooniverse admin, I want to perform automatic animal attribute preclassification in Snapshot Serengeti.",Pragmatic,Unique,No Violation,,,Story + Backlog,,No substantial duplication was identified in the backlog.
ZO-034,Zooniverse,"As a Zooniverse admin, I want to perform automatic animal attribute preclassification in Snapshot Serengeti.",Pragmatic,Uniform,No Violation,,,Story + Backlog,,
ZO-034,Zooniverse,"As a Zooniverse admin, I want to perform automatic animal attribute preclassification in Snapshot Serengeti.",Pragmatic,Independent,No Violation,,,Story + Backlog,,No evident unnecessary dependency was identified.
ZO-034,Zooniverse,"As a Zooniverse admin, I want to perform automatic animal attribute preclassification in Snapshot Serengeti.",Pragmatic,Complete,No Violation,,,Story + Backlog,,No evident complementary omission was identified in the available backlog.
ZO-035,Zooniverse,"As a Zooniverse admin, I want to perform automatic animal number detection in Snapshot Serengeti.",Syntactic,Well-formed,No Violation,,,Story only,,
ZO-035,Zooniverse,"As a Zooniverse admin, I want to perform automatic animal number detection in Snapshot Serengeti.",Syntactic,Atomic,No Violation,,,Story only,,
ZO-035,Zooniverse,"As a Zooniverse admin, I want to perform automatic animal number detection in Snapshot Serengeti.",Syntactic,Minimal,No Violation,,,Story only,,Revisar durante a calibração do critério Minimal.
ZO-035,Zooniverse,"As a Zooniverse admin, I want to perform automatic animal number detection in Snapshot Serengeti.",Semantic,Conceptually sound,No Violation,,,Story only,,
ZO-035,Zooniverse,"As a Zooniverse admin, I want to perform automatic animal number detection in Snapshot Serengeti.",Semantic,Problem-oriented,Violation,perform automatic animal number detection in Snapshot Serengeti,"The story prescribes a mechanism, technology, format, interface element, or concrete solution instead of remaining at the level of the stakeholder need.",Story only,,
ZO-035,Zooniverse,"As a Zooniverse admin, I want to perform automatic animal number detection in Snapshot Serengeti.",Semantic,Unambiguous,No Violation,,,Story only,,
ZO-035,Zooniverse,"As a Zooniverse admin, I want to perform automatic animal number detection in Snapshot Serengeti.",Semantic,Conflict-free,No Violation,,,Story + Backlog,,No explicit conflict was identified in the available backlog.
ZO-035,Zooniverse,"As a Zooniverse admin, I want to perform automatic animal number detection in Snapshot Serengeti.",Pragmatic,Full sentence,No Violation,,,Story only,,
ZO-035,Zooniverse,"As a Zooniverse admin, I want to perform automatic animal number detection in Snapshot Serengeti.",Pragmatic,Estimatable,No Violation,,,Story + Backlog,,The backlog and the story itself provide sufficient scope for a preliminary estimate.
ZO-035,Zooniverse,"As a Zooniverse admin, I want to perform automatic animal number detection in Snapshot Serengeti.",Pragmatic,Unique,No Violation,,,Story + Backlog,,No substantial duplication was identified in the backlog.
ZO-035,Zooniverse,"As a Zooniverse admin, I want to perform automatic animal number detection in Snapshot Serengeti.",Pragmatic,Uniform,No Violation,,,Story + Backlog,,
ZO-035,Zooniverse,"As a Zooniverse admin, I want to perform automatic animal number detection in Snapshot Serengeti.",Pragmatic,Independent,No Violation,,,Story + Backlog,,No evident unnecessary dependency was identified.
ZO-035,Zooniverse,"As a Zooniverse admin, I want to perform automatic animal number detection in Snapshot Serengeti.",Pragmatic,Complete,No Violation,,,Story + Backlog,,No evident complementary omission was identified in the available backlog.
ZO-036,Zooniverse,"As a Zooniverse admin, I want to perform automatic segmentation or localization of plankton in Plankton Portal.",Syntactic,Well-formed,No Violation,,,Story only,,
ZO-036,Zooniverse,"As a Zooniverse admin, I want to perform automatic segmentation or localization of plankton in Plankton Portal.",Syntactic,Atomic,No Violation,,,Story only,,
ZO-036,Zooniverse,"As a Zooniverse admin, I want to perform automatic segmentation or localization of plankton in Plankton Portal.",Syntactic,Minimal,No Violation,,,Story only,,Revisar durante a calibração do critério Minimal.
ZO-036,Zooniverse,"As a Zooniverse admin, I want to perform automatic segmentation or localization of plankton in Plankton Portal.",Semantic,Conceptually sound,No Violation,,,Story only,,
ZO-036,Zooniverse,"As a Zooniverse admin, I want to perform automatic segmentation or localization of plankton in Plankton Portal.",Semantic,Problem-oriented,Violation,perform automatic segmentation or localization of plankton in Plankton Portal,"The story prescribes a mechanism, technology, format, interface element, or concrete solution instead of remaining at the level of the stakeholder need.",Story only,,
ZO-036,Zooniverse,"As a Zooniverse admin, I want to perform automatic segmentation or localization of plankton in Plankton Portal.",Semantic,Unambiguous,No Violation,,,Story only,,
ZO-036,Zooniverse,"As a Zooniverse admin, I want to perform automatic segmentation or localization of plankton in Plankton Portal.",Semantic,Conflict-free,No Violation,,,Story + Backlog,,No explicit conflict was identified in the available backlog.
ZO-036,Zooniverse,"As a Zooniverse admin, I want to perform automatic segmentation or localization of plankton in Plankton Portal.",Pragmatic,Full sentence,No Violation,,,Story only,,
ZO-036,Zooniverse,"As a Zooniverse admin, I want to perform automatic segmentation or localization of plankton in Plankton Portal.",Pragmatic,Estimatable,No Violation,,,Story + Backlog,,The backlog and the story itself provide sufficient scope for a preliminary estimate.
ZO-036,Zooniverse,"As a Zooniverse admin, I want to perform automatic segmentation or localization of plankton in Plankton Portal.",Pragmatic,Unique,No Violation,,,Story + Backlog,,No substantial duplication was identified in the backlog.
ZO-036,Zooniverse,"As a Zooniverse admin, I want to perform automatic segmentation or localization of plankton in Plankton Portal.",Pragmatic,Uniform,No Violation,,,Story + Backlog,,
ZO-036,Zooniverse,"As a Zooniverse admin, I want to perform automatic segmentation or localization of plankton in Plankton Portal.",Pragmatic,Independent,No Violation,,,Story + Backlog,,No evident unnecessary dependency was identified.
ZO-036,Zooniverse,"As a Zooniverse admin, I want to perform automatic segmentation or localization of plankton in Plankton Portal.",Pragmatic,Complete,No Violation,,,Story + Backlog,,No evident complementary omission was identified in the available backlog.
ZO-037,Zooniverse,"As a Zooniverse admin, I want to automatically detect Plankton Portal images with no classifiable plankton in them.",Syntactic,Well-formed,No Violation,,,Story only,,
ZO-037,Zooniverse,"As a Zooniverse admin, I want to automatically detect Plankton Portal images with no classifiable plankton in them.",Syntactic,Atomic,No Violation,,,Story only,,
ZO-037,Zooniverse,"As a Zooniverse admin, I want to automatically detect Plankton Portal images with no classifiable plankton in them.",Syntactic,Minimal,No Violation,,,Story only,,Revisar durante a calibração do critério Minimal.
ZO-037,Zooniverse,"As a Zooniverse admin, I want to automatically detect Plankton Portal images with no classifiable plankton in them.",Semantic,Conceptually sound,No Violation,,,Story only,,
ZO-037,Zooniverse,"As a Zooniverse admin, I want to automatically detect Plankton Portal images with no classifiable plankton in them.",Semantic,Problem-oriented,Violation,automatically detect Plankton Portal images with no classifiable plankton in them,"The story prescribes a mechanism, technology, format, interface element, or concrete solution instead of remaining at the level of the stakeholder need.",Story only,,
ZO-037,Zooniverse,"As a Zooniverse admin, I want to automatically detect Plankton Portal images with no classifiable plankton in them.",Semantic,Unambiguous,No Violation,,,Story only,,
ZO-037,Zooniverse,"As a Zooniverse admin, I want to automatically detect Plankton Portal images with no classifiable plankton in them.",Semantic,Conflict-free,No Violation,,,Story + Backlog,,No explicit conflict was identified in the available backlog.
ZO-037,Zooniverse,"As a Zooniverse admin, I want to automatically detect Plankton Portal images with no classifiable plankton in them.",Pragmatic,Full sentence,No Violation,,,Story only,,
ZO-037,Zooniverse,"As a Zooniverse admin, I want to automatically detect Plankton Portal images with no classifiable plankton in them.",Pragmatic,Estimatable,No Violation,,,Story + Backlog,,The backlog and the story itself provide sufficient scope for a preliminary estimate.
ZO-037,Zooniverse,"As a Zooniverse admin, I want to automatically detect Plankton Portal images with no classifiable plankton in them.",Pragmatic,Unique,No Violation,,,Story + Backlog,,No substantial duplication was identified in the backlog.
ZO-037,Zooniverse,"As a Zooniverse admin, I want to automatically detect Plankton Portal images with no classifiable plankton in them.",Pragmatic,Uniform,No Violation,,,Story + Backlog,,
ZO-037,Zooniverse,"As a Zooniverse admin, I want to automatically detect Plankton Portal images with no classifiable plankton in them.",Pragmatic,Independent,No Violation,,,Story + Backlog,,No evident unnecessary dependency was identified.
ZO-037,Zooniverse,"As a Zooniverse admin, I want to automatically detect Plankton Portal images with no classifiable plankton in them.",Pragmatic,Complete,No Violation,,,Story + Backlog,,No evident complementary omission was identified in the available backlog.
ZO-038,Zooniverse,"As a Zooniverse admin, I want to perform automatic detection of plankton size or orientation in Plankton Portal images.",Syntactic,Well-formed,No Violation,,,Story only,,
ZO-038,Zooniverse,"As a Zooniverse admin, I want to perform automatic detection of plankton size or orientation in Plankton Portal images.",Syntactic,Atomic,No Violation,,,Story only,,
ZO-038,Zooniverse,"As a Zooniverse admin, I want to perform automatic detection of plankton size or orientation in Plankton Portal images.",Syntactic,Minimal,No Violation,,,Story only,,Revisar durante a calibração do critério Minimal.
ZO-038,Zooniverse,"As a Zooniverse admin, I want to perform automatic detection of plankton size or orientation in Plankton Portal images.",Semantic,Conceptually sound,No Violation,,,Story only,,
ZO-038,Zooniverse,"As a Zooniverse admin, I want to perform automatic detection of plankton size or orientation in Plankton Portal images.",Semantic,Problem-oriented,Violation,perform automatic detection of plankton size or orientation in Plankton Portal images,"The story prescribes a mechanism, technology, format, interface element, or concrete solution instead of remaining at the level of the stakeholder need.",Story only,,
ZO-038,Zooniverse,"As a Zooniverse admin, I want to perform automatic detection of plankton size or orientation in Plankton Portal images.",Semantic,Unambiguous,No Violation,,,Story only,,
ZO-038,Zooniverse,"As a Zooniverse admin, I want to perform automatic detection of plankton size or orientation in Plankton Portal images.",Semantic,Conflict-free,No Violation,,,Story + Backlog,,No explicit conflict was identified in the available backlog.
ZO-038,Zooniverse,"As a Zooniverse admin, I want to perform automatic detection of plankton size or orientation in Plankton Portal images.",Pragmatic,Full sentence,No Violation,,,Story only,,
ZO-038,Zooniverse,"As a Zooniverse admin, I want to perform automatic detection of plankton size or orientation in Plankton Portal images.",Pragmatic,Estimatable,No Violation,,,Story + Backlog,,The backlog and the story itself provide sufficient scope for a preliminary estimate.
ZO-038,Zooniverse,"As a Zooniverse admin, I want to perform automatic detection of plankton size or orientation in Plankton Portal images.",Pragmatic,Unique,No Violation,,,Story + Backlog,,No substantial duplication was identified in the backlog.
ZO-038,Zooniverse,"As a Zooniverse admin, I want to perform automatic detection of plankton size or orientation in Plankton Portal images.",Pragmatic,Uniform,No Violation,,,Story + Backlog,,
ZO-038,Zooniverse,"As a Zooniverse admin, I want to perform automatic detection of plankton size or orientation in Plankton Portal images.",Pragmatic,Independent,No Violation,,,Story + Backlog,,No evident unnecessary dependency was identified.
ZO-038,Zooniverse,"As a Zooniverse admin, I want to perform automatic detection of plankton size or orientation in Plankton Portal images.",Pragmatic,Complete,No Violation,,,Story + Backlog,,No evident complementary omission was identified in the available backlog.
ZO-039,Zooniverse,"As a Zooniverse admin, I want to perform automatic preclassification of plankton species in Plankton Portal images.",Syntactic,Well-formed,No Violation,,,Story only,,
ZO-039,Zooniverse,"As a Zooniverse admin, I want to perform automatic preclassification of plankton species in Plankton Portal images.",Syntactic,Atomic,No Violation,,,Story only,,
ZO-039,Zooniverse,"As a Zooniverse admin, I want to perform automatic preclassification of plankton species in Plankton Portal images.",Syntactic,Minimal,No Violation,,,Story only,,Revisar durante a calibração do critério Minimal.
ZO-039,Zooniverse,"As a Zooniverse admin, I want to perform automatic preclassification of plankton species in Plankton Portal images.",Semantic,Conceptually sound,No Violation,,,Story only,,
ZO-039,Zooniverse,"As a Zooniverse admin, I want to perform automatic preclassification of plankton species in Plankton Portal images.",Semantic,Problem-oriented,Violation,perform automatic preclassification of plankton species in Plankton Portal images,"The story prescribes a mechanism, technology, format, interface element, or concrete solution instead of remaining at the level of the stakeholder need.",Story only,,
ZO-039,Zooniverse,"As a Zooniverse admin, I want to perform automatic preclassification of plankton species in Plankton Portal images.",Semantic,Unambiguous,No Violation,,,Story only,,
ZO-039,Zooniverse,"As a Zooniverse admin, I want to perform automatic preclassification of plankton species in Plankton Portal images.",Semantic,Conflict-free,No Violation,,,Story + Backlog,,No explicit conflict was identified in the available backlog.
ZO-039,Zooniverse,"As a Zooniverse admin, I want to perform automatic preclassification of plankton species in Plankton Portal images.",Pragmatic,Full sentence,No Violation,,,Story only,,
ZO-039,Zooniverse,"As a Zooniverse admin, I want to perform automatic preclassification of plankton species in Plankton Portal images.",Pragmatic,Estimatable,No Violation,,,Story + Backlog,,The backlog and the story itself provide sufficient scope for a preliminary estimate.
ZO-039,Zooniverse,"As a Zooniverse admin, I want to perform automatic preclassification of plankton species in Plankton Portal images.",Pragmatic,Unique,No Violation,,,Story + Backlog,,No substantial duplication was identified in the backlog.
ZO-039,Zooniverse,"As a Zooniverse admin, I want to perform automatic preclassification of plankton species in Plankton Portal images.",Pragmatic,Uniform,No Violation,,,Story + Backlog,,
ZO-039,Zooniverse,"As a Zooniverse admin, I want to perform automatic preclassification of plankton species in Plankton Portal images.",Pragmatic,Independent,No Violation,,,Story + Backlog,,No evident unnecessary dependency was identified.
ZO-039,Zooniverse,"As a Zooniverse admin, I want to perform automatic preclassification of plankton species in Plankton Portal images.",Pragmatic,Complete,No Violation,,,Story + Backlog,,No evident complementary omission was identified in the available backlog.
ZO-040,Zooniverse,"As a Zooniverse admin, I want to perform automatic worm motion analysis to reduce video duration in Worm Watch Lab.",Syntactic,Well-formed,No Violation,,,Story only,,
ZO-040,Zooniverse,"As a Zooniverse admin, I want to perform automatic worm motion analysis to reduce video duration in Worm Watch Lab.",Syntactic,Atomic,No Violation,,,Story only,,
ZO-040,Zooniverse,"As a Zooniverse admin, I want to perform automatic worm motion analysis to reduce video duration in Worm Watch Lab.",Syntactic,Minimal,No Violation,,,Story only,,Revisar durante a calibração do critério Minimal.
ZO-040,Zooniverse,"As a Zooniverse admin, I want to perform automatic worm motion analysis to reduce video duration in Worm Watch Lab.",Semantic,Conceptually sound,No Violation,,,Story only,,
ZO-040,Zooniverse,"As a Zooniverse admin, I want to perform automatic worm motion analysis to reduce video duration in Worm Watch Lab.",Semantic,Problem-oriented,Violation,perform automatic worm motion analysis to reduce video duration in Worm Watch Lab,"The story prescribes a mechanism, technology, format, interface element, or concrete solution instead of remaining at the level of the stakeholder need.",Story only,,
ZO-040,Zooniverse,"As a Zooniverse admin, I want to perform automatic worm motion analysis to reduce video duration in Worm Watch Lab.",Semantic,Unambiguous,No Violation,,,Story only,,
ZO-040,Zooniverse,"As a Zooniverse admin, I want to perform automatic worm motion analysis to reduce video duration in Worm Watch Lab.",Semantic,Conflict-free,No Violation,,,Story + Backlog,,No explicit conflict was identified in the available backlog.
ZO-040,Zooniverse,"As a Zooniverse admin, I want to perform automatic worm motion analysis to reduce video duration in Worm Watch Lab.",Pragmatic,Full sentence,No Violation,,,Story only,,
ZO-040,Zooniverse,"As a Zooniverse admin, I want to perform automatic worm motion analysis to reduce video duration in Worm Watch Lab.",Pragmatic,Estimatable,No Violation,,,Story + Backlog,,The backlog and the story itself provide sufficient scope for a preliminary estimate.
ZO-040,Zooniverse,"As a Zooniverse admin, I want to perform automatic worm motion analysis to reduce video duration in Worm Watch Lab.",Pragmatic,Unique,No Violation,,,Story + Backlog,,No substantial duplication was identified in the backlog.
ZO-040,Zooniverse,"As a Zooniverse admin, I want to perform automatic worm motion analysis to reduce video duration in Worm Watch Lab.",Pragmatic,Uniform,No Violation,,,Story + Backlog,,
ZO-040,Zooniverse,"As a Zooniverse admin, I want to perform automatic worm motion analysis to reduce video duration in Worm Watch Lab.",Pragmatic,Independent,No Violation,,,Story + Backlog,,No evident unnecessary dependency was identified.
ZO-040,Zooniverse,"As a Zooniverse admin, I want to perform automatic worm motion analysis to reduce video duration in Worm Watch Lab.",Pragmatic,Complete,No Violation,,,Story + Backlog,,No evident complementary omission was identified in the available backlog.
ZO-041,Zooniverse,"As a Zooniverse admin, I want to automatically detect the time in a Worm Watch Lab video where the worm lays an egg.",Syntactic,Well-formed,No Violation,,,Story only,,
ZO-041,Zooniverse,"As a Zooniverse admin, I want to automatically detect the time in a Worm Watch Lab video where the worm lays an egg.",Syntactic,Atomic,No Violation,,,Story only,,
ZO-041,Zooniverse,"As a Zooniverse admin, I want to automatically detect the time in a Worm Watch Lab video where the worm lays an egg.",Syntactic,Minimal,No Violation,,,Story only,,Revisar durante a calibração do critério Minimal.
ZO-041,Zooniverse,"As a Zooniverse admin, I want to automatically detect the time in a Worm Watch Lab video where the worm lays an egg.",Semantic,Conceptually sound,No Violation,,,Story only,,
ZO-041,Zooniverse,"As a Zooniverse admin, I want to automatically detect the time in a Worm Watch Lab video where the worm lays an egg.",Semantic,Problem-oriented,Violation,automatically detect the time in a Worm Watch Lab video where the worm lays an egg,"The story prescribes a mechanism, technology, format, interface element, or concrete solution instead of remaining at the level of the stakeholder need.",Story only,,
ZO-041,Zooniverse,"As a Zooniverse admin, I want to automatically detect the time in a Worm Watch Lab video where the worm lays an egg.",Semantic,Unambiguous,No Violation,,,Story only,,
ZO-041,Zooniverse,"As a Zooniverse admin, I want to automatically detect the time in a Worm Watch Lab video where the worm lays an egg.",Semantic,Conflict-free,No Violation,,,Story + Backlog,,No explicit conflict was identified in the available backlog.
ZO-041,Zooniverse,"As a Zooniverse admin, I want to automatically detect the time in a Worm Watch Lab video where the worm lays an egg.",Pragmatic,Full sentence,No Violation,,,Story only,,
ZO-041,Zooniverse,"As a Zooniverse admin, I want to automatically detect the time in a Worm Watch Lab video where the worm lays an egg.",Pragmatic,Estimatable,No Violation,,,Story + Backlog,,The backlog and the story itself provide sufficient scope for a preliminary estimate.
ZO-041,Zooniverse,"As a Zooniverse admin, I want to automatically detect the time in a Worm Watch Lab video where the worm lays an egg.",Pragmatic,Unique,No Violation,,,Story + Backlog,,No substantial duplication was identified in the backlog.
ZO-041,Zooniverse,"As a Zooniverse admin, I want to automatically detect the time in a Worm Watch Lab video where the worm lays an egg.",Pragmatic,Uniform,No Violation,,,Story + Backlog,,
ZO-041,Zooniverse,"As a Zooniverse admin, I want to automatically detect the time in a Worm Watch Lab video where the worm lays an egg.",Pragmatic,Independent,No Violation,,,Story + Backlog,,No evident unnecessary dependency was identified.
ZO-041,Zooniverse,"As a Zooniverse admin, I want to automatically detect the time in a Worm Watch Lab video where the worm lays an egg.",Pragmatic,Complete,No Violation,,,Story + Backlog,,No evident complementary omission was identified in the available backlog.
ZO-042,Zooniverse,"As a Zooniverse admin, I want to detect important features such as areas of flooding, damage, temporary shelters, blocked roads etc in the satellite images.",Syntactic,Well-formed,No Violation,,,Story only,,
ZO-042,Zooniverse,"As a Zooniverse admin, I want to detect important features such as areas of flooding, damage, temporary shelters, blocked roads etc in the satellite images.",Syntactic,Atomic,No Violation,,,Story only,,Requer alinhamento da regra de fronteira para Atomic.
ZO-042,Zooniverse,"As a Zooniverse admin, I want to detect important features such as areas of flooding, damage, temporary shelters, blocked roads etc in the satellite images.",Syntactic,Minimal,Violation,"detect important features such as areas of flooding, damage, temporary shelters, blocked roads etc in the satellite images","The story incorporates solution, interface, technology, format, field, or constraint details that exceed the minimal description of the stakeholder need.",Story only,,
ZO-042,Zooniverse,"As a Zooniverse admin, I want to detect important features such as areas of flooding, damage, temporary shelters, blocked roads etc in the satellite images.",Semantic,Conceptually sound,No Violation,,,Story only,,
ZO-042,Zooniverse,"As a Zooniverse admin, I want to detect important features such as areas of flooding, damage, temporary shelters, blocked roads etc in the satellite images.",Semantic,Problem-oriented,Violation,"detect important features such as areas of flooding, damage, temporary shelters, blocked roads etc in the satellite images","The story prescribes a mechanism, technology, format, interface element, or concrete solution instead of remaining at the level of the stakeholder need.",Story only,,
ZO-042,Zooniverse,"As a Zooniverse admin, I want to detect important features such as areas of flooding, damage, temporary shelters, blocked roads etc in the satellite images.",Semantic,Unambiguous,Violation,"detect important features such as areas of flooding, damage, temporary shelters, blocked roads etc in the satellite images","The highlighted wording leaves a key term, scope, reference, or expected behavior open to materially different interpretations.",Story only,,
ZO-042,Zooniverse,"As a Zooniverse admin, I want to detect important features such as areas of flooding, damage, temporary shelters, blocked roads etc in the satellite images.",Semantic,Conflict-free,No Violation,,,Story + Backlog,,No explicit conflict was identified in the available backlog.
ZO-042,Zooniverse,"As a Zooniverse admin, I want to detect important features such as areas of flooding, damage, temporary shelters, blocked roads etc in the satellite images.",Pragmatic,Full sentence,No Violation,,,Story only,,
ZO-042,Zooniverse,"As a Zooniverse admin, I want to detect important features such as areas of flooding, damage, temporary shelters, blocked roads etc in the satellite images.",Pragmatic,Estimatable,Violation,"detect important features such as areas of flooding, damage, temporary shelters, blocked roads etc in the satellite images","The highlighted wording leaves relevant scope, expected behavior, or constraints insufficiently defined to support a reliable implementation estimate.",Story + Backlog,,
ZO-042,Zooniverse,"As a Zooniverse admin, I want to detect important features such as areas of flooding, damage, temporary shelters, blocked roads etc in the satellite images.",Pragmatic,Unique,No Violation,,,Story + Backlog,,No substantial duplication was identified in the backlog.
ZO-042,Zooniverse,"As a Zooniverse admin, I want to detect important features such as areas of flooding, damage, temporary shelters, blocked roads etc in the satellite images.",Pragmatic,Uniform,No Violation,,,Story + Backlog,,
ZO-042,Zooniverse,"As a Zooniverse admin, I want to detect important features such as areas of flooding, damage, temporary shelters, blocked roads etc in the satellite images.",Pragmatic,Independent,No Violation,,,Story + Backlog,,No evident unnecessary dependency was identified.
ZO-042,Zooniverse,"As a Zooniverse admin, I want to detect important features such as areas of flooding, damage, temporary shelters, blocked roads etc in the satellite images.",Pragmatic,Complete,No Violation,,,Story + Backlog,,No evident complementary omission was identified in the available backlog.
ZO-043,Zooniverse,"As a Zooniverse admin, I want to assess the probability/weight of a volunteer’s classification based on their experience.",Syntactic,Well-formed,No Violation,,,Story only,,
ZO-043,Zooniverse,"As a Zooniverse admin, I want to assess the probability/weight of a volunteer’s classification based on their experience.",Syntactic,Atomic,No Violation,,,Story only,,
ZO-043,Zooniverse,"As a Zooniverse admin, I want to assess the probability/weight of a volunteer’s classification based on their experience.",Syntactic,Minimal,Violation,assess the probability/weight of a volunteer’s classification based on their experience,"The story embeds additional implementation, interface, field, constraint, or workflow detail beyond the minimal role–means–optional end structure.",Story only,,Revisar durante a calibração do critério Minimal.
ZO-043,Zooniverse,"As a Zooniverse admin, I want to assess the probability/weight of a volunteer’s classification based on their experience.",Semantic,Conceptually sound,No Violation,,,Story only,,
ZO-043,Zooniverse,"As a Zooniverse admin, I want to assess the probability/weight of a volunteer’s classification based on their experience.",Semantic,Problem-oriented,Violation,assess the probability/weight of a volunteer’s classification based on their experience,"The story prescribes a mechanism, technology, format, interface element, or concrete solution instead of remaining at the level of the stakeholder need.",Story only,,
ZO-043,Zooniverse,"As a Zooniverse admin, I want to assess the probability/weight of a volunteer’s classification based on their experience.",Semantic,Unambiguous,Violation,assess the probability/weight of a volunteer’s classification based on their experience,"The highlighted wording leaves a key term, scope, reference, or expected behavior open to materially different interpretations.",Story only,,
ZO-043,Zooniverse,"As a Zooniverse admin, I want to assess the probability/weight of a volunteer’s classification based on their experience.",Semantic,Conflict-free,No Violation,,,Story + Backlog,,No explicit conflict was identified in the available backlog.
ZO-043,Zooniverse,"As a Zooniverse admin, I want to assess the probability/weight of a volunteer’s classification based on their experience.",Pragmatic,Full sentence,No Violation,,,Story only,,
ZO-043,Zooniverse,"As a Zooniverse admin, I want to assess the probability/weight of a volunteer’s classification based on their experience.",Pragmatic,Estimatable,Violation,assess the probability/weight of a volunteer’s classification based on their experience,"The highlighted wording leaves relevant scope, expected behavior, or constraints insufficiently defined to support a reliable implementation estimate.",Story + Backlog,,
ZO-043,Zooniverse,"As a Zooniverse admin, I want to assess the probability/weight of a volunteer’s classification based on their experience.",Pragmatic,Unique,No Violation,,,Story + Backlog,,No substantial duplication was identified in the backlog.
ZO-043,Zooniverse,"As a Zooniverse admin, I want to assess the probability/weight of a volunteer’s classification based on their experience.",Pragmatic,Uniform,No Violation,,,Story + Backlog,,
ZO-043,Zooniverse,"As a Zooniverse admin, I want to assess the probability/weight of a volunteer’s classification based on their experience.",Pragmatic,Independent,No Violation,,,Story + Backlog,,No evident unnecessary dependency was identified.
ZO-043,Zooniverse,"As a Zooniverse admin, I want to assess the probability/weight of a volunteer’s classification based on their experience.",Pragmatic,Complete,No Violation,,,Story + Backlog,,No evident complementary omission was identified in the available backlog.
ZO-044,Zooniverse,"As a Zooniverse admin, I want to perform prefiltering of the images to remove artefacts such as bright stars and camera read errors.",Syntactic,Well-formed,No Violation,,,Story only,,
ZO-044,Zooniverse,"As a Zooniverse admin, I want to perform prefiltering of the images to remove artefacts such as bright stars and camera read errors.",Syntactic,Atomic,No Violation,,,Story only,,
ZO-044,Zooniverse,"As a Zooniverse admin, I want to perform prefiltering of the images to remove artefacts such as bright stars and camera read errors.",Syntactic,Minimal,No Violation,,,Story only,,Revisar durante a calibração do critério Minimal.
ZO-044,Zooniverse,"As a Zooniverse admin, I want to perform prefiltering of the images to remove artefacts such as bright stars and camera read errors.",Semantic,Conceptually sound,No Violation,,,Story only,,
ZO-044,Zooniverse,"As a Zooniverse admin, I want to perform prefiltering of the images to remove artefacts such as bright stars and camera read errors.",Semantic,Problem-oriented,Violation,perform prefiltering of the images to remove artefacts such as bright stars and camera read errors,"The story prescribes a mechanism, technology, format, interface element, or concrete solution instead of remaining at the level of the stakeholder need.",Story only,,
ZO-044,Zooniverse,"As a Zooniverse admin, I want to perform prefiltering of the images to remove artefacts such as bright stars and camera read errors.",Semantic,Unambiguous,No Violation,,,Story only,,
ZO-044,Zooniverse,"As a Zooniverse admin, I want to perform prefiltering of the images to remove artefacts such as bright stars and camera read errors.",Semantic,Conflict-free,No Violation,,,Story + Backlog,,No explicit conflict was identified in the available backlog.
ZO-044,Zooniverse,"As a Zooniverse admin, I want to perform prefiltering of the images to remove artefacts such as bright stars and camera read errors.",Pragmatic,Full sentence,No Violation,,,Story only,,
ZO-044,Zooniverse,"As a Zooniverse admin, I want to perform prefiltering of the images to remove artefacts such as bright stars and camera read errors.",Pragmatic,Estimatable,No Violation,,,Story + Backlog,,The backlog and the story itself provide sufficient scope for a preliminary estimate.
ZO-044,Zooniverse,"As a Zooniverse admin, I want to perform prefiltering of the images to remove artefacts such as bright stars and camera read errors.",Pragmatic,Unique,No Violation,,,Story + Backlog,,No substantial duplication was identified in the backlog.
ZO-044,Zooniverse,"As a Zooniverse admin, I want to perform prefiltering of the images to remove artefacts such as bright stars and camera read errors.",Pragmatic,Uniform,No Violation,,,Story + Backlog,,
ZO-044,Zooniverse,"As a Zooniverse admin, I want to perform prefiltering of the images to remove artefacts such as bright stars and camera read errors.",Pragmatic,Independent,No Violation,,,Story + Backlog,,No evident unnecessary dependency was identified.
ZO-044,Zooniverse,"As a Zooniverse admin, I want to perform prefiltering of the images to remove artefacts such as bright stars and camera read errors.",Pragmatic,Complete,No Violation,,,Story + Backlog,,No evident complementary omission was identified in the available backlog.
ZO-045,Zooniverse,"As a Zooniverse admin, I want to detect moving and transient objects in the images.",Syntactic,Well-formed,No Violation,,,Story only,,
ZO-045,Zooniverse,"As a Zooniverse admin, I want to detect moving and transient objects in the images.",Syntactic,Atomic,No Violation,,,Story only,,
ZO-045,Zooniverse,"As a Zooniverse admin, I want to detect moving and transient objects in the images.",Syntactic,Minimal,No Violation,,,Story only,,Revisar durante a calibração do critério Minimal.
ZO-045,Zooniverse,"As a Zooniverse admin, I want to detect moving and transient objects in the images.",Semantic,Conceptually sound,No Violation,,,Story only,,
ZO-045,Zooniverse,"As a Zooniverse admin, I want to detect moving and transient objects in the images.",Semantic,Problem-oriented,Violation,detect moving and transient objects in the images,"The story prescribes a mechanism, technology, format, interface element, or concrete solution instead of remaining at the level of the stakeholder need.",Story only,,
ZO-045,Zooniverse,"As a Zooniverse admin, I want to detect moving and transient objects in the images.",Semantic,Unambiguous,No Violation,,,Story only,,
ZO-045,Zooniverse,"As a Zooniverse admin, I want to detect moving and transient objects in the images.",Semantic,Conflict-free,No Violation,,,Story + Backlog,,No explicit conflict was identified in the available backlog.
ZO-045,Zooniverse,"As a Zooniverse admin, I want to detect moving and transient objects in the images.",Pragmatic,Full sentence,No Violation,,,Story only,,
ZO-045,Zooniverse,"As a Zooniverse admin, I want to detect moving and transient objects in the images.",Pragmatic,Estimatable,No Violation,,,Story + Backlog,,The backlog and the story itself provide sufficient scope for a preliminary estimate.
ZO-045,Zooniverse,"As a Zooniverse admin, I want to detect moving and transient objects in the images.",Pragmatic,Unique,No Violation,,,Story + Backlog,,No substantial duplication was identified in the backlog.
ZO-045,Zooniverse,"As a Zooniverse admin, I want to detect moving and transient objects in the images.",Pragmatic,Uniform,No Violation,,,Story + Backlog,,
ZO-045,Zooniverse,"As a Zooniverse admin, I want to detect moving and transient objects in the images.",Pragmatic,Independent,No Violation,,,Story + Backlog,,No evident unnecessary dependency was identified.
ZO-045,Zooniverse,"As a Zooniverse admin, I want to detect moving and transient objects in the images.",Pragmatic,Complete,No Violation,,,Story + Backlog,,No evident complementary omission was identified in the available backlog.
ZO-046,Zooniverse,"As a Zooniverse admin, I want to remove background noise and distracting sounds from the audio files.",Syntactic,Well-formed,No Violation,,,Story only,,
ZO-046,Zooniverse,"As a Zooniverse admin, I want to remove background noise and distracting sounds from the audio files.",Syntactic,Atomic,No Violation,,,Story only,,
ZO-046,Zooniverse,"As a Zooniverse admin, I want to remove background noise and distracting sounds from the audio files.",Syntactic,Minimal,No Violation,,,Story only,,Revisar durante a calibração do critério Minimal.
ZO-046,Zooniverse,"As a Zooniverse admin, I want to remove background noise and distracting sounds from the audio files.",Semantic,Conceptually sound,No Violation,,,Story only,,
ZO-046,Zooniverse,"As a Zooniverse admin, I want to remove background noise and distracting sounds from the audio files.",Semantic,Problem-oriented,Violation,remove background noise and distracting sounds from the audio files,"The story prescribes a mechanism, technology, format, interface element, or concrete solution instead of remaining at the level of the stakeholder need.",Story only,,
ZO-046,Zooniverse,"As a Zooniverse admin, I want to remove background noise and distracting sounds from the audio files.",Semantic,Unambiguous,No Violation,,,Story only,,
ZO-046,Zooniverse,"As a Zooniverse admin, I want to remove background noise and distracting sounds from the audio files.",Semantic,Conflict-free,No Violation,,,Story + Backlog,,No explicit conflict was identified in the available backlog.
ZO-046,Zooniverse,"As a Zooniverse admin, I want to remove background noise and distracting sounds from the audio files.",Pragmatic,Full sentence,No Violation,,,Story only,,
ZO-046,Zooniverse,"As a Zooniverse admin, I want to remove background noise and distracting sounds from the audio files.",Pragmatic,Estimatable,No Violation,,,Story + Backlog,,The backlog and the story itself provide sufficient scope for a preliminary estimate.
ZO-046,Zooniverse,"As a Zooniverse admin, I want to remove background noise and distracting sounds from the audio files.",Pragmatic,Unique,No Violation,,,Story + Backlog,,No substantial duplication was identified in the backlog.
ZO-046,Zooniverse,"As a Zooniverse admin, I want to remove background noise and distracting sounds from the audio files.",Pragmatic,Uniform,No Violation,,,Story + Backlog,,
ZO-046,Zooniverse,"As a Zooniverse admin, I want to remove background noise and distracting sounds from the audio files.",Pragmatic,Independent,No Violation,,,Story + Backlog,,No evident unnecessary dependency was identified.
ZO-046,Zooniverse,"As a Zooniverse admin, I want to remove background noise and distracting sounds from the audio files.",Pragmatic,Complete,No Violation,,,Story + Backlog,,No evident complementary omission was identified in the available backlog.
ZO-047,Zooniverse,"As a Zooniverse admin, I want to group whale calls that are similar.",Syntactic,Well-formed,No Violation,,,Story only,,
ZO-047,Zooniverse,"As a Zooniverse admin, I want to group whale calls that are similar.",Syntactic,Atomic,No Violation,,,Story only,,
ZO-047,Zooniverse,"As a Zooniverse admin, I want to group whale calls that are similar.",Syntactic,Minimal,No Violation,,,Story only,,
ZO-047,Zooniverse,"As a Zooniverse admin, I want to group whale calls that are similar.",Semantic,Conceptually sound,No Violation,,,Story only,,
ZO-047,Zooniverse,"As a Zooniverse admin, I want to group whale calls that are similar.",Semantic,Problem-oriented,No Violation,,,Story only,,Requer consenso sobre o nível aceitável de prescrição de solução.
ZO-047,Zooniverse,"As a Zooniverse admin, I want to group whale calls that are similar.",Semantic,Unambiguous,No Violation,,,Story only,,
ZO-047,Zooniverse,"As a Zooniverse admin, I want to group whale calls that are similar.",Semantic,Conflict-free,No Violation,,,Story + Backlog,,No explicit conflict was identified in the available backlog.
ZO-047,Zooniverse,"As a Zooniverse admin, I want to group whale calls that are similar.",Pragmatic,Full sentence,No Violation,,,Story only,,
ZO-047,Zooniverse,"As a Zooniverse admin, I want to group whale calls that are similar.",Pragmatic,Estimatable,No Violation,,,Story + Backlog,,The backlog and the story itself provide sufficient scope for a preliminary estimate.
ZO-047,Zooniverse,"As a Zooniverse admin, I want to group whale calls that are similar.",Pragmatic,Unique,No Violation,,,Story + Backlog,,No substantial duplication was identified in the backlog.
ZO-047,Zooniverse,"As a Zooniverse admin, I want to group whale calls that are similar.",Pragmatic,Uniform,No Violation,,,Story + Backlog,,
ZO-047,Zooniverse,"As a Zooniverse admin, I want to group whale calls that are similar.",Pragmatic,Independent,No Violation,,,Story + Backlog,,No evident unnecessary dependency was identified.
ZO-047,Zooniverse,"As a Zooniverse admin, I want to group whale calls that are similar.",Pragmatic,Complete,No Violation,,,Story + Backlog,,No evident complementary omission was identified in the available backlog.
ZO-048,Zooniverse,"As a Zooniverse admin, I want to identify the number of whales heard in a single audio file.",Syntactic,Well-formed,No Violation,,,Story only,,
ZO-048,Zooniverse,"As a Zooniverse admin, I want to identify the number of whales heard in a single audio file.",Syntactic,Atomic,No Violation,,,Story only,,
ZO-048,Zooniverse,"As a Zooniverse admin, I want to identify the number of whales heard in a single audio file.",Syntactic,Minimal,No Violation,,,Story only,,
ZO-048,Zooniverse,"As a Zooniverse admin, I want to identify the number of whales heard in a single audio file.",Semantic,Conceptually sound,No Violation,,,Story only,,
ZO-048,Zooniverse,"As a Zooniverse admin, I want to identify the number of whales heard in a single audio file.",Semantic,Problem-oriented,No Violation,,,Story only,,Requer consenso sobre o nível aceitável de prescrição de solução.
ZO-048,Zooniverse,"As a Zooniverse admin, I want to identify the number of whales heard in a single audio file.",Semantic,Unambiguous,No Violation,,,Story only,,
ZO-048,Zooniverse,"As a Zooniverse admin, I want to identify the number of whales heard in a single audio file.",Semantic,Conflict-free,No Violation,,,Story + Backlog,,No explicit conflict was identified in the available backlog.
ZO-048,Zooniverse,"As a Zooniverse admin, I want to identify the number of whales heard in a single audio file.",Pragmatic,Full sentence,No Violation,,,Story only,,
ZO-048,Zooniverse,"As a Zooniverse admin, I want to identify the number of whales heard in a single audio file.",Pragmatic,Estimatable,No Violation,,,Story + Backlog,,The backlog and the story itself provide sufficient scope for a preliminary estimate.
ZO-048,Zooniverse,"As a Zooniverse admin, I want to identify the number of whales heard in a single audio file.",Pragmatic,Unique,No Violation,,,Story + Backlog,,No substantial duplication was identified in the backlog.
ZO-048,Zooniverse,"As a Zooniverse admin, I want to identify the number of whales heard in a single audio file.",Pragmatic,Uniform,No Violation,,,Story + Backlog,,
ZO-048,Zooniverse,"As a Zooniverse admin, I want to identify the number of whales heard in a single audio file.",Pragmatic,Independent,No Violation,,,Story + Backlog,,No evident unnecessary dependency was identified.
ZO-048,Zooniverse,"As a Zooniverse admin, I want to identify the number of whales heard in a single audio file.",Pragmatic,Complete,No Violation,,,Story + Backlog,,No evident complementary omission was identified in the available backlog.
ZO-049,Zooniverse,"As a Zooniverse admin, I want to know when I should interrupt a volunteer.",Syntactic,Well-formed,No Violation,,,Story only,,
ZO-049,Zooniverse,"As a Zooniverse admin, I want to know when I should interrupt a volunteer.",Syntactic,Atomic,No Violation,,,Story only,,
ZO-049,Zooniverse,"As a Zooniverse admin, I want to know when I should interrupt a volunteer.",Syntactic,Minimal,No Violation,,,Story only,,
ZO-049,Zooniverse,"As a Zooniverse admin, I want to know when I should interrupt a volunteer.",Semantic,Conceptually sound,No Violation,,,Story only,,
ZO-049,Zooniverse,"As a Zooniverse admin, I want to know when I should interrupt a volunteer.",Semantic,Problem-oriented,No Violation,,,Story only,,Requer consenso sobre o nível aceitável de prescrição de solução.
ZO-049,Zooniverse,"As a Zooniverse admin, I want to know when I should interrupt a volunteer.",Semantic,Unambiguous,No Violation,,,Story only,,
ZO-049,Zooniverse,"As a Zooniverse admin, I want to know when I should interrupt a volunteer.",Semantic,Conflict-free,No Violation,,,Story + Backlog,,No explicit conflict was identified in the available backlog.
ZO-049,Zooniverse,"As a Zooniverse admin, I want to know when I should interrupt a volunteer.",Pragmatic,Full sentence,No Violation,,,Story only,,
ZO-049,Zooniverse,"As a Zooniverse admin, I want to know when I should interrupt a volunteer.",Pragmatic,Estimatable,No Violation,,,Story + Backlog,,The backlog and the story itself provide sufficient scope for a preliminary estimate.
ZO-049,Zooniverse,"As a Zooniverse admin, I want to know when I should interrupt a volunteer.",Pragmatic,Unique,No Violation,,,Story + Backlog,,No substantial duplication was identified in the backlog.
ZO-049,Zooniverse,"As a Zooniverse admin, I want to know when I should interrupt a volunteer.",Pragmatic,Uniform,No Violation,,,Story + Backlog,,
ZO-049,Zooniverse,"As a Zooniverse admin, I want to know when I should interrupt a volunteer.",Pragmatic,Independent,No Violation,,,Story + Backlog,,No evident unnecessary dependency was identified.
ZO-049,Zooniverse,"As a Zooniverse admin, I want to know when I should interrupt a volunteer.",Pragmatic,Complete,No Violation,,,Story + Backlog,,No evident complementary omission was identified in the available backlog.
ZO-050,Zooniverse,"As a Zooniverse admin, I want to know whether I should interrupt a volunteer with text, an image, or a video.",Syntactic,Well-formed,No Violation,,,Story only,,
ZO-050,Zooniverse,"As a Zooniverse admin, I want to know whether I should interrupt a volunteer with text, an image, or a video.",Syntactic,Atomic,No Violation,,,Story only,,
ZO-050,Zooniverse,"As a Zooniverse admin, I want to know whether I should interrupt a volunteer with text, an image, or a video.",Syntactic,Minimal,Violation,"know whether I should interrupt a volunteer with text, an image, or a video","The story incorporates solution, interface, technology, format, field, or constraint details that exceed the minimal description of the stakeholder need.",Story only,,
ZO-050,Zooniverse,"As a Zooniverse admin, I want to know whether I should interrupt a volunteer with text, an image, or a video.",Semantic,Conceptually sound,No Violation,,,Story only,,
ZO-050,Zooniverse,"As a Zooniverse admin, I want to know whether I should interrupt a volunteer with text, an image, or a video.",Semantic,Problem-oriented,Violation,"know whether I should interrupt a volunteer with text, an image, or a video","The story prescribes a mechanism, technology, format, interface element, or concrete solution instead of remaining at the level of the stakeholder need.",Story only,,
ZO-050,Zooniverse,"As a Zooniverse admin, I want to know whether I should interrupt a volunteer with text, an image, or a video.",Semantic,Unambiguous,No Violation,,,Story only,,
ZO-050,Zooniverse,"As a Zooniverse admin, I want to know whether I should interrupt a volunteer with text, an image, or a video.",Semantic,Conflict-free,No Violation,,,Story + Backlog,,No explicit conflict was identified in the available backlog.
ZO-050,Zooniverse,"As a Zooniverse admin, I want to know whether I should interrupt a volunteer with text, an image, or a video.",Pragmatic,Full sentence,No Violation,,,Story only,,
ZO-050,Zooniverse,"As a Zooniverse admin, I want to know whether I should interrupt a volunteer with text, an image, or a video.",Pragmatic,Estimatable,No Violation,,,Story + Backlog,,The backlog and the story itself provide sufficient scope for a preliminary estimate.
ZO-050,Zooniverse,"As a Zooniverse admin, I want to know whether I should interrupt a volunteer with text, an image, or a video.",Pragmatic,Unique,No Violation,,,Story + Backlog,,No substantial duplication was identified in the backlog.
ZO-050,Zooniverse,"As a Zooniverse admin, I want to know whether I should interrupt a volunteer with text, an image, or a video.",Pragmatic,Uniform,No Violation,,,Story + Backlog,,
ZO-050,Zooniverse,"As a Zooniverse admin, I want to know whether I should interrupt a volunteer with text, an image, or a video.",Pragmatic,Independent,No Violation,,,Story + Backlog,ZO-049,
ZO-050,Zooniverse,"As a Zooniverse admin, I want to know whether I should interrupt a volunteer with text, an image, or a video.",Pragmatic,Complete,No Violation,,,Story + Backlog,,No evident complementary omission was identified in the available backlog.
ZO-051,Zooniverse,"As a Zooniverse admin, I want to know when I should educate a volunteer.",Syntactic,Well-formed,No Violation,,,Story only,,
ZO-051,Zooniverse,"As a Zooniverse admin, I want to know when I should educate a volunteer.",Syntactic,Atomic,No Violation,,,Story only,,
ZO-051,Zooniverse,"As a Zooniverse admin, I want to know when I should educate a volunteer.",Syntactic,Minimal,No Violation,,,Story only,,
ZO-051,Zooniverse,"As a Zooniverse admin, I want to know when I should educate a volunteer.",Semantic,Conceptually sound,No Violation,,,Story only,,
ZO-051,Zooniverse,"As a Zooniverse admin, I want to know when I should educate a volunteer.",Semantic,Problem-oriented,No Violation,,,Story only,,Requer consenso sobre o nível aceitável de prescrição de solução.
ZO-051,Zooniverse,"As a Zooniverse admin, I want to know when I should educate a volunteer.",Semantic,Unambiguous,No Violation,,,Story only,,
ZO-051,Zooniverse,"As a Zooniverse admin, I want to know when I should educate a volunteer.",Semantic,Conflict-free,No Violation,,,Story + Backlog,,No explicit conflict was identified in the available backlog.
ZO-051,Zooniverse,"As a Zooniverse admin, I want to know when I should educate a volunteer.",Pragmatic,Full sentence,No Violation,,,Story only,,
ZO-051,Zooniverse,"As a Zooniverse admin, I want to know when I should educate a volunteer.",Pragmatic,Estimatable,No Violation,,,Story + Backlog,,The backlog and the story itself provide sufficient scope for a preliminary estimate.
ZO-051,Zooniverse,"As a Zooniverse admin, I want to know when I should educate a volunteer.",Pragmatic,Unique,No Violation,,,Story + Backlog,,No substantial duplication was identified in the backlog.
ZO-051,Zooniverse,"As a Zooniverse admin, I want to know when I should educate a volunteer.",Pragmatic,Uniform,No Violation,,,Story + Backlog,,
ZO-051,Zooniverse,"As a Zooniverse admin, I want to know when I should educate a volunteer.",Pragmatic,Independent,No Violation,,,Story + Backlog,,No evident unnecessary dependency was identified.
ZO-051,Zooniverse,"As a Zooniverse admin, I want to know when I should educate a volunteer.",Pragmatic,Complete,No Violation,,,Story + Backlog,,No evident complementary omission was identified in the available backlog.
ZO-052,Zooniverse,"As a Zooniverse admin, I want to know whether I should educate a volunteer with text, an image, or a video.",Syntactic,Well-formed,No Violation,,,Story only,,
ZO-052,Zooniverse,"As a Zooniverse admin, I want to know whether I should educate a volunteer with text, an image, or a video.",Syntactic,Atomic,No Violation,,,Story only,,
ZO-052,Zooniverse,"As a Zooniverse admin, I want to know whether I should educate a volunteer with text, an image, or a video.",Syntactic,Minimal,Violation,"know whether I should educate a volunteer with text, an image, or a video","The story incorporates solution, interface, technology, format, field, or constraint details that exceed the minimal description of the stakeholder need.",Story only,,
ZO-052,Zooniverse,"As a Zooniverse admin, I want to know whether I should educate a volunteer with text, an image, or a video.",Semantic,Conceptually sound,No Violation,,,Story only,,
ZO-052,Zooniverse,"As a Zooniverse admin, I want to know whether I should educate a volunteer with text, an image, or a video.",Semantic,Problem-oriented,Violation,"know whether I should educate a volunteer with text, an image, or a video","The story prescribes a mechanism, technology, format, interface element, or concrete solution instead of remaining at the level of the stakeholder need.",Story only,,
ZO-052,Zooniverse,"As a Zooniverse admin, I want to know whether I should educate a volunteer with text, an image, or a video.",Semantic,Unambiguous,No Violation,,,Story only,,
ZO-052,Zooniverse,"As a Zooniverse admin, I want to know whether I should educate a volunteer with text, an image, or a video.",Semantic,Conflict-free,No Violation,,,Story + Backlog,,No explicit conflict was identified in the available backlog.
ZO-052,Zooniverse,"As a Zooniverse admin, I want to know whether I should educate a volunteer with text, an image, or a video.",Pragmatic,Full sentence,No Violation,,,Story only,,
ZO-052,Zooniverse,"As a Zooniverse admin, I want to know whether I should educate a volunteer with text, an image, or a video.",Pragmatic,Estimatable,No Violation,,,Story + Backlog,,The backlog and the story itself provide sufficient scope for a preliminary estimate.
ZO-052,Zooniverse,"As a Zooniverse admin, I want to know whether I should educate a volunteer with text, an image, or a video.",Pragmatic,Unique,No Violation,,,Story + Backlog,,No substantial duplication was identified in the backlog.
ZO-052,Zooniverse,"As a Zooniverse admin, I want to know whether I should educate a volunteer with text, an image, or a video.",Pragmatic,Uniform,No Violation,,,Story + Backlog,,
ZO-052,Zooniverse,"As a Zooniverse admin, I want to know whether I should educate a volunteer with text, an image, or a video.",Pragmatic,Independent,No Violation,,,Story + Backlog,ZO-051,
ZO-052,Zooniverse,"As a Zooniverse admin, I want to know whether I should educate a volunteer with text, an image, or a video.",Pragmatic,Complete,No Violation,,,Story + Backlog,,No evident complementary omission was identified in the available backlog.
ZO-053,Zooniverse,"As a Zooniverse admin,I want to know which piece of education I should give to a volunteer.",Syntactic,Well-formed,No Violation,,,Story only,,
ZO-053,Zooniverse,"As a Zooniverse admin,I want to know which piece of education I should give to a volunteer.",Syntactic,Atomic,No Violation,,,Story only,,
ZO-053,Zooniverse,"As a Zooniverse admin,I want to know which piece of education I should give to a volunteer.",Syntactic,Minimal,No Violation,,,Story only,,
ZO-053,Zooniverse,"As a Zooniverse admin,I want to know which piece of education I should give to a volunteer.",Semantic,Conceptually sound,No Violation,,,Story only,,
ZO-053,Zooniverse,"As a Zooniverse admin,I want to know which piece of education I should give to a volunteer.",Semantic,Problem-oriented,No Violation,,,Story only,,Requer consenso sobre o nível aceitável de prescrição de solução.
ZO-053,Zooniverse,"As a Zooniverse admin,I want to know which piece of education I should give to a volunteer.",Semantic,Unambiguous,Violation,know which piece of education I should give to a volunteer,"The highlighted wording leaves a key term, scope, reference, or expected behavior open to materially different interpretations.",Story only,,
ZO-053,Zooniverse,"As a Zooniverse admin,I want to know which piece of education I should give to a volunteer.",Semantic,Conflict-free,No Violation,,,Story + Backlog,,No explicit conflict was identified in the available backlog.
ZO-053,Zooniverse,"As a Zooniverse admin,I want to know which piece of education I should give to a volunteer.",Pragmatic,Full sentence,No Violation,,,Story only,,
ZO-053,Zooniverse,"As a Zooniverse admin,I want to know which piece of education I should give to a volunteer.",Pragmatic,Estimatable,Violation,know which piece of education I should give to a volunteer,"The highlighted wording leaves relevant scope, expected behavior, or constraints insufficiently defined to support a reliable implementation estimate.",Story + Backlog,,
ZO-053,Zooniverse,"As a Zooniverse admin,I want to know which piece of education I should give to a volunteer.",Pragmatic,Unique,No Violation,,,Story + Backlog,,No substantial duplication was identified in the backlog.
ZO-053,Zooniverse,"As a Zooniverse admin,I want to know which piece of education I should give to a volunteer.",Pragmatic,Uniform,No Violation,,,Story + Backlog,,
ZO-053,Zooniverse,"As a Zooniverse admin,I want to know which piece of education I should give to a volunteer.",Pragmatic,Independent,No Violation,,,Story + Backlog,"ZO-051, ZO-052",
ZO-053,Zooniverse,"As a Zooniverse admin,I want to know which piece of education I should give to a volunteer.",Pragmatic,Complete,No Violation,,,Story + Backlog,,No evident complementary omission was identified in the available backlog.
ZO-054,Zooniverse,"As a Zooniverse admin, I want to know when a volunteer has made an interesting comment on a subject.",Syntactic,Well-formed,No Violation,,,Story only,,
ZO-054,Zooniverse,"As a Zooniverse admin, I want to know when a volunteer has made an interesting comment on a subject.",Syntactic,Atomic,No Violation,,,Story only,,
ZO-054,Zooniverse,"As a Zooniverse admin, I want to know when a volunteer has made an interesting comment on a subject.",Syntactic,Minimal,No Violation,,,Story only,,
ZO-054,Zooniverse,"As a Zooniverse admin, I want to know when a volunteer has made an interesting comment on a subject.",Semantic,Conceptually sound,No Violation,,,Story only,,
ZO-054,Zooniverse,"As a Zooniverse admin, I want to know when a volunteer has made an interesting comment on a subject.",Semantic,Problem-oriented,No Violation,,,Story only,,Requer consenso sobre o nível aceitável de prescrição de solução.
ZO-054,Zooniverse,"As a Zooniverse admin, I want to know when a volunteer has made an interesting comment on a subject.",Semantic,Unambiguous,Violation,know when a volunteer has made an interesting comment on a subject,"The wording contains vague terms, unclear references, alternatives, or abstractions that allow materially different interpretations.",Story only,,
ZO-054,Zooniverse,"As a Zooniverse admin, I want to know when a volunteer has made an interesting comment on a subject.",Semantic,Conflict-free,No Violation,,,Story + Backlog,,No explicit conflict was identified in the available backlog.
ZO-054,Zooniverse,"As a Zooniverse admin, I want to know when a volunteer has made an interesting comment on a subject.",Pragmatic,Full sentence,No Violation,,,Story only,,
ZO-054,Zooniverse,"As a Zooniverse admin, I want to know when a volunteer has made an interesting comment on a subject.",Pragmatic,Estimatable,Violation,know when a volunteer has made an interesting comment on a subject,"The ambiguity or vagueness directly affects the expected scope or behavior, making a reasonable estimate difficult.",Story + Backlog,,
ZO-054,Zooniverse,"As a Zooniverse admin, I want to know when a volunteer has made an interesting comment on a subject.",Pragmatic,Unique,No Violation,,,Story + Backlog,,No substantial duplication was identified in the backlog.
ZO-054,Zooniverse,"As a Zooniverse admin, I want to know when a volunteer has made an interesting comment on a subject.",Pragmatic,Uniform,No Violation,,,Story + Backlog,,
ZO-054,Zooniverse,"As a Zooniverse admin, I want to know when a volunteer has made an interesting comment on a subject.",Pragmatic,Independent,No Violation,,,Story + Backlog,,No evident unnecessary dependency was identified.
ZO-054,Zooniverse,"As a Zooniverse admin, I want to know when a volunteer has made an interesting comment on a subject.",Pragmatic,Complete,No Violation,,,Story + Backlog,,No evident complementary omission was identified in the available backlog.
ZO-055,Zooniverse,"As a Zooniverse admin, I want to know when Zoonibot should comment on a subject.",Syntactic,Well-formed,No Violation,,,Story only,,
ZO-055,Zooniverse,"As a Zooniverse admin, I want to know when Zoonibot should comment on a subject.",Syntactic,Atomic,No Violation,,,Story only,,
ZO-055,Zooniverse,"As a Zooniverse admin, I want to know when Zoonibot should comment on a subject.",Syntactic,Minimal,No Violation,,,Story only,,
ZO-055,Zooniverse,"As a Zooniverse admin, I want to know when Zoonibot should comment on a subject.",Semantic,Conceptually sound,No Violation,,,Story only,,
ZO-055,Zooniverse,"As a Zooniverse admin, I want to know when Zoonibot should comment on a subject.",Semantic,Problem-oriented,No Violation,,,Story only,,Requer consenso sobre o nível aceitável de prescrição de solução.
ZO-055,Zooniverse,"As a Zooniverse admin, I want to know when Zoonibot should comment on a subject.",Semantic,Unambiguous,No Violation,,,Story only,,
ZO-055,Zooniverse,"As a Zooniverse admin, I want to know when Zoonibot should comment on a subject.",Semantic,Conflict-free,No Violation,,,Story + Backlog,,No explicit conflict was identified in the available backlog.
ZO-055,Zooniverse,"As a Zooniverse admin, I want to know when Zoonibot should comment on a subject.",Pragmatic,Full sentence,No Violation,,,Story only,,
ZO-055,Zooniverse,"As a Zooniverse admin, I want to know when Zoonibot should comment on a subject.",Pragmatic,Estimatable,No Violation,,,Story + Backlog,,The backlog and the story itself provide sufficient scope for a preliminary estimate.
ZO-055,Zooniverse,"As a Zooniverse admin, I want to know when Zoonibot should comment on a subject.",Pragmatic,Unique,No Violation,,,Story + Backlog,,No substantial duplication was identified in the backlog.
ZO-055,Zooniverse,"As a Zooniverse admin, I want to know when Zoonibot should comment on a subject.",Pragmatic,Uniform,No Violation,,,Story + Backlog,,
ZO-055,Zooniverse,"As a Zooniverse admin, I want to know when Zoonibot should comment on a subject.",Pragmatic,Independent,No Violation,,,Story + Backlog,ZO-054,
ZO-055,Zooniverse,"As a Zooniverse admin, I want to know when Zoonibot should comment on a subject.",Pragmatic,Complete,No Violation,,,Story + Backlog,,No evident complementary omission was identified in the available backlog.
ZO-056,Zooniverse,"As a Zooniverse admin, I want to know when Zoonibot should give an explanation.",Syntactic,Well-formed,No Violation,,,Story only,,
ZO-056,Zooniverse,"As a Zooniverse admin, I want to know when Zoonibot should give an explanation.",Syntactic,Atomic,No Violation,,,Story only,,
ZO-056,Zooniverse,"As a Zooniverse admin, I want to know when Zoonibot should give an explanation.",Syntactic,Minimal,No Violation,,,Story only,,
ZO-056,Zooniverse,"As a Zooniverse admin, I want to know when Zoonibot should give an explanation.",Semantic,Conceptually sound,No Violation,,,Story only,,
ZO-056,Zooniverse,"As a Zooniverse admin, I want to know when Zoonibot should give an explanation.",Semantic,Problem-oriented,No Violation,,,Story only,,Requer consenso sobre o nível aceitável de prescrição de solução.
ZO-056,Zooniverse,"As a Zooniverse admin, I want to know when Zoonibot should give an explanation.",Semantic,Unambiguous,No Violation,,,Story only,,
ZO-056,Zooniverse,"As a Zooniverse admin, I want to know when Zoonibot should give an explanation.",Semantic,Conflict-free,No Violation,,,Story + Backlog,,No explicit conflict was identified in the available backlog.
ZO-056,Zooniverse,"As a Zooniverse admin, I want to know when Zoonibot should give an explanation.",Pragmatic,Full sentence,No Violation,,,Story only,,
ZO-056,Zooniverse,"As a Zooniverse admin, I want to know when Zoonibot should give an explanation.",Pragmatic,Estimatable,No Violation,,,Story + Backlog,,The backlog and the story itself provide sufficient scope for a preliminary estimate.
ZO-056,Zooniverse,"As a Zooniverse admin, I want to know when Zoonibot should give an explanation.",Pragmatic,Unique,No Violation,,,Story + Backlog,,No substantial duplication was identified in the backlog.
ZO-056,Zooniverse,"As a Zooniverse admin, I want to know when Zoonibot should give an explanation.",Pragmatic,Uniform,No Violation,,,Story + Backlog,,
ZO-056,Zooniverse,"As a Zooniverse admin, I want to know when Zoonibot should give an explanation.",Pragmatic,Independent,No Violation,,,Story + Backlog,ZO-055,
ZO-056,Zooniverse,"As a Zooniverse admin, I want to know when Zoonibot should give an explanation.",Pragmatic,Complete,No Violation,,,Story + Backlog,,No evident complementary omission was identified in the available backlog.
ZO-057,Zooniverse,"As a Zooniverse admin, I want to know what Zoonibot should say to a volunteer.",Syntactic,Well-formed,No Violation,,,Story only,,
ZO-057,Zooniverse,"As a Zooniverse admin, I want to know what Zoonibot should say to a volunteer.",Syntactic,Atomic,No Violation,,,Story only,,
ZO-057,Zooniverse,"As a Zooniverse admin, I want to know what Zoonibot should say to a volunteer.",Syntactic,Minimal,No Violation,,,Story only,,
ZO-057,Zooniverse,"As a Zooniverse admin, I want to know what Zoonibot should say to a volunteer.",Semantic,Conceptually sound,No Violation,,,Story only,,
ZO-057,Zooniverse,"As a Zooniverse admin, I want to know what Zoonibot should say to a volunteer.",Semantic,Problem-oriented,No Violation,,,Story only,,Requer consenso sobre o nível aceitável de prescrição de solução.
ZO-057,Zooniverse,"As a Zooniverse admin, I want to know what Zoonibot should say to a volunteer.",Semantic,Unambiguous,Violation,know what Zoonibot should say to a volunteer,"The highlighted wording leaves a key term, scope, reference, or expected behavior open to materially different interpretations.",Story only,,
ZO-057,Zooniverse,"As a Zooniverse admin, I want to know what Zoonibot should say to a volunteer.",Semantic,Conflict-free,No Violation,,,Story + Backlog,,No explicit conflict was identified in the available backlog.
ZO-057,Zooniverse,"As a Zooniverse admin, I want to know what Zoonibot should say to a volunteer.",Pragmatic,Full sentence,No Violation,,,Story only,,
ZO-057,Zooniverse,"As a Zooniverse admin, I want to know what Zoonibot should say to a volunteer.",Pragmatic,Estimatable,Violation,know what Zoonibot should say to a volunteer,"The highlighted wording leaves relevant scope, expected behavior, or constraints insufficiently defined to support a reliable implementation estimate.",Story + Backlog,,
ZO-057,Zooniverse,"As a Zooniverse admin, I want to know what Zoonibot should say to a volunteer.",Pragmatic,Unique,No Violation,,,Story + Backlog,,No substantial duplication was identified in the backlog.
ZO-057,Zooniverse,"As a Zooniverse admin, I want to know what Zoonibot should say to a volunteer.",Pragmatic,Uniform,No Violation,,,Story + Backlog,,
ZO-057,Zooniverse,"As a Zooniverse admin, I want to know what Zoonibot should say to a volunteer.",Pragmatic,Independent,No Violation,,,Story + Backlog,"ZO-055, ZO-056",
ZO-057,Zooniverse,"As a Zooniverse admin, I want to know what Zoonibot should say to a volunteer.",Pragmatic,Complete,No Violation,,,Story + Backlog,,No evident complementary omission was identified in the available backlog.
ZO-058,Zooniverse,"As a Zooniverse admin, I want to group subjects by similarity.",Syntactic,Well-formed,No Violation,,,Story only,,
ZO-058,Zooniverse,"As a Zooniverse admin, I want to group subjects by similarity.",Syntactic,Atomic,No Violation,,,Story only,,
ZO-058,Zooniverse,"As a Zooniverse admin, I want to group subjects by similarity.",Syntactic,Minimal,No Violation,,,Story only,,
ZO-058,Zooniverse,"As a Zooniverse admin, I want to group subjects by similarity.",Semantic,Conceptually sound,No Violation,,,Story only,,
ZO-058,Zooniverse,"As a Zooniverse admin, I want to group subjects by similarity.",Semantic,Problem-oriented,No Violation,,,Story only,,Requer consenso sobre o nível aceitável de prescrição de solução.
ZO-058,Zooniverse,"As a Zooniverse admin, I want to group subjects by similarity.",Semantic,Unambiguous,No Violation,,,Story only,,
ZO-058,Zooniverse,"As a Zooniverse admin, I want to group subjects by similarity.",Semantic,Conflict-free,No Violation,,,Story + Backlog,,No explicit conflict was identified in the available backlog.
ZO-058,Zooniverse,"As a Zooniverse admin, I want to group subjects by similarity.",Pragmatic,Full sentence,No Violation,,,Story only,,
ZO-058,Zooniverse,"As a Zooniverse admin, I want to group subjects by similarity.",Pragmatic,Estimatable,No Violation,,,Story + Backlog,,The backlog and the story itself provide sufficient scope for a preliminary estimate.
ZO-058,Zooniverse,"As a Zooniverse admin, I want to group subjects by similarity.",Pragmatic,Unique,No Violation,,,Story + Backlog,,No substantial duplication was identified in the backlog.
ZO-058,Zooniverse,"As a Zooniverse admin, I want to group subjects by similarity.",Pragmatic,Uniform,No Violation,,,Story + Backlog,,
ZO-058,Zooniverse,"As a Zooniverse admin, I want to group subjects by similarity.",Pragmatic,Independent,No Violation,,,Story + Backlog,,No evident unnecessary dependency was identified.
ZO-058,Zooniverse,"As a Zooniverse admin, I want to group subjects by similarity.",Pragmatic,Complete,No Violation,,,Story + Backlog,,No evident complementary omission was identified in the available backlog.
ZO-059,Zooniverse,"As a Zooniverse admin, I want to recommend different projects to volunteers based on their previous experiences.",Syntactic,Well-formed,No Violation,,,Story only,,
ZO-059,Zooniverse,"As a Zooniverse admin, I want to recommend different projects to volunteers based on their previous experiences.",Syntactic,Atomic,No Violation,,,Story only,,
ZO-059,Zooniverse,"As a Zooniverse admin, I want to recommend different projects to volunteers based on their previous experiences.",Syntactic,Minimal,Violation,recommend different projects to volunteers based on their previous experiences,"The story embeds additional implementation, interface, field, constraint, or workflow detail beyond the minimal role–means–optional end structure.",Story only,,Revisar durante a calibração do critério Minimal.
ZO-059,Zooniverse,"As a Zooniverse admin, I want to recommend different projects to volunteers based on their previous experiences.",Semantic,Conceptually sound,No Violation,,,Story only,,
ZO-059,Zooniverse,"As a Zooniverse admin, I want to recommend different projects to volunteers based on their previous experiences.",Semantic,Problem-oriented,Violation,recommend different projects to volunteers based on their previous experiences,"The story prescribes a mechanism, technology, format, interface element, or concrete solution instead of remaining at the level of the stakeholder need.",Story only,,
ZO-059,Zooniverse,"As a Zooniverse admin, I want to recommend different projects to volunteers based on their previous experiences.",Semantic,Unambiguous,No Violation,,,Story only,,
ZO-059,Zooniverse,"As a Zooniverse admin, I want to recommend different projects to volunteers based on their previous experiences.",Semantic,Conflict-free,No Violation,,,Story + Backlog,,No explicit conflict was identified in the available backlog.
ZO-059,Zooniverse,"As a Zooniverse admin, I want to recommend different projects to volunteers based on their previous experiences.",Pragmatic,Full sentence,No Violation,,,Story only,,
ZO-059,Zooniverse,"As a Zooniverse admin, I want to recommend different projects to volunteers based on their previous experiences.",Pragmatic,Estimatable,No Violation,,,Story + Backlog,,The backlog and the story itself provide sufficient scope for a preliminary estimate.
ZO-059,Zooniverse,"As a Zooniverse admin, I want to recommend different projects to volunteers based on their previous experiences.",Pragmatic,Unique,No Violation,,,Story + Backlog,,No substantial duplication was identified in the backlog.
ZO-059,Zooniverse,"As a Zooniverse admin, I want to recommend different projects to volunteers based on their previous experiences.",Pragmatic,Uniform,No Violation,,,Story + Backlog,,
ZO-059,Zooniverse,"As a Zooniverse admin, I want to recommend different projects to volunteers based on their previous experiences.",Pragmatic,Independent,No Violation,,,Story + Backlog,,No evident unnecessary dependency was identified.
ZO-059,Zooniverse,"As a Zooniverse admin, I want to recommend different projects to volunteers based on their previous experiences.",Pragmatic,Complete,No Violation,,,Story + Backlog,,No evident complementary omission was identified in the available backlog.
ZO-060,Zooniverse,"As an admin, I want to see a summary of articles, so that I reuse them.",Syntactic,Well-formed,No Violation,,,Story only,,
ZO-060,Zooniverse,"As an admin, I want to see a summary of articles, so that I reuse them.",Syntactic,Atomic,No Violation,,,Story only,,
ZO-060,Zooniverse,"As an admin, I want to see a summary of articles, so that I reuse them.",Syntactic,Minimal,No Violation,,,Story only,,
ZO-060,Zooniverse,"As an admin, I want to see a summary of articles, so that I reuse them.",Semantic,Conceptually sound,No Violation,,,Story only,,
ZO-060,Zooniverse,"As an admin, I want to see a summary of articles, so that I reuse them.",Semantic,Problem-oriented,No Violation,,,Story only,,Requer consenso sobre o nível aceitável de prescrição de solução.
ZO-060,Zooniverse,"As an admin, I want to see a summary of articles, so that I reuse them.",Semantic,Unambiguous,Violation,see a summary of articles,"The highlighted wording leaves a key term, scope, reference, or expected behavior open to materially different interpretations.",Story only,,
ZO-060,Zooniverse,"As an admin, I want to see a summary of articles, so that I reuse them.",Semantic,Conflict-free,No Violation,,,Story + Backlog,,No explicit conflict was identified in the available backlog.
ZO-060,Zooniverse,"As an admin, I want to see a summary of articles, so that I reuse them.",Pragmatic,Full sentence,No Violation,,,Story only,,
ZO-060,Zooniverse,"As an admin, I want to see a summary of articles, so that I reuse them.",Pragmatic,Estimatable,Violation,see a summary of articles,"The highlighted wording leaves relevant scope, expected behavior, or constraints insufficiently defined to support a reliable implementation estimate.",Story + Backlog,,
ZO-060,Zooniverse,"As an admin, I want to see a summary of articles, so that I reuse them.",Pragmatic,Unique,No Violation,,,Story + Backlog,,No substantial duplication was identified in the backlog.
ZO-060,Zooniverse,"As an admin, I want to see a summary of articles, so that I reuse them.",Pragmatic,Uniform,Violation,"As an admin, I want to see a summary of articles, so that I reuse them.","The story uses a structure different from the dominant Zooniverse backlog pattern, in which the vast majority of stories do not include a benefit clause.",Story + Backlog,,57 of 60 backlog stories predominantly use the role + means structure.
ZO-060,Zooniverse,"As an admin, I want to see a summary of articles, so that I reuse them.",Pragmatic,Independent,No Violation,,,Story + Backlog,,No evident unnecessary dependency was identified.
ZO-060,Zooniverse,"As an admin, I want to see a summary of articles, so that I reuse them.",Pragmatic,Complete,No Violation,,,Story + Backlog,,A decisão deve ser confirmada com conhecimento do escopo do produto.
